[2025-10-29 10:54:50] production.ERROR: Call to undefined function str_slug() {"exception":"[object] (Error(code: 0): Call to undefined function str_slug() at C:\\Users\\DELL\\Downloads\\MARKOUB PROJECT\\MARKOUB\\backend\\config\\database.php:122)
[stacktrace]
#0 C:\\Users\\DELL\\Downloads\\MARKOUB PROJECT\\MARKOUB\\backend\\vendor\\laravel\\framework\\src\\Illuminate\\Foundation\\Bootstrap\\LoadConfiguration.php(97): require()
#1 C:\\Users\\DELL\\Downloads\\MARKOUB PROJECT\\MARKOUB\\backend\\vendor\\laravel\\framework\\src\\Illuminate\\Foundation\\Bootstrap\\LoadConfiguration.php(97): Illuminate\\Foundation\\Bootstrap\\LoadConfiguration->Illuminate\\Foundation\\Bootstrap\\{closure}()
#2 C:\\Users\\DELL\\Downloads\\MARKOUB PROJECT\\MARKOUB\\backend\\vendor\\laravel\\framework\\src\\Illuminate\\Foundation\\Bootstrap\\LoadConfiguration.php(78): Illuminate\\Foundation\\Bootstrap\\LoadConfiguration->loadConfigurationFile(Object(Illuminate\\Config\\Repository), 'database', 'C:\\\\Users\\\\DELL\\\\D...', Array)
#3 C:\\Users\\DELL\\Downloads\\MARKOUB PROJECT\\MARKOUB\\backend\\vendor\\laravel\\framework\\src\\Illuminate\\Foundation\\Bootstrap\\LoadConfiguration.php(39): Illuminate\\Foundation\\Bootstrap\\LoadConfiguration->loadConfigurationFiles(Object(Illuminate\\Foundation\\Application), Object(Illuminate\\Config\\Repository))
#4 C:\\Users\\DELL\\Downloads\\MARKOUB PROJECT\\MARKOUB\\backend\\vendor\\laravel\\framework\\src\\Illuminate\\Foundation\\Application.php(342): Illuminate\\Foundation\\Bootstrap\\LoadConfiguration->bootstrap(Object(Illuminate\\Foundation\\Application))
#5 C:\\Users\\DELL\\Downloads\\MARKOUB PROJECT\\MARKOUB\\backend\\vendor\\laravel\\framework\\src\\Illuminate\\Foundation\\Console\\Kernel.php(474): Illuminate\\Foundation\\Application->bootstrapWith(Array)
#6 C:\\Users\\DELL\\Downloads\\MARKOUB PROJECT\\MARKOUB\\backend\\vendor\\laravel\\framework\\src\\Illuminate\\Foundation\\Console\\Kernel.php(196): Illuminate\\Foundation\\Console\\Kernel->bootstrap()
#7 C:\\Users\\DELL\\Downloads\\MARKOUB PROJECT\\MARKOUB\\backend\\artisan(14): Illuminate\\Foundation\\Console\\Kernel->handle(Object(Symfony\\Component\\Console\\Input\\ArgvInput), Object(Symfony\\Component\\Console\\Output\\ConsoleOutput))
#8 {main}
"} 
[2025-10-29 10:55:07] local.ERROR: The C:\Users\DELL\Downloads\MARKOUB PROJECT\MARKOUB\backend\bootstrap\cache directory must be present and writable. {"exception":"[object] (Exception(code: 0): The C:\\Users\\DELL\\Downloads\\MARKOUB PROJECT\\MARKOUB\\backend\\bootstrap\\cache directory must be present and writable. at C:\\Users\\DELL\\Downloads\\MARKOUB PROJECT\\MARKOUB\\backend\\vendor\\laravel\\framework\\src\\Illuminate\\Foundation\\PackageManifest.php:179)
[stacktrace]
#0 C:\\Users\\DELL\\Downloads\\MARKOUB PROJECT\\MARKOUB\\backend\\vendor\\laravel\\framework\\src\\Illuminate\\Foundation\\PackageManifest.php(132): Illuminate\\Foundation\\PackageManifest->write(Array)
#1 C:\\Users\\DELL\\Downloads\\MARKOUB PROJECT\\MARKOUB\\backend\\vendor\\laravel\\framework\\src\\Illuminate\\Foundation\\PackageManifest.php(108): Illuminate\\Foundation\\PackageManifest->build()
#2 C:\\Users\\DELL\\Downloads\\MARKOUB PROJECT\\MARKOUB\\backend\\vendor\\laravel\\framework\\src\\Illuminate\\Foundation\\PackageManifest.php(91): Illuminate\\Foundation\\PackageManifest->getManifest()
#3 C:\\Users\\DELL\\Downloads\\MARKOUB PROJECT\\MARKOUB\\backend\\vendor\\laravel\\framework\\src\\Illuminate\\Foundation\\PackageManifest.php(80): Illuminate\\Foundation\\PackageManifest->config('aliases')
#4 C:\\Users\\DELL\\Downloads\\MARKOUB PROJECT\\MARKOUB\\backend\\vendor\\laravel\\framework\\src\\Illuminate\\Foundation\\Bootstrap\\RegisterFacades.php(26): Illuminate\\Foundation\\PackageManifest->aliases()
#5 C:\\Users\\DELL\\Downloads\\MARKOUB PROJECT\\MARKOUB\\backend\\vendor\\laravel\\framework\\src\\Illuminate\\Foundation\\Application.php(342): Illuminate\\Foundation\\Bootstrap\\RegisterFacades->bootstrap(Object(Illuminate\\Foundation\\Application))
#6 C:\\Users\\DELL\\Downloads\\MARKOUB PROJECT\\MARKOUB\\backend\\vendor\\laravel\\framework\\src\\Illuminate\\Foundation\\Console\\Kernel.php(474): Illuminate\\Foundation\\Application->bootstrapWith(Array)
#7 C:\\Users\\DELL\\Downloads\\MARKOUB PROJECT\\MARKOUB\\backend\\vendor\\laravel\\framework\\src\\Illuminate\\Foundation\\Console\\Kernel.php(196): Illuminate\\Foundation\\Console\\Kernel->bootstrap()
#8 C:\\Users\\DELL\\Downloads\\MARKOUB PROJECT\\MARKOUB\\backend\\artisan(14): Illuminate\\Foundation\\Console\\Kernel->handle(Object(Symfony\\Component\\Console\\Input\\ArgvInput), Object(Symfony\\Component\\Console\\Output\\ConsoleOutput))
#9 {main}
"} 
[2025-10-29 11:05:56] local.ERROR: SQLSTATE[HY000] [1045] Access denied for user 'root'@'localhost' (using password: NO) (Connection: mysql, SQL: select exists (select 1 from information_schema.tables where table_schema = 'markoub_db' and table_name = 'migrations' and table_type in ('BASE TABLE', 'SYSTEM VERSIONED')) as `exists`) {"exception":"[object] (Illuminate\\Database\\QueryException(code: 1045): SQLSTATE[HY000] [1045] Access denied for user 'root'@'localhost' (using password: NO) (Connection: mysql, SQL: select exists (select 1 from information_schema.tables where table_schema = 'markoub_db' and table_name = 'migrations' and table_type in ('BASE TABLE', 'SYSTEM VERSIONED')) as `exists`) at C:\\Users\\DELL\\Downloads\\MARKOUB PROJECT\\MARKOUB\\backend\\vendor\\laravel\\framework\\src\\Illuminate\\Database\\Connection.php:825)
[stacktrace]
#0 C:\\Users\\DELL\\Downloads\\MARKOUB PROJECT\\MARKOUB\\backend\\vendor\\laravel\\framework\\src\\Illuminate\\Database\\Connection.php(779): Illuminate\\Database\\Connection->runQueryCallback('select exists (...', Array, Object(Closure))
#1 C:\\Users\\DELL\\Downloads\\MARKOUB PROJECT\\MARKOUB\\backend\\vendor\\laravel\\framework\\src\\Illuminate\\Database\\Connection.php(398): Illuminate\\Database\\Connection->run('select exists (...', Array, Object(Closure))
#2 C:\\Users\\DELL\\Downloads\\MARKOUB PROJECT\\MARKOUB\\backend\\vendor\\laravel\\framework\\src\\Illuminate\\Database\\Connection.php(344): Illuminate\\Database\\Connection->select('select exists (...', Array, true)
#3 C:\\Users\\DELL\\Downloads\\MARKOUB PROJECT\\MARKOUB\\backend\\vendor\\laravel\\framework\\src\\Illuminate\\Database\\Connection.php(361): Illuminate\\Database\\Connection->selectOne('select exists (...', Array, true)
#4 C:\\Users\\DELL\\Downloads\\MARKOUB PROJECT\\MARKOUB\\backend\\vendor\\laravel\\framework\\src\\Illuminate\\Database\\Schema\\MySqlBuilder.php(45): Illuminate\\Database\\Connection->scalar('select exists (...')
#5 C:\\Users\\DELL\\Downloads\\MARKOUB PROJECT\\MARKOUB\\backend\\vendor\\laravel\\framework\\src\\Illuminate\\Database\\Migrations\\DatabaseMigrationRepository.php(184): Illuminate\\Database\\Schema\\MySqlBuilder->hasTable('migrations')
#6 C:\\Users\\DELL\\Downloads\\MARKOUB PROJECT\\MARKOUB\\backend\\vendor\\laravel\\framework\\src\\Illuminate\\Database\\Migrations\\Migrator.php(742): Illuminate\\Database\\Migrations\\DatabaseMigrationRepository->repositoryExists()
#7 C:\\Users\\DELL\\Downloads\\MARKOUB PROJECT\\MARKOUB\\backend\\vendor\\laravel\\framework\\src\\Illuminate\\Database\\Console\\Migrations\\MigrateCommand.php(165): Illuminate\\Database\\Migrations\\Migrator->repositoryExists()
#8 C:\\Users\\DELL\\Downloads\\MARKOUB PROJECT\\MARKOUB\\backend\\vendor\\laravel\\framework\\src\\Illuminate\\Support\\helpers.php(338): Illuminate\\Database\\Console\\Migrations\\MigrateCommand->Illuminate\\Database\\Console\\Migrations\\{closure}(1)
#9 C:\\Users\\DELL\\Downloads\\MARKOUB PROJECT\\MARKOUB\\backend\\vendor\\laravel\\framework\\src\\Illuminate\\Database\\Console\\Migrations\\MigrateCommand.php(165): retry(1, Object(Closure), 0, Object(Closure))
#10 C:\\Users\\DELL\\Downloads\\MARKOUB PROJECT\\MARKOUB\\backend\\vendor\\laravel\\framework\\src\\Illuminate\\Database\\Console\\Migrations\\MigrateCommand.php(141): Illuminate\\Database\\Console\\Migrations\\MigrateCommand->repositoryExists()
#11 C:\\Users\\DELL\\Downloads\\MARKOUB PROJECT\\MARKOUB\\backend\\vendor\\laravel\\framework\\src\\Illuminate\\Database\\Console\\Migrations\\MigrateCommand.php(111): Illuminate\\Database\\Console\\Migrations\\MigrateCommand->prepareDatabase()
#12 C:\\Users\\DELL\\Downloads\\MARKOUB PROJECT\\MARKOUB\\backend\\vendor\\laravel\\framework\\src\\Illuminate\\Database\\Migrations\\Migrator.php(658): Illuminate\\Database\\Console\\Migrations\\MigrateCommand->Illuminate\\Database\\Console\\Migrations\\{closure}()
#13 C:\\Users\\DELL\\Downloads\\MARKOUB PROJECT\\MARKOUB\\backend\\vendor\\laravel\\framework\\src\\Illuminate\\Database\\Console\\Migrations\\MigrateCommand.php(110): Illuminate\\Database\\Migrations\\Migrator->usingConnection(NULL, Object(Closure))
#14 C:\\Users\\DELL\\Downloads\\MARKOUB PROJECT\\MARKOUB\\backend\\vendor\\laravel\\framework\\src\\Illuminate\\Database\\Console\\Migrations\\MigrateCommand.php(89): Illuminate\\Database\\Console\\Migrations\\MigrateCommand->runMigrations()
#15 C:\\Users\\DELL\\Downloads\\MARKOUB PROJECT\\MARKOUB\\backend\\vendor\\laravel\\framework\\src\\Illuminate\\Container\\BoundMethod.php(36): Illuminate\\Database\\Console\\Migrations\\MigrateCommand->handle()
#16 C:\\Users\\DELL\\Downloads\\MARKOUB PROJECT\\MARKOUB\\backend\\vendor\\laravel\\framework\\src\\Illuminate\\Container\\Util.php(43): Illuminate\\Container\\BoundMethod::Illuminate\\Container\\{closure}()
#17 C:\\Users\\DELL\\Downloads\\MARKOUB PROJECT\\MARKOUB\\backend\\vendor\\laravel\\framework\\src\\Illuminate\\Container\\BoundMethod.php(95): Illuminate\\Container\\Util::unwrapIfClosure(Object(Closure))
#18 C:\\Users\\DELL\\Downloads\\MARKOUB PROJECT\\MARKOUB\\backend\\vendor\\laravel\\framework\\src\\Illuminate\\Container\\BoundMethod.php(35): Illuminate\\Container\\BoundMethod::callBoundMethod(Object(Illuminate\\Foundation\\Application), Array, Object(Closure))
#19 C:\\Users\\DELL\\Downloads\\MARKOUB PROJECT\\MARKOUB\\backend\\vendor\\laravel\\framework\\src\\Illuminate\\Container\\Container.php(696): Illuminate\\Container\\BoundMethod::call(Object(Illuminate\\Foundation\\Application), Array, Array, NULL)
#20 C:\\Users\\DELL\\Downloads\\MARKOUB PROJECT\\MARKOUB\\backend\\vendor\\laravel\\framework\\src\\Illuminate\\Console\\Command.php(213): Illuminate\\Container\\Container->call(Array)
#21 C:\\Users\\DELL\\Downloads\\MARKOUB PROJECT\\MARKOUB\\backend\\vendor\\symfony\\console\\Command\\Command.php(318): Illuminate\\Console\\Command->execute(Object(Symfony\\Component\\Console\\Input\\ArgvInput), Object(Illuminate\\Console\\OutputStyle))
#22 C:\\Users\\DELL\\Downloads\\MARKOUB PROJECT\\MARKOUB\\backend\\vendor\\laravel\\framework\\src\\Illuminate\\Console\\Command.php(182): Symfony\\Component\\Console\\Command\\Command->run(Object(Symfony\\Component\\Console\\Input\\ArgvInput), Object(Illuminate\\Console\\OutputStyle))
#23 C:\\Users\\DELL\\Downloads\\MARKOUB PROJECT\\MARKOUB\\backend\\vendor\\symfony\\console\\Application.php(1073): Illuminate\\Console\\Command->run(Object(Symfony\\Component\\Console\\Input\\ArgvInput), Object(Symfony\\Component\\Console\\Output\\ConsoleOutput))
#24 C:\\Users\\DELL\\Downloads\\MARKOUB PROJECT\\MARKOUB\\backend\\vendor\\symfony\\console\\Application.php(356): Symfony\\Component\\Console\\Application->doRunCommand(Object(Illuminate\\Database\\Console\\Migrations\\MigrateCommand), Object(Symfony\\Component\\Console\\Input\\ArgvInput), Object(Symfony\\Component\\Console\\Output\\ConsoleOutput))
#25 C:\\Users\\DELL\\Downloads\\MARKOUB PROJECT\\MARKOUB\\backend\\vendor\\symfony\\console\\Application.php(195): Symfony\\Component\\Console\\Application->doRun(Object(Symfony\\Component\\Console\\Input\\ArgvInput), Object(Symfony\\Component\\Console\\Output\\ConsoleOutput))
#26 C:\\Users\\DELL\\Downloads\\MARKOUB PROJECT\\MARKOUB\\backend\\vendor\\laravel\\framework\\src\\Illuminate\\Foundation\\Console\\Kernel.php(198): Symfony\\Component\\Console\\Application->run(Object(Symfony\\Component\\Console\\Input\\ArgvInput), Object(Symfony\\Component\\Console\\Output\\ConsoleOutput))
#27 C:\\Users\\DELL\\Downloads\\MARKOUB PROJECT\\MARKOUB\\backend\\artisan(14): Illuminate\\Foundation\\Console\\Kernel->handle(Object(Symfony\\Component\\Console\\Input\\ArgvInput), Object(Symfony\\Component\\Console\\Output\\ConsoleOutput))
#28 {main}

[previous exception] [object] (PDOException(code: 1045): SQLSTATE[HY000] [1045] Access denied for user 'root'@'localhost' (using password: NO) at C:\\Users\\DELL\\Downloads\\MARKOUB PROJECT\\MARKOUB\\backend\\vendor\\laravel\\framework\\src\\Illuminate\\Database\\Connectors\\Connector.php:66)
[stacktrace]
#0 C:\\Users\\DELL\\Downloads\\MARKOUB PROJECT\\MARKOUB\\backend\\vendor\\laravel\\framework\\src\\Illuminate\\Database\\Connectors\\Connector.php(66): PDO->__construct('mysql:host=127....', 'root', Object(SensitiveParameterValue), Array)
#1 C:\\Users\\DELL\\Downloads\\MARKOUB PROJECT\\MARKOUB\\backend\\vendor\\laravel\\framework\\src\\Illuminate\\Database\\Connectors\\Connector.php(44): Illuminate\\Database\\Connectors\\Connector->createPdoConnection('mysql:host=127....', 'root', Object(SensitiveParameterValue), Array)
#2 C:\\Users\\DELL\\Downloads\\MARKOUB PROJECT\\MARKOUB\\backend\\vendor\\laravel\\framework\\src\\Illuminate\\Database\\Connectors\\MySqlConnector.php(24): Illuminate\\Database\\Connectors\\Connector->createConnection('mysql:host=127....', Array, Array)
#3 C:\\Users\\DELL\\Downloads\\MARKOUB PROJECT\\MARKOUB\\backend\\vendor\\laravel\\framework\\src\\Illuminate\\Database\\Connectors\\ConnectionFactory.php(185): Illuminate\\Database\\Connectors\\MySqlConnector->connect(Array)
#4 [internal function]: Illuminate\\Database\\Connectors\\ConnectionFactory->Illuminate\\Database\\Connectors\\{closure}()
#5 C:\\Users\\DELL\\Downloads\\MARKOUB PROJECT\\MARKOUB\\backend\\vendor\\laravel\\framework\\src\\Illuminate\\Database\\Connection.php(1231): call_user_func(Object(Closure))
#6 C:\\Users\\DELL\\Downloads\\MARKOUB PROJECT\\MARKOUB\\backend\\vendor\\laravel\\framework\\src\\Illuminate\\Database\\Connection.php(1267): Illuminate\\Database\\Connection->getPdo()
#7 C:\\Users\\DELL\\Downloads\\MARKOUB PROJECT\\MARKOUB\\backend\\vendor\\laravel\\framework\\src\\Illuminate\\Database\\Connection.php(512): Illuminate\\Database\\Connection->getReadPdo()
#8 C:\\Users\\DELL\\Downloads\\MARKOUB PROJECT\\MARKOUB\\backend\\vendor\\laravel\\framework\\src\\Illuminate\\Database\\Connection.php(407): Illuminate\\Database\\Connection->getPdoForSelect(true)
#9 C:\\Users\\DELL\\Downloads\\MARKOUB PROJECT\\MARKOUB\\backend\\vendor\\laravel\\framework\\src\\Illuminate\\Database\\Connection.php(812): Illuminate\\Database\\Connection->Illuminate\\Database\\{closure}('select exists (...', Array)
#10 C:\\Users\\DELL\\Downloads\\MARKOUB PROJECT\\MARKOUB\\backend\\vendor\\laravel\\framework\\src\\Illuminate\\Database\\Connection.php(779): Illuminate\\Database\\Connection->runQueryCallback('select exists (...', Array, Object(Closure))
#11 C:\\Users\\DELL\\Downloads\\MARKOUB PROJECT\\MARKOUB\\backend\\vendor\\laravel\\framework\\src\\Illuminate\\Database\\Connection.php(398): Illuminate\\Database\\Connection->run('select exists (...', Array, Object(Closure))
#12 C:\\Users\\DELL\\Downloads\\MARKOUB PROJECT\\MARKOUB\\backend\\vendor\\laravel\\framework\\src\\Illuminate\\Database\\Connection.php(344): Illuminate\\Database\\Connection->select('select exists (...', Array, true)
#13 C:\\Users\\DELL\\Downloads\\MARKOUB PROJECT\\MARKOUB\\backend\\vendor\\laravel\\framework\\src\\Illuminate\\Database\\Connection.php(361): Illuminate\\Database\\Connection->selectOne('select exists (...', Array, true)
#14 C:\\Users\\DELL\\Downloads\\MARKOUB PROJECT\\MARKOUB\\backend\\vendor\\laravel\\framework\\src\\Illuminate\\Database\\Schema\\MySqlBuilder.php(45): Illuminate\\Database\\Connection->scalar('select exists (...')
#15 C:\\Users\\DELL\\Downloads\\MARKOUB PROJECT\\MARKOUB\\backend\\vendor\\laravel\\framework\\src\\Illuminate\\Database\\Migrations\\DatabaseMigrationRepository.php(184): Illuminate\\Database\\Schema\\MySqlBuilder->hasTable('migrations')
#16 C:\\Users\\DELL\\Downloads\\MARKOUB PROJECT\\MARKOUB\\backend\\vendor\\laravel\\framework\\src\\Illuminate\\Database\\Migrations\\Migrator.php(742): Illuminate\\Database\\Migrations\\DatabaseMigrationRepository->repositoryExists()
#17 C:\\Users\\DELL\\Downloads\\MARKOUB PROJECT\\MARKOUB\\backend\\vendor\\laravel\\framework\\src\\Illuminate\\Database\\Console\\Migrations\\MigrateCommand.php(165): Illuminate\\Database\\Migrations\\Migrator->repositoryExists()
#18 C:\\Users\\DELL\\Downloads\\MARKOUB PROJECT\\MARKOUB\\backend\\vendor\\laravel\\framework\\src\\Illuminate\\Support\\helpers.php(338): Illuminate\\Database\\Console\\Migrations\\MigrateCommand->Illuminate\\Database\\Console\\Migrations\\{closure}(1)
#19 C:\\Users\\DELL\\Downloads\\MARKOUB PROJECT\\MARKOUB\\backend\\vendor\\laravel\\framework\\src\\Illuminate\\Database\\Console\\Migrations\\MigrateCommand.php(165): retry(1, Object(Closure), 0, Object(Closure))
#20 C:\\Users\\DELL\\Downloads\\MARKOUB PROJECT\\MARKOUB\\backend\\vendor\\laravel\\framework\\src\\Illuminate\\Database\\Console\\Migrations\\MigrateCommand.php(141): Illuminate\\Database\\Console\\Migrations\\MigrateCommand->repositoryExists()
#21 C:\\Users\\DELL\\Downloads\\MARKOUB PROJECT\\MARKOUB\\backend\\vendor\\laravel\\framework\\src\\Illuminate\\Database\\Console\\Migrations\\MigrateCommand.php(111): Illuminate\\Database\\Console\\Migrations\\MigrateCommand->prepareDatabase()
#22 C:\\Users\\DELL\\Downloads\\MARKOUB PROJECT\\MARKOUB\\backend\\vendor\\laravel\\framework\\src\\Illuminate\\Database\\Migrations\\Migrator.php(658): Illuminate\\Database\\Console\\Migrations\\MigrateCommand->Illuminate\\Database\\Console\\Migrations\\{closure}()
#23 C:\\Users\\DELL\\Downloads\\MARKOUB PROJECT\\MARKOUB\\backend\\vendor\\laravel\\framework\\src\\Illuminate\\Database\\Console\\Migrations\\MigrateCommand.php(110): Illuminate\\Database\\Migrations\\Migrator->usingConnection(NULL, Object(Closure))
#24 C:\\Users\\DELL\\Downloads\\MARKOUB PROJECT\\MARKOUB\\backend\\vendor\\laravel\\framework\\src\\Illuminate\\Database\\Console\\Migrations\\MigrateCommand.php(89): Illuminate\\Database\\Console\\Migrations\\MigrateCommand->runMigrations()
#25 C:\\Users\\DELL\\Downloads\\MARKOUB PROJECT\\MARKOUB\\backend\\vendor\\laravel\\framework\\src\\Illuminate\\Container\\BoundMethod.php(36): Illuminate\\Database\\Console\\Migrations\\MigrateCommand->handle()
#26 C:\\Users\\DELL\\Downloads\\MARKOUB PROJECT\\MARKOUB\\backend\\vendor\\laravel\\framework\\src\\Illuminate\\Container\\Util.php(43): Illuminate\\Container\\BoundMethod::Illuminate\\Container\\{closure}()
#27 C:\\Users\\DELL\\Downloads\\MARKOUB PROJECT\\MARKOUB\\backend\\vendor\\laravel\\framework\\src\\Illuminate\\Container\\BoundMethod.php(95): Illuminate\\Container\\Util::unwrapIfClosure(Object(Closure))
#28 C:\\Users\\DELL\\Downloads\\MARKOUB PROJECT\\MARKOUB\\backend\\vendor\\laravel\\framework\\src\\Illuminate\\Container\\BoundMethod.php(35): Illuminate\\Container\\BoundMethod::callBoundMethod(Object(Illuminate\\Foundation\\Application), Array, Object(Closure))
#29 C:\\Users\\DELL\\Downloads\\MARKOUB PROJECT\\MARKOUB\\backend\\vendor\\laravel\\framework\\src\\Illuminate\\Container\\Container.php(696): Illuminate\\Container\\BoundMethod::call(Object(Illuminate\\Foundation\\Application), Array, Array, NULL)
#30 C:\\Users\\DELL\\Downloads\\MARKOUB PROJECT\\MARKOUB\\backend\\vendor\\laravel\\framework\\src\\Illuminate\\Console\\Command.php(213): Illuminate\\Container\\Container->call(Array)
#31 C:\\Users\\DELL\\Downloads\\MARKOUB PROJECT\\MARKOUB\\backend\\vendor\\symfony\\console\\Command\\Command.php(318): Illuminate\\Console\\Command->execute(Object(Symfony\\Component\\Console\\Input\\ArgvInput), Object(Illuminate\\Console\\OutputStyle))
#32 C:\\Users\\DELL\\Downloads\\MARKOUB PROJECT\\MARKOUB\\backend\\vendor\\laravel\\framework\\src\\Illuminate\\Console\\Command.php(182): Symfony\\Component\\Console\\Command\\Command->run(Object(Symfony\\Component\\Console\\Input\\ArgvInput), Object(Illuminate\\Console\\OutputStyle))
#33 C:\\Users\\DELL\\Downloads\\MARKOUB PROJECT\\MARKOUB\\backend\\vendor\\symfony\\console\\Application.php(1073): Illuminate\\Console\\Command->run(Object(Symfony\\Component\\Console\\Input\\ArgvInput), Object(Symfony\\Component\\Console\\Output\\ConsoleOutput))
#34 C:\\Users\\DELL\\Downloads\\MARKOUB PROJECT\\MARKOUB\\backend\\vendor\\symfony\\console\\Application.php(356): Symfony\\Component\\Console\\Application->doRunCommand(Object(Illuminate\\Database\\Console\\Migrations\\MigrateCommand), Object(Symfony\\Component\\Console\\Input\\ArgvInput), Object(Symfony\\Component\\Console\\Output\\ConsoleOutput))
#35 C:\\Users\\DELL\\Downloads\\MARKOUB PROJECT\\MARKOUB\\backend\\vendor\\symfony\\console\\Application.php(195): Symfony\\Component\\Console\\Application->doRun(Object(Symfony\\Component\\Console\\Input\\ArgvInput), Object(Symfony\\Component\\Console\\Output\\ConsoleOutput))
#36 C:\\Users\\DELL\\Downloads\\MARKOUB PROJECT\\MARKOUB\\backend\\vendor\\laravel\\framework\\src\\Illuminate\\Foundation\\Console\\Kernel.php(198): Symfony\\Component\\Console\\Application->run(Object(Symfony\\Component\\Console\\Input\\ArgvInput), Object(Symfony\\Component\\Console\\Output\\ConsoleOutput))
#37 C:\\Users\\DELL\\Downloads\\MARKOUB PROJECT\\MARKOUB\\backend\\artisan(14): Illuminate\\Foundation\\Console\\Kernel->handle(Object(Symfony\\Component\\Console\\Input\\ArgvInput), Object(Symfony\\Component\\Console\\Output\\ConsoleOutput))
#38 {main}
"} 
[2025-10-29 11:18:27] local.ERROR: Rate limiter [api] is not defined. {"exception":"[object] (Illuminate\\Routing\\Exceptions\\MissingRateLimiterException(code: 0): Rate limiter [api] is not defined. at C:\\Users\\DELL\\Downloads\\MARKOUB PROJECT\\MARKOUB\\backend\\vendor\\laravel\\framework\\src\\Illuminate\\Routing\\Exceptions\\MissingRateLimiterException.php:17)
[stacktrace]
#0 C:\\Users\\DELL\\Downloads\\MARKOUB PROJECT\\MARKOUB\\backend\\vendor\\laravel\\framework\\src\\Illuminate\\Routing\\Middleware\\ThrottleRequests.php(198): Illuminate\\Routing\\Exceptions\\MissingRateLimiterException::forLimiter('api')
#1 C:\\Users\\DELL\\Downloads\\MARKOUB PROJECT\\MARKOUB\\backend\\vendor\\laravel\\framework\\src\\Illuminate\\Routing\\Middleware\\ThrottleRequests.php(98): Illuminate\\Routing\\Middleware\\ThrottleRequests->resolveMaxAttempts(Object(Illuminate\\Http\\Request), 'api')
#2 C:\\Users\\DELL\\Downloads\\MARKOUB PROJECT\\MARKOUB\\backend\\vendor\\laravel\\framework\\src\\Illuminate\\Pipeline\\Pipeline.php(209): Illuminate\\Routing\\Middleware\\ThrottleRequests->handle(Object(Illuminate\\Http\\Request), Object(Closure), 'api')
#3 C:\\Users\\DELL\\Downloads\\MARKOUB PROJECT\\MARKOUB\\backend\\vendor\\laravel\\framework\\src\\Illuminate\\Http\\Middleware\\HandleCors.php(62): Illuminate\\Pipeline\\Pipeline->Illuminate\\Pipeline\\{closure}(Object(Illuminate\\Http\\Request))
#4 C:\\Users\\DELL\\Downloads\\MARKOUB PROJECT\\MARKOUB\\backend\\vendor\\laravel\\framework\\src\\Illuminate\\Pipeline\\Pipeline.php(209): Illuminate\\Http\\Middleware\\HandleCors->handle(Object(Illuminate\\Http\\Request), Object(Closure))
#5 C:\\Users\\DELL\\Downloads\\MARKOUB PROJECT\\MARKOUB\\backend\\vendor\\laravel\\framework\\src\\Illuminate\\Pipeline\\Pipeline.php(127): Illuminate\\Pipeline\\Pipeline->Illuminate\\Pipeline\\{closure}(Object(Illuminate\\Http\\Request))
#6 C:\\Users\\DELL\\Downloads\\MARKOUB PROJECT\\MARKOUB\\backend\\vendor\\laravel\\framework\\src\\Illuminate\\Routing\\Router.php(807): Illuminate\\Pipeline\\Pipeline->then(Object(Closure))
#7 C:\\Users\\DELL\\Downloads\\MARKOUB PROJECT\\MARKOUB\\backend\\vendor\\laravel\\framework\\src\\Illuminate\\Routing\\Router.php(786): Illuminate\\Routing\\Router->runRouteWithinStack(Object(Illuminate\\Routing\\Route), Object(Illuminate\\Http\\Request))
#8 C:\\Users\\DELL\\Downloads\\MARKOUB PROJECT\\MARKOUB\\backend\\vendor\\laravel\\framework\\src\\Illuminate\\Routing\\Router.php(750): Illuminate\\Routing\\Router->runRoute(Object(Illuminate\\Http\\Request), Object(Illuminate\\Routing\\Route))
#9 C:\\Users\\DELL\\Downloads\\MARKOUB PROJECT\\MARKOUB\\backend\\vendor\\laravel\\framework\\src\\Illuminate\\Routing\\Router.php(739): Illuminate\\Routing\\Router->dispatchToRoute(Object(Illuminate\\Http\\Request))
#10 C:\\Users\\DELL\\Downloads\\MARKOUB PROJECT\\MARKOUB\\backend\\vendor\\laravel\\framework\\src\\Illuminate\\Foundation\\Http\\Kernel.php(201): Illuminate\\Routing\\Router->dispatch(Object(Illuminate\\Http\\Request))
#11 C:\\Users\\DELL\\Downloads\\MARKOUB PROJECT\\MARKOUB\\backend\\vendor\\laravel\\framework\\src\\Illuminate\\Pipeline\\Pipeline.php(170): Illuminate\\Foundation\\Http\\Kernel->Illuminate\\Foundation\\Http\\{closure}(Object(Illuminate\\Http\\Request))
#12 C:\\Users\\DELL\\Downloads\\MARKOUB PROJECT\\MARKOUB\\backend\\vendor\\laravel\\framework\\src\\Illuminate\\Foundation\\Http\\Middleware\\TransformsRequest.php(21): Illuminate\\Pipeline\\Pipeline->Illuminate\\Pipeline\\{closure}(Object(Illuminate\\Http\\Request))
#13 C:\\Users\\DELL\\Downloads\\MARKOUB PROJECT\\MARKOUB\\backend\\vendor\\laravel\\framework\\src\\Illuminate\\Foundation\\Http\\Middleware\\ConvertEmptyStringsToNull.php(31): Illuminate\\Foundation\\Http\\Middleware\\TransformsRequest->handle(Object(Illuminate\\Http\\Request), Object(Closure))
#14 C:\\Users\\DELL\\Downloads\\MARKOUB PROJECT\\MARKOUB\\backend\\vendor\\laravel\\framework\\src\\Illuminate\\Pipeline\\Pipeline.php(209): Illuminate\\Foundation\\Http\\Middleware\\ConvertEmptyStringsToNull->handle(Object(Illuminate\\Http\\Request), Object(Closure))
#15 C:\\Users\\DELL\\Downloads\\MARKOUB PROJECT\\MARKOUB\\backend\\vendor\\laravel\\framework\\src\\Illuminate\\Foundation\\Http\\Middleware\\TransformsRequest.php(21): Illuminate\\Pipeline\\Pipeline->Illuminate\\Pipeline\\{closure}(Object(Illuminate\\Http\\Request))
#16 C:\\Users\\DELL\\Downloads\\MARKOUB PROJECT\\MARKOUB\\backend\\vendor\\laravel\\framework\\src\\Illuminate\\Foundation\\Http\\Middleware\\TrimStrings.php(51): Illuminate\\Foundation\\Http\\Middleware\\TransformsRequest->handle(Object(Illuminate\\Http\\Request), Object(Closure))
#17 C:\\Users\\DELL\\Downloads\\MARKOUB PROJECT\\MARKOUB\\backend\\vendor\\laravel\\framework\\src\\Illuminate\\Pipeline\\Pipeline.php(209): Illuminate\\Foundation\\Http\\Middleware\\TrimStrings->handle(Object(Illuminate\\Http\\Request), Object(Closure))
#18 C:\\Users\\DELL\\Downloads\\MARKOUB PROJECT\\MARKOUB\\backend\\vendor\\laravel\\framework\\src\\Illuminate\\Http\\Middleware\\ValidatePostSize.php(27): Illuminate\\Pipeline\\Pipeline->Illuminate\\Pipeline\\{closure}(Object(Illuminate\\Http\\Request))
#19 C:\\Users\\DELL\\Downloads\\MARKOUB PROJECT\\MARKOUB\\backend\\vendor\\laravel\\framework\\src\\Illuminate\\Pipeline\\Pipeline.php(209): Illuminate\\Http\\Middleware\\ValidatePostSize->handle(Object(Illuminate\\Http\\Request), Object(Closure))
#20 C:\\Users\\DELL\\Downloads\\MARKOUB PROJECT\\MARKOUB\\backend\\vendor\\laravel\\framework\\src\\Illuminate\\Foundation\\Http\\Middleware\\PreventRequestsDuringMaintenance.php(110): Illuminate\\Pipeline\\Pipeline->Illuminate\\Pipeline\\{closure}(Object(Illuminate\\Http\\Request))
#21 C:\\Users\\DELL\\Downloads\\MARKOUB PROJECT\\MARKOUB\\backend\\vendor\\laravel\\framework\\src\\Illuminate\\Pipeline\\Pipeline.php(209): Illuminate\\Foundation\\Http\\Middleware\\PreventRequestsDuringMaintenance->handle(Object(Illuminate\\Http\\Request), Object(Closure))
#22 C:\\Users\\DELL\\Downloads\\MARKOUB PROJECT\\MARKOUB\\backend\\vendor\\laravel\\framework\\src\\Illuminate\\Http\\Middleware\\HandleCors.php(62): Illuminate\\Pipeline\\Pipeline->Illuminate\\Pipeline\\{closure}(Object(Illuminate\\Http\\Request))
#23 C:\\Users\\DELL\\Downloads\\MARKOUB PROJECT\\MARKOUB\\backend\\vendor\\laravel\\framework\\src\\Illuminate\\Pipeline\\Pipeline.php(209): Illuminate\\Http\\Middleware\\HandleCors->handle(Object(Illuminate\\Http\\Request), Object(Closure))
#24 C:\\Users\\DELL\\Downloads\\MARKOUB PROJECT\\MARKOUB\\backend\\vendor\\laravel\\framework\\src\\Illuminate\\Http\\Middleware\\TrustProxies.php(58): Illuminate\\Pipeline\\Pipeline->Illuminate\\Pipeline\\{closure}(Object(Illuminate\\Http\\Request))
#25 C:\\Users\\DELL\\Downloads\\MARKOUB PROJECT\\MARKOUB\\backend\\vendor\\laravel\\framework\\src\\Illuminate\\Pipeline\\Pipeline.php(209): Illuminate\\Http\\Middleware\\TrustProxies->handle(Object(Illuminate\\Http\\Request), Object(Closure))
#26 C:\\Users\\DELL\\Downloads\\MARKOUB PROJECT\\MARKOUB\\backend\\vendor\\laravel\\framework\\src\\Illuminate\\Foundation\\Http\\Middleware\\InvokeDeferredCallbacks.php(22): Illuminate\\Pipeline\\Pipeline->Illuminate\\Pipeline\\{closure}(Object(Illuminate\\Http\\Request))
#27 C:\\Users\\DELL\\Downloads\\MARKOUB PROJECT\\MARKOUB\\backend\\vendor\\laravel\\framework\\src\\Illuminate\\Pipeline\\Pipeline.php(209): Illuminate\\Foundation\\Http\\Middleware\\InvokeDeferredCallbacks->handle(Object(Illuminate\\Http\\Request), Object(Closure))
#28 C:\\Users\\DELL\\Downloads\\MARKOUB PROJECT\\MARKOUB\\backend\\vendor\\laravel\\framework\\src\\Illuminate\\Pipeline\\Pipeline.php(127): Illuminate\\Pipeline\\Pipeline->Illuminate\\Pipeline\\{closure}(Object(Illuminate\\Http\\Request))
#29 C:\\Users\\DELL\\Downloads\\MARKOUB PROJECT\\MARKOUB\\backend\\vendor\\laravel\\framework\\src\\Illuminate\\Foundation\\Http\\Kernel.php(176): Illuminate\\Pipeline\\Pipeline->then(Object(Closure))
#30 C:\\Users\\DELL\\Downloads\\MARKOUB PROJECT\\MARKOUB\\backend\\vendor\\laravel\\framework\\src\\Illuminate\\Foundation\\Http\\Kernel.php(145): Illuminate\\Foundation\\Http\\Kernel->sendRequestThroughRouter(Object(Illuminate\\Http\\Request))
#31 C:\\Users\\DELL\\Downloads\\MARKOUB PROJECT\\MARKOUB\\backend\\vendor\\laravel\\framework\\src\\Illuminate\\Foundation\\Application.php(1220): Illuminate\\Foundation\\Http\\Kernel->handle(Object(Illuminate\\Http\\Request))
#32 C:\\Users\\DELL\\Downloads\\MARKOUB PROJECT\\MARKOUB\\backend\\public\\index.php(17): Illuminate\\Foundation\\Application->handleRequest(Object(Illuminate\\Http\\Request))
#33 C:\\Users\\DELL\\Downloads\\MARKOUB PROJECT\\MARKOUB\\backend\\vendor\\laravel\\framework\\src\\Illuminate\\Foundation\\resources\\server.php(23): require_once('C:\\\\Users\\\\DELL\\\\D...')
#34 {main}
"} 
[2025-10-29 11:20:37] local.ERROR: SQLSTATE[42S02]: Base table or view not found: 1146 Table 'markoub_db.cache' doesn't exist (Connection: mysql, SQL: delete from `cache`) {"exception":"[object] (Illuminate\\Database\\QueryException(code: 42S02): SQLSTATE[42S02]: Base table or view not found: 1146 Table 'markoub_db.cache' doesn't exist (Connection: mysql, SQL: delete from `cache`) at C:\\Users\\DELL\\Downloads\\MARKOUB PROJECT\\MARKOUB\\backend\\vendor\\laravel\\framework\\src\\Illuminate\\Database\\Connection.php:825)
[stacktrace]
#0 C:\\Users\\DELL\\Downloads\\MARKOUB PROJECT\\MARKOUB\\backend\\vendor\\laravel\\framework\\src\\Illuminate\\Database\\Connection.php(779): Illuminate\\Database\\Connection->runQueryCallback('delete from `ca...', Array, Object(Closure))
#1 C:\\Users\\DELL\\Downloads\\MARKOUB PROJECT\\MARKOUB\\backend\\vendor\\laravel\\framework\\src\\Illuminate\\Database\\Connection.php(584): Illuminate\\Database\\Connection->run('delete from `ca...', Array, Object(Closure))
#2 C:\\Users\\DELL\\Downloads\\MARKOUB PROJECT\\MARKOUB\\backend\\vendor\\laravel\\framework\\src\\Illuminate\\Database\\Connection.php(548): Illuminate\\Database\\Connection->affectingStatement('delete from `ca...', Array)
#3 C:\\Users\\DELL\\Downloads\\MARKOUB PROJECT\\MARKOUB\\backend\\vendor\\laravel\\framework\\src\\Illuminate\\Database\\Query\\Builder.php(4024): Illuminate\\Database\\Connection->delete('delete from `ca...', Array)
#4 C:\\Users\\DELL\\Downloads\\MARKOUB PROJECT\\MARKOUB\\backend\\vendor\\laravel\\framework\\src\\Illuminate\\Cache\\DatabaseStore.php(422): Illuminate\\Database\\Query\\Builder->delete()
#5 C:\\Users\\DELL\\Downloads\\MARKOUB PROJECT\\MARKOUB\\backend\\vendor\\laravel\\framework\\src\\Illuminate\\Cache\\Repository.php(792): Illuminate\\Cache\\DatabaseStore->flush()
#6 C:\\Users\\DELL\\Downloads\\MARKOUB PROJECT\\MARKOUB\\backend\\vendor\\laravel\\framework\\src\\Illuminate\\Cache\\Console\\ClearCommand.php(69): Illuminate\\Cache\\Repository->__call('flush', Array)
#7 C:\\Users\\DELL\\Downloads\\MARKOUB PROJECT\\MARKOUB\\backend\\vendor\\laravel\\framework\\src\\Illuminate\\Container\\BoundMethod.php(36): Illuminate\\Cache\\Console\\ClearCommand->handle()
#8 C:\\Users\\DELL\\Downloads\\MARKOUB PROJECT\\MARKOUB\\backend\\vendor\\laravel\\framework\\src\\Illuminate\\Container\\Util.php(43): Illuminate\\Container\\BoundMethod::Illuminate\\Container\\{closure}()
#9 C:\\Users\\DELL\\Downloads\\MARKOUB PROJECT\\MARKOUB\\backend\\vendor\\laravel\\framework\\src\\Illuminate\\Container\\BoundMethod.php(95): Illuminate\\Container\\Util::unwrapIfClosure(Object(Closure))
#10 C:\\Users\\DELL\\Downloads\\MARKOUB PROJECT\\MARKOUB\\backend\\vendor\\laravel\\framework\\src\\Illuminate\\Container\\BoundMethod.php(35): Illuminate\\Container\\BoundMethod::callBoundMethod(Object(Illuminate\\Foundation\\Application), Array, Object(Closure))
#11 C:\\Users\\DELL\\Downloads\\MARKOUB PROJECT\\MARKOUB\\backend\\vendor\\laravel\\framework\\src\\Illuminate\\Container\\Container.php(696): Illuminate\\Container\\BoundMethod::call(Object(Illuminate\\Foundation\\Application), Array, Array, NULL)
#12 C:\\Users\\DELL\\Downloads\\MARKOUB PROJECT\\MARKOUB\\backend\\vendor\\laravel\\framework\\src\\Illuminate\\Console\\Command.php(213): Illuminate\\Container\\Container->call(Array)
#13 C:\\Users\\DELL\\Downloads\\MARKOUB PROJECT\\MARKOUB\\backend\\vendor\\symfony\\console\\Command\\Command.php(318): Illuminate\\Console\\Command->execute(Object(Symfony\\Component\\Console\\Input\\ArgvInput), Object(Illuminate\\Console\\OutputStyle))
#14 C:\\Users\\DELL\\Downloads\\MARKOUB PROJECT\\MARKOUB\\backend\\vendor\\laravel\\framework\\src\\Illuminate\\Console\\Command.php(182): Symfony\\Component\\Console\\Command\\Command->run(Object(Symfony\\Component\\Console\\Input\\ArgvInput), Object(Illuminate\\Console\\OutputStyle))
#15 C:\\Users\\DELL\\Downloads\\MARKOUB PROJECT\\MARKOUB\\backend\\vendor\\symfony\\console\\Application.php(1073): Illuminate\\Console\\Command->run(Object(Symfony\\Component\\Console\\Input\\ArgvInput), Object(Symfony\\Component\\Console\\Output\\ConsoleOutput))
#16 C:\\Users\\DELL\\Downloads\\MARKOUB PROJECT\\MARKOUB\\backend\\vendor\\symfony\\console\\Application.php(356): Symfony\\Component\\Console\\Application->doRunCommand(Object(Illuminate\\Cache\\Console\\ClearCommand), Object(Symfony\\Component\\Console\\Input\\ArgvInput), Object(Symfony\\Component\\Console\\Output\\ConsoleOutput))
#17 C:\\Users\\DELL\\Downloads\\MARKOUB PROJECT\\MARKOUB\\backend\\vendor\\symfony\\console\\Application.php(195): Symfony\\Component\\Console\\Application->doRun(Object(Symfony\\Component\\Console\\Input\\ArgvInput), Object(Symfony\\Component\\Console\\Output\\ConsoleOutput))
#18 C:\\Users\\DELL\\Downloads\\MARKOUB PROJECT\\MARKOUB\\backend\\vendor\\laravel\\framework\\src\\Illuminate\\Foundation\\Console\\Kernel.php(198): Symfony\\Component\\Console\\Application->run(Object(Symfony\\Component\\Console\\Input\\ArgvInput), Object(Symfony\\Component\\Console\\Output\\ConsoleOutput))
#19 C:\\Users\\DELL\\Downloads\\MARKOUB PROJECT\\MARKOUB\\backend\\artisan(14): Illuminate\\Foundation\\Console\\Kernel->handle(Object(Symfony\\Component\\Console\\Input\\ArgvInput), Object(Symfony\\Component\\Console\\Output\\ConsoleOutput))
#20 {main}

[previous exception] [object] (PDOException(code: 42S02): SQLSTATE[42S02]: Base table or view not found: 1146 Table 'markoub_db.cache' doesn't exist at C:\\Users\\DELL\\Downloads\\MARKOUB PROJECT\\MARKOUB\\backend\\vendor\\laravel\\framework\\src\\Illuminate\\Database\\Connection.php:592)
[stacktrace]
#0 C:\\Users\\DELL\\Downloads\\MARKOUB PROJECT\\MARKOUB\\backend\\vendor\\laravel\\framework\\src\\Illuminate\\Database\\Connection.php(592): PDO->prepare('delete from `ca...')
#1 C:\\Users\\DELL\\Downloads\\MARKOUB PROJECT\\MARKOUB\\backend\\vendor\\laravel\\framework\\src\\Illuminate\\Database\\Connection.php(812): Illuminate\\Database\\Connection->Illuminate\\Database\\{closure}('delete from `ca...', Array)
#2 C:\\Users\\DELL\\Downloads\\MARKOUB PROJECT\\MARKOUB\\backend\\vendor\\laravel\\framework\\src\\Illuminate\\Database\\Connection.php(779): Illuminate\\Database\\Connection->runQueryCallback('delete from `ca...', Array, Object(Closure))
#3 C:\\Users\\DELL\\Downloads\\MARKOUB PROJECT\\MARKOUB\\backend\\vendor\\laravel\\framework\\src\\Illuminate\\Database\\Connection.php(584): Illuminate\\Database\\Connection->run('delete from `ca...', Array, Object(Closure))
#4 C:\\Users\\DELL\\Downloads\\MARKOUB PROJECT\\MARKOUB\\backend\\vendor\\laravel\\framework\\src\\Illuminate\\Database\\Connection.php(548): Illuminate\\Database\\Connection->affectingStatement('delete from `ca...', Array)
#5 C:\\Users\\DELL\\Downloads\\MARKOUB PROJECT\\MARKOUB\\backend\\vendor\\laravel\\framework\\src\\Illuminate\\Database\\Query\\Builder.php(4024): Illuminate\\Database\\Connection->delete('delete from `ca...', Array)
#6 C:\\Users\\DELL\\Downloads\\MARKOUB PROJECT\\MARKOUB\\backend\\vendor\\laravel\\framework\\src\\Illuminate\\Cache\\DatabaseStore.php(422): Illuminate\\Database\\Query\\Builder->delete()
#7 C:\\Users\\DELL\\Downloads\\MARKOUB PROJECT\\MARKOUB\\backend\\vendor\\laravel\\framework\\src\\Illuminate\\Cache\\Repository.php(792): Illuminate\\Cache\\DatabaseStore->flush()
#8 C:\\Users\\DELL\\Downloads\\MARKOUB PROJECT\\MARKOUB\\backend\\vendor\\laravel\\framework\\src\\Illuminate\\Cache\\Console\\ClearCommand.php(69): Illuminate\\Cache\\Repository->__call('flush', Array)
#9 C:\\Users\\DELL\\Downloads\\MARKOUB PROJECT\\MARKOUB\\backend\\vendor\\laravel\\framework\\src\\Illuminate\\Container\\BoundMethod.php(36): Illuminate\\Cache\\Console\\ClearCommand->handle()
#10 C:\\Users\\DELL\\Downloads\\MARKOUB PROJECT\\MARKOUB\\backend\\vendor\\laravel\\framework\\src\\Illuminate\\Container\\Util.php(43): Illuminate\\Container\\BoundMethod::Illuminate\\Container\\{closure}()
#11 C:\\Users\\DELL\\Downloads\\MARKOUB PROJECT\\MARKOUB\\backend\\vendor\\laravel\\framework\\src\\Illuminate\\Container\\BoundMethod.php(95): Illuminate\\Container\\Util::unwrapIfClosure(Object(Closure))
#12 C:\\Users\\DELL\\Downloads\\MARKOUB PROJECT\\MARKOUB\\backend\\vendor\\laravel\\framework\\src\\Illuminate\\Container\\BoundMethod.php(35): Illuminate\\Container\\BoundMethod::callBoundMethod(Object(Illuminate\\Foundation\\Application), Array, Object(Closure))
#13 C:\\Users\\DELL\\Downloads\\MARKOUB PROJECT\\MARKOUB\\backend\\vendor\\laravel\\framework\\src\\Illuminate\\Container\\Container.php(696): Illuminate\\Container\\BoundMethod::call(Object(Illuminate\\Foundation\\Application), Array, Array, NULL)
#14 C:\\Users\\DELL\\Downloads\\MARKOUB PROJECT\\MARKOUB\\backend\\vendor\\laravel\\framework\\src\\Illuminate\\Console\\Command.php(213): Illuminate\\Container\\Container->call(Array)
#15 C:\\Users\\DELL\\Downloads\\MARKOUB PROJECT\\MARKOUB\\backend\\vendor\\symfony\\console\\Command\\Command.php(318): Illuminate\\Console\\Command->execute(Object(Symfony\\Component\\Console\\Input\\ArgvInput), Object(Illuminate\\Console\\OutputStyle))
#16 C:\\Users\\DELL\\Downloads\\MARKOUB PROJECT\\MARKOUB\\backend\\vendor\\laravel\\framework\\src\\Illuminate\\Console\\Command.php(182): Symfony\\Component\\Console\\Command\\Command->run(Object(Symfony\\Component\\Console\\Input\\ArgvInput), Object(Illuminate\\Console\\OutputStyle))
#17 C:\\Users\\DELL\\Downloads\\MARKOUB PROJECT\\MARKOUB\\backend\\vendor\\symfony\\console\\Application.php(1073): Illuminate\\Console\\Command->run(Object(Symfony\\Component\\Console\\Input\\ArgvInput), Object(Symfony\\Component\\Console\\Output\\ConsoleOutput))
#18 C:\\Users\\DELL\\Downloads\\MARKOUB PROJECT\\MARKOUB\\backend\\vendor\\symfony\\console\\Application.php(356): Symfony\\Component\\Console\\Application->doRunCommand(Object(Illuminate\\Cache\\Console\\ClearCommand), Object(Symfony\\Component\\Console\\Input\\ArgvInput), Object(Symfony\\Component\\Console\\Output\\ConsoleOutput))
#19 C:\\Users\\DELL\\Downloads\\MARKOUB PROJECT\\MARKOUB\\backend\\vendor\\symfony\\console\\Application.php(195): Symfony\\Component\\Console\\Application->doRun(Object(Symfony\\Component\\Console\\Input\\ArgvInput), Object(Symfony\\Component\\Console\\Output\\ConsoleOutput))
#20 C:\\Users\\DELL\\Downloads\\MARKOUB PROJECT\\MARKOUB\\backend\\vendor\\laravel\\framework\\src\\Illuminate\\Foundation\\Console\\Kernel.php(198): Symfony\\Component\\Console\\Application->run(Object(Symfony\\Component\\Console\\Input\\ArgvInput), Object(Symfony\\Component\\Console\\Output\\ConsoleOutput))
#21 C:\\Users\\DELL\\Downloads\\MARKOUB PROJECT\\MARKOUB\\backend\\artisan(14): Illuminate\\Foundation\\Console\\Kernel->handle(Object(Symfony\\Component\\Console\\Input\\ArgvInput), Object(Symfony\\Component\\Console\\Output\\ConsoleOutput))
#22 {main}
"} 
[2025-10-29 11:20:44] local.ERROR: SQLSTATE[42S02]: Base table or view not found: 1146 Table 'markoub_db.cache' doesn't exist (Connection: mysql, SQL: delete from `cache`) {"exception":"[object] (Illuminate\\Database\\QueryException(code: 42S02): SQLSTATE[42S02]: Base table or view not found: 1146 Table 'markoub_db.cache' doesn't exist (Connection: mysql, SQL: delete from `cache`) at C:\\Users\\DELL\\Downloads\\MARKOUB PROJECT\\MARKOUB\\backend\\vendor\\laravel\\framework\\src\\Illuminate\\Database\\Connection.php:825)
[stacktrace]
#0 C:\\Users\\DELL\\Downloads\\MARKOUB PROJECT\\MARKOUB\\backend\\vendor\\laravel\\framework\\src\\Illuminate\\Database\\Connection.php(779): Illuminate\\Database\\Connection->runQueryCallback('delete from `ca...', Array, Object(Closure))
#1 C:\\Users\\DELL\\Downloads\\MARKOUB PROJECT\\MARKOUB\\backend\\vendor\\laravel\\framework\\src\\Illuminate\\Database\\Connection.php(584): Illuminate\\Database\\Connection->run('delete from `ca...', Array, Object(Closure))
#2 C:\\Users\\DELL\\Downloads\\MARKOUB PROJECT\\MARKOUB\\backend\\vendor\\laravel\\framework\\src\\Illuminate\\Database\\Connection.php(548): Illuminate\\Database\\Connection->affectingStatement('delete from `ca...', Array)
#3 C:\\Users\\DELL\\Downloads\\MARKOUB PROJECT\\MARKOUB\\backend\\vendor\\laravel\\framework\\src\\Illuminate\\Database\\Query\\Builder.php(4024): Illuminate\\Database\\Connection->delete('delete from `ca...', Array)
#4 C:\\Users\\DELL\\Downloads\\MARKOUB PROJECT\\MARKOUB\\backend\\vendor\\laravel\\framework\\src\\Illuminate\\Cache\\DatabaseStore.php(422): Illuminate\\Database\\Query\\Builder->delete()
#5 C:\\Users\\DELL\\Downloads\\MARKOUB PROJECT\\MARKOUB\\backend\\vendor\\laravel\\framework\\src\\Illuminate\\Cache\\Repository.php(792): Illuminate\\Cache\\DatabaseStore->flush()
#6 C:\\Users\\DELL\\Downloads\\MARKOUB PROJECT\\MARKOUB\\backend\\vendor\\laravel\\framework\\src\\Illuminate\\Cache\\Console\\ClearCommand.php(69): Illuminate\\Cache\\Repository->__call('flush', Array)
#7 C:\\Users\\DELL\\Downloads\\MARKOUB PROJECT\\MARKOUB\\backend\\vendor\\laravel\\framework\\src\\Illuminate\\Container\\BoundMethod.php(36): Illuminate\\Cache\\Console\\ClearCommand->handle()
#8 C:\\Users\\DELL\\Downloads\\MARKOUB PROJECT\\MARKOUB\\backend\\vendor\\laravel\\framework\\src\\Illuminate\\Container\\Util.php(43): Illuminate\\Container\\BoundMethod::Illuminate\\Container\\{closure}()
#9 C:\\Users\\DELL\\Downloads\\MARKOUB PROJECT\\MARKOUB\\backend\\vendor\\laravel\\framework\\src\\Illuminate\\Container\\BoundMethod.php(95): Illuminate\\Container\\Util::unwrapIfClosure(Object(Closure))
#10 C:\\Users\\DELL\\Downloads\\MARKOUB PROJECT\\MARKOUB\\backend\\vendor\\laravel\\framework\\src\\Illuminate\\Container\\BoundMethod.php(35): Illuminate\\Container\\BoundMethod::callBoundMethod(Object(Illuminate\\Foundation\\Application), Array, Object(Closure))
#11 C:\\Users\\DELL\\Downloads\\MARKOUB PROJECT\\MARKOUB\\backend\\vendor\\laravel\\framework\\src\\Illuminate\\Container\\Container.php(696): Illuminate\\Container\\BoundMethod::call(Object(Illuminate\\Foundation\\Application), Array, Array, NULL)
#12 C:\\Users\\DELL\\Downloads\\MARKOUB PROJECT\\MARKOUB\\backend\\vendor\\laravel\\framework\\src\\Illuminate\\Console\\Command.php(213): Illuminate\\Container\\Container->call(Array)
#13 C:\\Users\\DELL\\Downloads\\MARKOUB PROJECT\\MARKOUB\\backend\\vendor\\symfony\\console\\Command\\Command.php(318): Illuminate\\Console\\Command->execute(Object(Symfony\\Component\\Console\\Input\\ArrayInput), Object(Illuminate\\Console\\OutputStyle))
#14 C:\\Users\\DELL\\Downloads\\MARKOUB PROJECT\\MARKOUB\\backend\\vendor\\laravel\\framework\\src\\Illuminate\\Console\\Command.php(182): Symfony\\Component\\Console\\Command\\Command->run(Object(Symfony\\Component\\Console\\Input\\ArrayInput), Object(Illuminate\\Console\\OutputStyle))
#15 C:\\Users\\DELL\\Downloads\\MARKOUB PROJECT\\MARKOUB\\backend\\vendor\\laravel\\framework\\src\\Illuminate\\Console\\Concerns\\CallsCommands.php(68): Illuminate\\Console\\Command->run(Object(Symfony\\Component\\Console\\Input\\ArrayInput), Object(Symfony\\Component\\Console\\Output\\NullOutput))
#16 C:\\Users\\DELL\\Downloads\\MARKOUB PROJECT\\MARKOUB\\backend\\vendor\\laravel\\framework\\src\\Illuminate\\Console\\Concerns\\CallsCommands.php(41): Illuminate\\Console\\Command->runCommand('cache:clear', Array, Object(Symfony\\Component\\Console\\Output\\NullOutput))
#17 C:\\Users\\DELL\\Downloads\\MARKOUB PROJECT\\MARKOUB\\backend\\vendor\\laravel\\framework\\src\\Illuminate\\Console\\Concerns\\CallsCommands.php(53): Illuminate\\Console\\Command->callSilent('cache:clear', Array)
#18 C:\\Users\\DELL\\Downloads\\MARKOUB PROJECT\\MARKOUB\\backend\\vendor\\laravel\\framework\\src\\Illuminate\\Foundation\\Console\\OptimizeClearCommand.php(48): Illuminate\\Console\\Command->callSilently('cache:clear')
#19 C:\\Users\\DELL\\Downloads\\MARKOUB PROJECT\\MARKOUB\\backend\\vendor\\laravel\\framework\\src\\Illuminate\\Console\\View\\Components\\Task.php(40): Illuminate\\Foundation\\Console\\OptimizeClearCommand->Illuminate\\Foundation\\Console\\{closure}()
#20 C:\\Users\\DELL\\Downloads\\MARKOUB PROJECT\\MARKOUB\\backend\\vendor\\laravel\\framework\\src\\Illuminate\\Console\\View\\Components\\Factory.php(60): Illuminate\\Console\\View\\Components\\Task->render('cache', Object(Closure))
#21 C:\\Users\\DELL\\Downloads\\MARKOUB PROJECT\\MARKOUB\\backend\\vendor\\laravel\\framework\\src\\Illuminate\\Foundation\\Console\\OptimizeClearCommand.php(48): Illuminate\\Console\\View\\Components\\Factory->__call('task', Array)
#22 C:\\Users\\DELL\\Downloads\\MARKOUB PROJECT\\MARKOUB\\backend\\vendor\\laravel\\framework\\src\\Illuminate\\Container\\BoundMethod.php(36): Illuminate\\Foundation\\Console\\OptimizeClearCommand->handle()
#23 C:\\Users\\DELL\\Downloads\\MARKOUB PROJECT\\MARKOUB\\backend\\vendor\\laravel\\framework\\src\\Illuminate\\Container\\Util.php(43): Illuminate\\Container\\BoundMethod::Illuminate\\Container\\{closure}()
#24 C:\\Users\\DELL\\Downloads\\MARKOUB PROJECT\\MARKOUB\\backend\\vendor\\laravel\\framework\\src\\Illuminate\\Container\\BoundMethod.php(95): Illuminate\\Container\\Util::unwrapIfClosure(Object(Closure))
#25 C:\\Users\\DELL\\Downloads\\MARKOUB PROJECT\\MARKOUB\\backend\\vendor\\laravel\\framework\\src\\Illuminate\\Container\\BoundMethod.php(35): Illuminate\\Container\\BoundMethod::callBoundMethod(Object(Illuminate\\Foundation\\Application), Array, Object(Closure))
#26 C:\\Users\\DELL\\Downloads\\MARKOUB PROJECT\\MARKOUB\\backend\\vendor\\laravel\\framework\\src\\Illuminate\\Container\\Container.php(696): Illuminate\\Container\\BoundMethod::call(Object(Illuminate\\Foundation\\Application), Array, Array, NULL)
#27 C:\\Users\\DELL\\Downloads\\MARKOUB PROJECT\\MARKOUB\\backend\\vendor\\laravel\\framework\\src\\Illuminate\\Console\\Command.php(213): Illuminate\\Container\\Container->call(Array)
#28 C:\\Users\\DELL\\Downloads\\MARKOUB PROJECT\\MARKOUB\\backend\\vendor\\symfony\\console\\Command\\Command.php(318): Illuminate\\Console\\Command->execute(Object(Symfony\\Component\\Console\\Input\\ArgvInput), Object(Illuminate\\Console\\OutputStyle))
#29 C:\\Users\\DELL\\Downloads\\MARKOUB PROJECT\\MARKOUB\\backend\\vendor\\laravel\\framework\\src\\Illuminate\\Console\\Command.php(182): Symfony\\Component\\Console\\Command\\Command->run(Object(Symfony\\Component\\Console\\Input\\ArgvInput), Object(Illuminate\\Console\\OutputStyle))
#30 C:\\Users\\DELL\\Downloads\\MARKOUB PROJECT\\MARKOUB\\backend\\vendor\\symfony\\console\\Application.php(1073): Illuminate\\Console\\Command->run(Object(Symfony\\Component\\Console\\Input\\ArgvInput), Object(Symfony\\Component\\Console\\Output\\ConsoleOutput))
#31 C:\\Users\\DELL\\Downloads\\MARKOUB PROJECT\\MARKOUB\\backend\\vendor\\symfony\\console\\Application.php(356): Symfony\\Component\\Console\\Application->doRunCommand(Object(Illuminate\\Foundation\\Console\\OptimizeClearCommand), Object(Symfony\\Component\\Console\\Input\\ArgvInput), Object(Symfony\\Component\\Console\\Output\\ConsoleOutput))
#32 C:\\Users\\DELL\\Downloads\\MARKOUB PROJECT\\MARKOUB\\backend\\vendor\\symfony\\console\\Application.php(195): Symfony\\Component\\Console\\Application->doRun(Object(Symfony\\Component\\Console\\Input\\ArgvInput), Object(Symfony\\Component\\Console\\Output\\ConsoleOutput))
#33 C:\\Users\\DELL\\Downloads\\MARKOUB PROJECT\\MARKOUB\\backend\\vendor\\laravel\\framework\\src\\Illuminate\\Foundation\\Console\\Kernel.php(198): Symfony\\Component\\Console\\Application->run(Object(Symfony\\Component\\Console\\Input\\ArgvInput), Object(Symfony\\Component\\Console\\Output\\ConsoleOutput))
#34 C:\\Users\\DELL\\Downloads\\MARKOUB PROJECT\\MARKOUB\\backend\\artisan(14): Illuminate\\Foundation\\Console\\Kernel->handle(Object(Symfony\\Component\\Console\\Input\\ArgvInput), Object(Symfony\\Component\\Console\\Output\\ConsoleOutput))
#35 {main}

[previous exception] [object] (PDOException(code: 42S02): SQLSTATE[42S02]: Base table or view not found: 1146 Table 'markoub_db.cache' doesn't exist at C:\\Users\\DELL\\Downloads\\MARKOUB PROJECT\\MARKOUB\\backend\\vendor\\laravel\\framework\\src\\Illuminate\\Database\\Connection.php:592)
[stacktrace]
#0 C:\\Users\\DELL\\Downloads\\MARKOUB PROJECT\\MARKOUB\\backend\\vendor\\laravel\\framework\\src\\Illuminate\\Database\\Connection.php(592): PDO->prepare('delete from `ca...')
#1 C:\\Users\\DELL\\Downloads\\MARKOUB PROJECT\\MARKOUB\\backend\\vendor\\laravel\\framework\\src\\Illuminate\\Database\\Connection.php(812): Illuminate\\Database\\Connection->Illuminate\\Database\\{closure}('delete from `ca...', Array)
#2 C:\\Users\\DELL\\Downloads\\MARKOUB PROJECT\\MARKOUB\\backend\\vendor\\laravel\\framework\\src\\Illuminate\\Database\\Connection.php(779): Illuminate\\Database\\Connection->runQueryCallback('delete from `ca...', Array, Object(Closure))
#3 C:\\Users\\DELL\\Downloads\\MARKOUB PROJECT\\MARKOUB\\backend\\vendor\\laravel\\framework\\src\\Illuminate\\Database\\Connection.php(584): Illuminate\\Database\\Connection->run('delete from `ca...', Array, Object(Closure))
#4 C:\\Users\\DELL\\Downloads\\MARKOUB PROJECT\\MARKOUB\\backend\\vendor\\laravel\\framework\\src\\Illuminate\\Database\\Connection.php(548): Illuminate\\Database\\Connection->affectingStatement('delete from `ca...', Array)
#5 C:\\Users\\DELL\\Downloads\\MARKOUB PROJECT\\MARKOUB\\backend\\vendor\\laravel\\framework\\src\\Illuminate\\Database\\Query\\Builder.php(4024): Illuminate\\Database\\Connection->delete('delete from `ca...', Array)
#6 C:\\Users\\DELL\\Downloads\\MARKOUB PROJECT\\MARKOUB\\backend\\vendor\\laravel\\framework\\src\\Illuminate\\Cache\\DatabaseStore.php(422): Illuminate\\Database\\Query\\Builder->delete()
#7 C:\\Users\\DELL\\Downloads\\MARKOUB PROJECT\\MARKOUB\\backend\\vendor\\laravel\\framework\\src\\Illuminate\\Cache\\Repository.php(792): Illuminate\\Cache\\DatabaseStore->flush()
#8 C:\\Users\\DELL\\Downloads\\MARKOUB PROJECT\\MARKOUB\\backend\\vendor\\laravel\\framework\\src\\Illuminate\\Cache\\Console\\ClearCommand.php(69): Illuminate\\Cache\\Repository->__call('flush', Array)
#9 C:\\Users\\DELL\\Downloads\\MARKOUB PROJECT\\MARKOUB\\backend\\vendor\\laravel\\framework\\src\\Illuminate\\Container\\BoundMethod.php(36): Illuminate\\Cache\\Console\\ClearCommand->handle()
#10 C:\\Users\\DELL\\Downloads\\MARKOUB PROJECT\\MARKOUB\\backend\\vendor\\laravel\\framework\\src\\Illuminate\\Container\\Util.php(43): Illuminate\\Container\\BoundMethod::Illuminate\\Container\\{closure}()
#11 C:\\Users\\DELL\\Downloads\\MARKOUB PROJECT\\MARKOUB\\backend\\vendor\\laravel\\framework\\src\\Illuminate\\Container\\BoundMethod.php(95): Illuminate\\Container\\Util::unwrapIfClosure(Object(Closure))
#12 C:\\Users\\DELL\\Downloads\\MARKOUB PROJECT\\MARKOUB\\backend\\vendor\\laravel\\framework\\src\\Illuminate\\Container\\BoundMethod.php(35): Illuminate\\Container\\BoundMethod::callBoundMethod(Object(Illuminate\\Foundation\\Application), Array, Object(Closure))
#13 C:\\Users\\DELL\\Downloads\\MARKOUB PROJECT\\MARKOUB\\backend\\vendor\\laravel\\framework\\src\\Illuminate\\Container\\Container.php(696): Illuminate\\Container\\BoundMethod::call(Object(Illuminate\\Foundation\\Application), Array, Array, NULL)
#14 C:\\Users\\DELL\\Downloads\\MARKOUB PROJECT\\MARKOUB\\backend\\vendor\\laravel\\framework\\src\\Illuminate\\Console\\Command.php(213): Illuminate\\Container\\Container->call(Array)
#15 C:\\Users\\DELL\\Downloads\\MARKOUB PROJECT\\MARKOUB\\backend\\vendor\\symfony\\console\\Command\\Command.php(318): Illuminate\\Console\\Command->execute(Object(Symfony\\Component\\Console\\Input\\ArrayInput), Object(Illuminate\\Console\\OutputStyle))
#16 C:\\Users\\DELL\\Downloads\\MARKOUB PROJECT\\MARKOUB\\backend\\vendor\\laravel\\framework\\src\\Illuminate\\Console\\Command.php(182): Symfony\\Component\\Console\\Command\\Command->run(Object(Symfony\\Component\\Console\\Input\\ArrayInput), Object(Illuminate\\Console\\OutputStyle))
#17 C:\\Users\\DELL\\Downloads\\MARKOUB PROJECT\\MARKOUB\\backend\\vendor\\laravel\\framework\\src\\Illuminate\\Console\\Concerns\\CallsCommands.php(68): Illuminate\\Console\\Command->run(Object(Symfony\\Component\\Console\\Input\\ArrayInput), Object(Symfony\\Component\\Console\\Output\\NullOutput))
#18 C:\\Users\\DELL\\Downloads\\MARKOUB PROJECT\\MARKOUB\\backend\\vendor\\laravel\\framework\\src\\Illuminate\\Console\\Concerns\\CallsCommands.php(41): Illuminate\\Console\\Command->runCommand('cache:clear', Array, Object(Symfony\\Component\\Console\\Output\\NullOutput))
#19 C:\\Users\\DELL\\Downloads\\MARKOUB PROJECT\\MARKOUB\\backend\\vendor\\laravel\\framework\\src\\Illuminate\\Console\\Concerns\\CallsCommands.php(53): Illuminate\\Console\\Command->callSilent('cache:clear', Array)
#20 C:\\Users\\DELL\\Downloads\\MARKOUB PROJECT\\MARKOUB\\backend\\vendor\\laravel\\framework\\src\\Illuminate\\Foundation\\Console\\OptimizeClearCommand.php(48): Illuminate\\Console\\Command->callSilently('cache:clear')
#21 C:\\Users\\DELL\\Downloads\\MARKOUB PROJECT\\MARKOUB\\backend\\vendor\\laravel\\framework\\src\\Illuminate\\Console\\View\\Components\\Task.php(40): Illuminate\\Foundation\\Console\\OptimizeClearCommand->Illuminate\\Foundation\\Console\\{closure}()
#22 C:\\Users\\DELL\\Downloads\\MARKOUB PROJECT\\MARKOUB\\backend\\vendor\\laravel\\framework\\src\\Illuminate\\Console\\View\\Components\\Factory.php(60): Illuminate\\Console\\View\\Components\\Task->render('cache', Object(Closure))
#23 C:\\Users\\DELL\\Downloads\\MARKOUB PROJECT\\MARKOUB\\backend\\vendor\\laravel\\framework\\src\\Illuminate\\Foundation\\Console\\OptimizeClearCommand.php(48): Illuminate\\Console\\View\\Components\\Factory->__call('task', Array)
#24 C:\\Users\\DELL\\Downloads\\MARKOUB PROJECT\\MARKOUB\\backend\\vendor\\laravel\\framework\\src\\Illuminate\\Container\\BoundMethod.php(36): Illuminate\\Foundation\\Console\\OptimizeClearCommand->handle()
#25 C:\\Users\\DELL\\Downloads\\MARKOUB PROJECT\\MARKOUB\\backend\\vendor\\laravel\\framework\\src\\Illuminate\\Container\\Util.php(43): Illuminate\\Container\\BoundMethod::Illuminate\\Container\\{closure}()
#26 C:\\Users\\DELL\\Downloads\\MARKOUB PROJECT\\MARKOUB\\backend\\vendor\\laravel\\framework\\src\\Illuminate\\Container\\BoundMethod.php(95): Illuminate\\Container\\Util::unwrapIfClosure(Object(Closure))
#27 C:\\Users\\DELL\\Downloads\\MARKOUB PROJECT\\MARKOUB\\backend\\vendor\\laravel\\framework\\src\\Illuminate\\Container\\BoundMethod.php(35): Illuminate\\Container\\BoundMethod::callBoundMethod(Object(Illuminate\\Foundation\\Application), Array, Object(Closure))
#28 C:\\Users\\DELL\\Downloads\\MARKOUB PROJECT\\MARKOUB\\backend\\vendor\\laravel\\framework\\src\\Illuminate\\Container\\Container.php(696): Illuminate\\Container\\BoundMethod::call(Object(Illuminate\\Foundation\\Application), Array, Array, NULL)
#29 C:\\Users\\DELL\\Downloads\\MARKOUB PROJECT\\MARKOUB\\backend\\vendor\\laravel\\framework\\src\\Illuminate\\Console\\Command.php(213): Illuminate\\Container\\Container->call(Array)
#30 C:\\Users\\DELL\\Downloads\\MARKOUB PROJECT\\MARKOUB\\backend\\vendor\\symfony\\console\\Command\\Command.php(318): Illuminate\\Console\\Command->execute(Object(Symfony\\Component\\Console\\Input\\ArgvInput), Object(Illuminate\\Console\\OutputStyle))
#31 C:\\Users\\DELL\\Downloads\\MARKOUB PROJECT\\MARKOUB\\backend\\vendor\\laravel\\framework\\src\\Illuminate\\Console\\Command.php(182): Symfony\\Component\\Console\\Command\\Command->run(Object(Symfony\\Component\\Console\\Input\\ArgvInput), Object(Illuminate\\Console\\OutputStyle))
#32 C:\\Users\\DELL\\Downloads\\MARKOUB PROJECT\\MARKOUB\\backend\\vendor\\symfony\\console\\Application.php(1073): Illuminate\\Console\\Command->run(Object(Symfony\\Component\\Console\\Input\\ArgvInput), Object(Symfony\\Component\\Console\\Output\\ConsoleOutput))
#33 C:\\Users\\DELL\\Downloads\\MARKOUB PROJECT\\MARKOUB\\backend\\vendor\\symfony\\console\\Application.php(356): Symfony\\Component\\Console\\Application->doRunCommand(Object(Illuminate\\Foundation\\Console\\OptimizeClearCommand), Object(Symfony\\Component\\Console\\Input\\ArgvInput), Object(Symfony\\Component\\Console\\Output\\ConsoleOutput))
#34 C:\\Users\\DELL\\Downloads\\MARKOUB PROJECT\\MARKOUB\\backend\\vendor\\symfony\\console\\Application.php(195): Symfony\\Component\\Console\\Application->doRun(Object(Symfony\\Component\\Console\\Input\\ArgvInput), Object(Symfony\\Component\\Console\\Output\\ConsoleOutput))
#35 C:\\Users\\DELL\\Downloads\\MARKOUB PROJECT\\MARKOUB\\backend\\vendor\\laravel\\framework\\src\\Illuminate\\Foundation\\Console\\Kernel.php(198): Symfony\\Component\\Console\\Application->run(Object(Symfony\\Component\\Console\\Input\\ArgvInput), Object(Symfony\\Component\\Console\\Output\\ConsoleOutput))
#36 C:\\Users\\DELL\\Downloads\\MARKOUB PROJECT\\MARKOUB\\backend\\artisan(14): Illuminate\\Foundation\\Console\\Kernel->handle(Object(Symfony\\Component\\Console\\Input\\ArgvInput), Object(Symfony\\Component\\Console\\Output\\ConsoleOutput))
#37 {main}
"} 
[2025-10-29 11:24:32] local.ERROR: Carbon\Carbon::rawAddUnit(): Argument #3 ($value) must be of type int|float, string given, called in C:\Users\DELL\Downloads\MARKOUB PROJECT\MARKOUB\backend\vendor\nesbot\carbon\src\Carbon\Traits\Units.php on line 356 {"exception":"[object] (TypeError(code: 0): Carbon\\Carbon::rawAddUnit(): Argument #3 ($value) must be of type int|float, string given, called in C:\\Users\\DELL\\Downloads\\MARKOUB PROJECT\\MARKOUB\\backend\\vendor\\nesbot\\carbon\\src\\Carbon\\Traits\\Units.php on line 356 at C:\\Users\\DELL\\Downloads\\MARKOUB PROJECT\\MARKOUB\\backend\\vendor\\nesbot\\carbon\\src\\Carbon\\Traits\\Units.php:455)
[stacktrace]
#0 C:\\Users\\DELL\\Downloads\\MARKOUB PROJECT\\MARKOUB\\backend\\vendor\\nesbot\\carbon\\src\\Carbon\\Traits\\Units.php(356): Carbon\\Carbon::rawAddUnit(Object(Carbon\\Carbon), 'minute', '60')
#1 C:\\Users\\DELL\\Downloads\\MARKOUB PROJECT\\MARKOUB\\backend\\vendor\\nesbot\\carbon\\src\\Carbon\\Traits\\Date.php(2905): Carbon\\Carbon->addUnit('minute', '60', NULL)
#2 C:\\Users\\DELL\\Downloads\\MARKOUB PROJECT\\MARKOUB\\backend\\vendor\\nesbot\\carbon\\src\\Carbon\\Traits\\Date.php(2596): Carbon\\Carbon->callModifierMethod('minute', Array)
#3 C:\\Users\\DELL\\Downloads\\MARKOUB PROJECT\\MARKOUB\\backend\\vendor\\tymon\\jwt-auth\\src\\Claims\\Factory.php(136): Carbon\\Carbon->__call('addMinutes', Array)
#4 C:\\Users\\DELL\\Downloads\\MARKOUB PROJECT\\MARKOUB\\backend\\vendor\\tymon\\jwt-auth\\src\\Claims\\Factory.php(106): Tymon\\JWTAuth\\Claims\\Factory->exp()
#5 C:\\Users\\DELL\\Downloads\\MARKOUB PROJECT\\MARKOUB\\backend\\vendor\\tymon\\jwt-auth\\src\\Factory.php(143): Tymon\\JWTAuth\\Claims\\Factory->make('exp')
#6 C:\\Users\\DELL\\Downloads\\MARKOUB PROJECT\\MARKOUB\\backend\\vendor\\tymon\\jwt-auth\\src\\Factory.php(169): Tymon\\JWTAuth\\Factory->buildClaims()
#7 C:\\Users\\DELL\\Downloads\\MARKOUB PROJECT\\MARKOUB\\backend\\vendor\\tymon\\jwt-auth\\src\\Factory.php(85): Tymon\\JWTAuth\\Factory->buildClaimsCollection()
#8 C:\\Users\\DELL\\Downloads\\MARKOUB PROJECT\\MARKOUB\\backend\\vendor\\tymon\\jwt-auth\\src\\JWT.php(226): Tymon\\JWTAuth\\Factory->make()
#9 C:\\Users\\DELL\\Downloads\\MARKOUB PROJECT\\MARKOUB\\backend\\vendor\\tymon\\jwt-auth\\src\\JWT.php(74): Tymon\\JWTAuth\\JWT->makePayload(Object(App\\Models\\User))
#10 C:\\Users\\DELL\\Downloads\\MARKOUB PROJECT\\MARKOUB\\backend\\vendor\\tymon\\jwt-auth\\src\\JWT.php(87): Tymon\\JWTAuth\\JWT->fromSubject(Object(App\\Models\\User))
#11 C:\\Users\\DELL\\Downloads\\MARKOUB PROJECT\\MARKOUB\\backend\\vendor\\laravel\\framework\\src\\Illuminate\\Support\\Facades\\Facade.php(361): Tymon\\JWTAuth\\JWT->fromUser(Object(App\\Models\\User))
#12 C:\\Users\\DELL\\Downloads\\MARKOUB PROJECT\\MARKOUB\\backend\\app\\Http\\Controllers\\Api\\V1\\AuthController.php(39): Illuminate\\Support\\Facades\\Facade::__callStatic('fromUser', Array)
#13 C:\\Users\\DELL\\Downloads\\MARKOUB PROJECT\\MARKOUB\\backend\\vendor\\laravel\\framework\\src\\Illuminate\\Routing\\ControllerDispatcher.php(47): App\\Http\\Controllers\\Api\\V1\\AuthController->register(Object(App\\Http\\Requests\\RegisterRequest))
#14 C:\\Users\\DELL\\Downloads\\MARKOUB PROJECT\\MARKOUB\\backend\\vendor\\laravel\\framework\\src\\Illuminate\\Routing\\Route.php(266): Illuminate\\Routing\\ControllerDispatcher->dispatch(Object(Illuminate\\Routing\\Route), Object(App\\Http\\Controllers\\Api\\V1\\AuthController), 'register')
#15 C:\\Users\\DELL\\Downloads\\MARKOUB PROJECT\\MARKOUB\\backend\\vendor\\laravel\\framework\\src\\Illuminate\\Routing\\Route.php(212): Illuminate\\Routing\\Route->runController()
#16 C:\\Users\\DELL\\Downloads\\MARKOUB PROJECT\\MARKOUB\\backend\\vendor\\laravel\\framework\\src\\Illuminate\\Routing\\Router.php(808): Illuminate\\Routing\\Route->run()
#17 C:\\Users\\DELL\\Downloads\\MARKOUB PROJECT\\MARKOUB\\backend\\vendor\\laravel\\framework\\src\\Illuminate\\Pipeline\\Pipeline.php(170): Illuminate\\Routing\\Router->Illuminate\\Routing\\{closure}(Object(Illuminate\\Http\\Request))
#18 C:\\Users\\DELL\\Downloads\\MARKOUB PROJECT\\MARKOUB\\backend\\vendor\\laravel\\framework\\src\\Illuminate\\Routing\\Middleware\\SubstituteBindings.php(51): Illuminate\\Pipeline\\Pipeline->Illuminate\\Pipeline\\{closure}(Object(Illuminate\\Http\\Request))
#19 C:\\Users\\DELL\\Downloads\\MARKOUB PROJECT\\MARKOUB\\backend\\vendor\\laravel\\framework\\src\\Illuminate\\Pipeline\\Pipeline.php(209): Illuminate\\Routing\\Middleware\\SubstituteBindings->handle(Object(Illuminate\\Http\\Request), Object(Closure))
#20 C:\\Users\\DELL\\Downloads\\MARKOUB PROJECT\\MARKOUB\\backend\\vendor\\laravel\\framework\\src\\Illuminate\\Http\\Middleware\\HandleCors.php(62): Illuminate\\Pipeline\\Pipeline->Illuminate\\Pipeline\\{closure}(Object(Illuminate\\Http\\Request))
#21 C:\\Users\\DELL\\Downloads\\MARKOUB PROJECT\\MARKOUB\\backend\\vendor\\laravel\\framework\\src\\Illuminate\\Pipeline\\Pipeline.php(209): Illuminate\\Http\\Middleware\\HandleCors->handle(Object(Illuminate\\Http\\Request), Object(Closure))
#22 C:\\Users\\DELL\\Downloads\\MARKOUB PROJECT\\MARKOUB\\backend\\vendor\\laravel\\framework\\src\\Illuminate\\Pipeline\\Pipeline.php(127): Illuminate\\Pipeline\\Pipeline->Illuminate\\Pipeline\\{closure}(Object(Illuminate\\Http\\Request))
#23 C:\\Users\\DELL\\Downloads\\MARKOUB PROJECT\\MARKOUB\\backend\\vendor\\laravel\\framework\\src\\Illuminate\\Routing\\Router.php(807): Illuminate\\Pipeline\\Pipeline->then(Object(Closure))
#24 C:\\Users\\DELL\\Downloads\\MARKOUB PROJECT\\MARKOUB\\backend\\vendor\\laravel\\framework\\src\\Illuminate\\Routing\\Router.php(786): Illuminate\\Routing\\Router->runRouteWithinStack(Object(Illuminate\\Routing\\Route), Object(Illuminate\\Http\\Request))
#25 C:\\Users\\DELL\\Downloads\\MARKOUB PROJECT\\MARKOUB\\backend\\vendor\\laravel\\framework\\src\\Illuminate\\Routing\\Router.php(750): Illuminate\\Routing\\Router->runRoute(Object(Illuminate\\Http\\Request), Object(Illuminate\\Routing\\Route))
#26 C:\\Users\\DELL\\Downloads\\MARKOUB PROJECT\\MARKOUB\\backend\\vendor\\laravel\\framework\\src\\Illuminate\\Routing\\Router.php(739): Illuminate\\Routing\\Router->dispatchToRoute(Object(Illuminate\\Http\\Request))
#27 C:\\Users\\DELL\\Downloads\\MARKOUB PROJECT\\MARKOUB\\backend\\vendor\\laravel\\framework\\src\\Illuminate\\Foundation\\Http\\Kernel.php(201): Illuminate\\Routing\\Router->dispatch(Object(Illuminate\\Http\\Request))
#28 C:\\Users\\DELL\\Downloads\\MARKOUB PROJECT\\MARKOUB\\backend\\vendor\\laravel\\framework\\src\\Illuminate\\Pipeline\\Pipeline.php(170): Illuminate\\Foundation\\Http\\Kernel->Illuminate\\Foundation\\Http\\{closure}(Object(Illuminate\\Http\\Request))
#29 C:\\Users\\DELL\\Downloads\\MARKOUB PROJECT\\MARKOUB\\backend\\vendor\\laravel\\framework\\src\\Illuminate\\Foundation\\Http\\Middleware\\TransformsRequest.php(21): Illuminate\\Pipeline\\Pipeline->Illuminate\\Pipeline\\{closure}(Object(Illuminate\\Http\\Request))
#30 C:\\Users\\DELL\\Downloads\\MARKOUB PROJECT\\MARKOUB\\backend\\vendor\\laravel\\framework\\src\\Illuminate\\Foundation\\Http\\Middleware\\ConvertEmptyStringsToNull.php(31): Illuminate\\Foundation\\Http\\Middleware\\TransformsRequest->handle(Object(Illuminate\\Http\\Request), Object(Closure))
#31 C:\\Users\\DELL\\Downloads\\MARKOUB PROJECT\\MARKOUB\\backend\\vendor\\laravel\\framework\\src\\Illuminate\\Pipeline\\Pipeline.php(209): Illuminate\\Foundation\\Http\\Middleware\\ConvertEmptyStringsToNull->handle(Object(Illuminate\\Http\\Request), Object(Closure))
#32 C:\\Users\\DELL\\Downloads\\MARKOUB PROJECT\\MARKOUB\\backend\\vendor\\laravel\\framework\\src\\Illuminate\\Foundation\\Http\\Middleware\\TransformsRequest.php(21): Illuminate\\Pipeline\\Pipeline->Illuminate\\Pipeline\\{closure}(Object(Illuminate\\Http\\Request))
#33 C:\\Users\\DELL\\Downloads\\MARKOUB PROJECT\\MARKOUB\\backend\\vendor\\laravel\\framework\\src\\Illuminate\\Foundation\\Http\\Middleware\\TrimStrings.php(51): Illuminate\\Foundation\\Http\\Middleware\\TransformsRequest->handle(Object(Illuminate\\Http\\Request), Object(Closure))
#34 C:\\Users\\DELL\\Downloads\\MARKOUB PROJECT\\MARKOUB\\backend\\vendor\\laravel\\framework\\src\\Illuminate\\Pipeline\\Pipeline.php(209): Illuminate\\Foundation\\Http\\Middleware\\TrimStrings->handle(Object(Illuminate\\Http\\Request), Object(Closure))
#35 C:\\Users\\DELL\\Downloads\\MARKOUB PROJECT\\MARKOUB\\backend\\vendor\\laravel\\framework\\src\\Illuminate\\Http\\Middleware\\ValidatePostSize.php(27): Illuminate\\Pipeline\\Pipeline->Illuminate\\Pipeline\\{closure}(Object(Illuminate\\Http\\Request))
#36 C:\\Users\\DELL\\Downloads\\MARKOUB PROJECT\\MARKOUB\\backend\\vendor\\laravel\\framework\\src\\Illuminate\\Pipeline\\Pipeline.php(209): Illuminate\\Http\\Middleware\\ValidatePostSize->handle(Object(Illuminate\\Http\\Request), Object(Closure))
#37 C:\\Users\\DELL\\Downloads\\MARKOUB PROJECT\\MARKOUB\\backend\\vendor\\laravel\\framework\\src\\Illuminate\\Foundation\\Http\\Middleware\\PreventRequestsDuringMaintenance.php(110): Illuminate\\Pipeline\\Pipeline->Illuminate\\Pipeline\\{closure}(Object(Illuminate\\Http\\Request))
#38 C:\\Users\\DELL\\Downloads\\MARKOUB PROJECT\\MARKOUB\\backend\\vendor\\laravel\\framework\\src\\Illuminate\\Pipeline\\Pipeline.php(209): Illuminate\\Foundation\\Http\\Middleware\\PreventRequestsDuringMaintenance->handle(Object(Illuminate\\Http\\Request), Object(Closure))
#39 C:\\Users\\DELL\\Downloads\\MARKOUB PROJECT\\MARKOUB\\backend\\vendor\\laravel\\framework\\src\\Illuminate\\Http\\Middleware\\HandleCors.php(62): Illuminate\\Pipeline\\Pipeline->Illuminate\\Pipeline\\{closure}(Object(Illuminate\\Http\\Request))
#40 C:\\Users\\DELL\\Downloads\\MARKOUB PROJECT\\MARKOUB\\backend\\vendor\\laravel\\framework\\src\\Illuminate\\Pipeline\\Pipeline.php(209): Illuminate\\Http\\Middleware\\HandleCors->handle(Object(Illuminate\\Http\\Request), Object(Closure))
#41 C:\\Users\\DELL\\Downloads\\MARKOUB PROJECT\\MARKOUB\\backend\\vendor\\laravel\\framework\\src\\Illuminate\\Http\\Middleware\\TrustProxies.php(58): Illuminate\\Pipeline\\Pipeline->Illuminate\\Pipeline\\{closure}(Object(Illuminate\\Http\\Request))
#42 C:\\Users\\DELL\\Downloads\\MARKOUB PROJECT\\MARKOUB\\backend\\vendor\\laravel\\framework\\src\\Illuminate\\Pipeline\\Pipeline.php(209): Illuminate\\Http\\Middleware\\TrustProxies->handle(Object(Illuminate\\Http\\Request), Object(Closure))
#43 C:\\Users\\DELL\\Downloads\\MARKOUB PROJECT\\MARKOUB\\backend\\vendor\\laravel\\framework\\src\\Illuminate\\Foundation\\Http\\Middleware\\InvokeDeferredCallbacks.php(22): Illuminate\\Pipeline\\Pipeline->Illuminate\\Pipeline\\{closure}(Object(Illuminate\\Http\\Request))
#44 C:\\Users\\DELL\\Downloads\\MARKOUB PROJECT\\MARKOUB\\backend\\vendor\\laravel\\framework\\src\\Illuminate\\Pipeline\\Pipeline.php(209): Illuminate\\Foundation\\Http\\Middleware\\InvokeDeferredCallbacks->handle(Object(Illuminate\\Http\\Request), Object(Closure))
#45 C:\\Users\\DELL\\Downloads\\MARKOUB PROJECT\\MARKOUB\\backend\\vendor\\laravel\\framework\\src\\Illuminate\\Pipeline\\Pipeline.php(127): Illuminate\\Pipeline\\Pipeline->Illuminate\\Pipeline\\{closure}(Object(Illuminate\\Http\\Request))
#46 C:\\Users\\DELL\\Downloads\\MARKOUB PROJECT\\MARKOUB\\backend\\vendor\\laravel\\framework\\src\\Illuminate\\Foundation\\Http\\Kernel.php(176): Illuminate\\Pipeline\\Pipeline->then(Object(Closure))
#47 C:\\Users\\DELL\\Downloads\\MARKOUB PROJECT\\MARKOUB\\backend\\vendor\\laravel\\framework\\src\\Illuminate\\Foundation\\Http\\Kernel.php(145): Illuminate\\Foundation\\Http\\Kernel->sendRequestThroughRouter(Object(Illuminate\\Http\\Request))
#48 C:\\Users\\DELL\\Downloads\\MARKOUB PROJECT\\MARKOUB\\backend\\vendor\\laravel\\framework\\src\\Illuminate\\Foundation\\Application.php(1220): Illuminate\\Foundation\\Http\\Kernel->handle(Object(Illuminate\\Http\\Request))
#49 C:\\Users\\DELL\\Downloads\\MARKOUB PROJECT\\MARKOUB\\backend\\public\\index.php(17): Illuminate\\Foundation\\Application->handleRequest(Object(Illuminate\\Http\\Request))
#50 C:\\Users\\DELL\\Downloads\\MARKOUB PROJECT\\MARKOUB\\backend\\vendor\\laravel\\framework\\src\\Illuminate\\Foundation\\resources\\server.php(23): require_once('C:\\\\Users\\\\DELL\\\\D...')
#51 {main}
"} 
[2025-10-29 19:16:25] local.ERROR: could not find driver (Connection: sqlite, SQL: PRAGMA foreign_keys = ON;) {"exception":"[object] (Illuminate\\Database\\QueryException(code: 0): could not find driver (Connection: sqlite, SQL: PRAGMA foreign_keys = ON;) at C:\\Users\\DELL\\Downloads\\MARKOUB PROJECT\\MARKOUB\\backend\\vendor\\laravel\\framework\\src\\Illuminate\\Database\\Connection.php:825)
[stacktrace]
#0 C:\\Users\\DELL\\Downloads\\MARKOUB PROJECT\\MARKOUB\\backend\\vendor\\laravel\\framework\\src\\Illuminate\\Database\\Connection.php(779): Illuminate\\Database\\Connection->runQueryCallback('PRAGMA foreign_...', Array, Object(Closure))
#1 C:\\Users\\DELL\\Downloads\\MARKOUB PROJECT\\MARKOUB\\backend\\vendor\\laravel\\framework\\src\\Illuminate\\Database\\Connection.php(560): Illuminate\\Database\\Connection->run('PRAGMA foreign_...', Array, Object(Closure))
#2 C:\\Users\\DELL\\Downloads\\MARKOUB PROJECT\\MARKOUB\\backend\\vendor\\laravel\\framework\\src\\Illuminate\\Database\\Schema\\Builder.php(522): Illuminate\\Database\\Connection->statement('PRAGMA foreign_...')
#3 C:\\Users\\DELL\\Downloads\\MARKOUB PROJECT\\MARKOUB\\backend\\vendor\\laravel\\framework\\src\\Illuminate\\Database\\SQLiteConnection.php(59): Illuminate\\Database\\Schema\\Builder->enableForeignKeyConstraints()
#4 C:\\Users\\DELL\\Downloads\\MARKOUB PROJECT\\MARKOUB\\backend\\vendor\\laravel\\framework\\src\\Illuminate\\Database\\SQLiteConnection.php(28): Illuminate\\Database\\SQLiteConnection->configureForeignKeyConstraints()
#5 C:\\Users\\DELL\\Downloads\\MARKOUB PROJECT\\MARKOUB\\backend\\vendor\\laravel\\framework\\src\\Illuminate\\Database\\Connectors\\ConnectionFactory.php(277): Illuminate\\Database\\SQLiteConnection->__construct(Object(Closure), 'database/databa...', '', Array)
#6 C:\\Users\\DELL\\Downloads\\MARKOUB PROJECT\\MARKOUB\\backend\\vendor\\laravel\\framework\\src\\Illuminate\\Database\\Connectors\\ConnectionFactory.php(76): Illuminate\\Database\\Connectors\\ConnectionFactory->createConnection('sqlite', Object(Closure), 'database/databa...', '', Array)
#7 C:\\Users\\DELL\\Downloads\\MARKOUB PROJECT\\MARKOUB\\backend\\vendor\\laravel\\framework\\src\\Illuminate\\Database\\Connectors\\ConnectionFactory.php(51): Illuminate\\Database\\Connectors\\ConnectionFactory->createSingleConnection(Array)
#8 C:\\Users\\DELL\\Downloads\\MARKOUB PROJECT\\MARKOUB\\backend\\vendor\\laravel\\framework\\src\\Illuminate\\Database\\DatabaseManager.php(207): Illuminate\\Database\\Connectors\\ConnectionFactory->make(Array, 'sqlite')
#9 C:\\Users\\DELL\\Downloads\\MARKOUB PROJECT\\MARKOUB\\backend\\vendor\\laravel\\framework\\src\\Illuminate\\Database\\DatabaseManager.php(103): Illuminate\\Database\\DatabaseManager->makeConnection('sqlite')
#10 C:\\Users\\DELL\\Downloads\\MARKOUB PROJECT\\MARKOUB\\backend\\vendor\\laravel\\framework\\src\\Illuminate\\Cache\\CacheManager.php(227): Illuminate\\Database\\DatabaseManager->connection('sqlite')
#11 C:\\Users\\DELL\\Downloads\\MARKOUB PROJECT\\MARKOUB\\backend\\vendor\\laravel\\framework\\src\\Illuminate\\Cache\\CacheManager.php(113): Illuminate\\Cache\\CacheManager->createDatabaseDriver(Array)
#12 C:\\Users\\DELL\\Downloads\\MARKOUB PROJECT\\MARKOUB\\backend\\vendor\\laravel\\framework\\src\\Illuminate\\Cache\\CacheManager.php(93): Illuminate\\Cache\\CacheManager->build(Array)
#13 C:\\Users\\DELL\\Downloads\\MARKOUB PROJECT\\MARKOUB\\backend\\vendor\\laravel\\framework\\src\\Illuminate\\Cache\\CacheManager.php(61): Illuminate\\Cache\\CacheManager->resolve('database')
#14 C:\\Users\\DELL\\Downloads\\MARKOUB PROJECT\\MARKOUB\\backend\\vendor\\laravel\\framework\\src\\Illuminate\\Cache\\CacheManager.php(72): Illuminate\\Cache\\CacheManager->store('database')
#15 C:\\Users\\DELL\\Downloads\\MARKOUB PROJECT\\MARKOUB\\backend\\vendor\\laravel\\framework\\src\\Illuminate\\Cache\\CacheServiceProvider.php(35): Illuminate\\Cache\\CacheManager->driver(NULL)
#16 C:\\Users\\DELL\\Downloads\\MARKOUB PROJECT\\MARKOUB\\backend\\vendor\\laravel\\framework\\src\\Illuminate\\Container\\Container.php(952): Illuminate\\Cache\\CacheServiceProvider->Illuminate\\Cache\\{closure}(Object(Illuminate\\Foundation\\Application), Array)
#17 C:\\Users\\DELL\\Downloads\\MARKOUB PROJECT\\MARKOUB\\backend\\vendor\\laravel\\framework\\src\\Illuminate\\Container\\Container.php(832): Illuminate\\Container\\Container->build(Object(Closure))
#18 C:\\Users\\DELL\\Downloads\\MARKOUB PROJECT\\MARKOUB\\backend\\vendor\\laravel\\framework\\src\\Illuminate\\Foundation\\Application.php(1078): Illuminate\\Container\\Container->resolve('Illuminate\\\\Cach...', Array, true)
#19 C:\\Users\\DELL\\Downloads\\MARKOUB PROJECT\\MARKOUB\\backend\\vendor\\laravel\\framework\\src\\Illuminate\\Container\\Container.php(763): Illuminate\\Foundation\\Application->resolve('Illuminate\\\\Cach...', Array)
#20 C:\\Users\\DELL\\Downloads\\MARKOUB PROJECT\\MARKOUB\\backend\\vendor\\laravel\\framework\\src\\Illuminate\\Foundation\\Application.php(1058): Illuminate\\Container\\Container->make('Illuminate\\\\Cach...', Array)
#21 C:\\Users\\DELL\\Downloads\\MARKOUB PROJECT\\MARKOUB\\backend\\vendor\\laravel\\framework\\src\\Illuminate\\Container\\Container.php(1580): Illuminate\\Foundation\\Application->make('Illuminate\\\\Cach...')
#22 C:\\Users\\DELL\\Downloads\\MARKOUB PROJECT\\MARKOUB\\backend\\vendor\\laravel\\framework\\src\\Illuminate\\Support\\Facades\\Facade.php(239): Illuminate\\Container\\Container->offsetGet('Illuminate\\\\Cach...')
#23 C:\\Users\\DELL\\Downloads\\MARKOUB PROJECT\\MARKOUB\\backend\\vendor\\laravel\\framework\\src\\Illuminate\\Support\\Facades\\Facade.php(210): Illuminate\\Support\\Facades\\Facade::resolveFacadeInstance('Illuminate\\\\Cach...')
#24 C:\\Users\\DELL\\Downloads\\MARKOUB PROJECT\\MARKOUB\\backend\\vendor\\laravel\\framework\\src\\Illuminate\\Support\\Facades\\Facade.php(355): Illuminate\\Support\\Facades\\Facade::getFacadeRoot()
#25 C:\\Users\\DELL\\Downloads\\MARKOUB PROJECT\\MARKOUB\\backend\\app\\Providers\\AppServiceProvider.php(25): Illuminate\\Support\\Facades\\Facade::__callStatic('for', Array)
#26 C:\\Users\\DELL\\Downloads\\MARKOUB PROJECT\\MARKOUB\\backend\\vendor\\laravel\\framework\\src\\Illuminate\\Container\\BoundMethod.php(36): App\\Providers\\AppServiceProvider->boot()
#27 C:\\Users\\DELL\\Downloads\\MARKOUB PROJECT\\MARKOUB\\backend\\vendor\\laravel\\framework\\src\\Illuminate\\Container\\Util.php(43): Illuminate\\Container\\BoundMethod::Illuminate\\Container\\{closure}()
#28 C:\\Users\\DELL\\Downloads\\MARKOUB PROJECT\\MARKOUB\\backend\\vendor\\laravel\\framework\\src\\Illuminate\\Container\\BoundMethod.php(95): Illuminate\\Container\\Util::unwrapIfClosure(Object(Closure))
#29 C:\\Users\\DELL\\Downloads\\MARKOUB PROJECT\\MARKOUB\\backend\\vendor\\laravel\\framework\\src\\Illuminate\\Container\\BoundMethod.php(35): Illuminate\\Container\\BoundMethod::callBoundMethod(Object(Illuminate\\Foundation\\Application), Array, Object(Closure))
#30 C:\\Users\\DELL\\Downloads\\MARKOUB PROJECT\\MARKOUB\\backend\\vendor\\laravel\\framework\\src\\Illuminate\\Container\\Container.php(696): Illuminate\\Container\\BoundMethod::call(Object(Illuminate\\Foundation\\Application), Array, Array, NULL)
#31 C:\\Users\\DELL\\Downloads\\MARKOUB PROJECT\\MARKOUB\\backend\\vendor\\laravel\\framework\\src\\Illuminate\\Foundation\\Application.php(1151): Illuminate\\Container\\Container->call(Array)
#32 C:\\Users\\DELL\\Downloads\\MARKOUB PROJECT\\MARKOUB\\backend\\vendor\\laravel\\framework\\src\\Illuminate\\Foundation\\Application.php(1132): Illuminate\\Foundation\\Application->bootProvider(Object(App\\Providers\\AppServiceProvider))
#33 [internal function]: Illuminate\\Foundation\\Application->Illuminate\\Foundation\\{closure}(Object(App\\Providers\\AppServiceProvider), 'App\\\\Providers\\\\A...')
#34 C:\\Users\\DELL\\Downloads\\MARKOUB PROJECT\\MARKOUB\\backend\\vendor\\laravel\\framework\\src\\Illuminate\\Foundation\\Application.php(1131): array_walk(Array, Object(Closure))
#35 C:\\Users\\DELL\\Downloads\\MARKOUB PROJECT\\MARKOUB\\backend\\vendor\\laravel\\framework\\src\\Illuminate\\Foundation\\Bootstrap\\BootProviders.php(17): Illuminate\\Foundation\\Application->boot()
#36 C:\\Users\\DELL\\Downloads\\MARKOUB PROJECT\\MARKOUB\\backend\\vendor\\laravel\\framework\\src\\Illuminate\\Foundation\\Application.php(342): Illuminate\\Foundation\\Bootstrap\\BootProviders->bootstrap(Object(Illuminate\\Foundation\\Application))
#37 C:\\Users\\DELL\\Downloads\\MARKOUB PROJECT\\MARKOUB\\backend\\vendor\\laravel\\framework\\src\\Illuminate\\Foundation\\Console\\Kernel.php(474): Illuminate\\Foundation\\Application->bootstrapWith(Array)
#38 C:\\Users\\DELL\\Downloads\\MARKOUB PROJECT\\MARKOUB\\backend\\vendor\\laravel\\framework\\src\\Illuminate\\Foundation\\Console\\Kernel.php(196): Illuminate\\Foundation\\Console\\Kernel->bootstrap()
#39 C:\\Users\\DELL\\Downloads\\MARKOUB PROJECT\\MARKOUB\\backend\\artisan(14): Illuminate\\Foundation\\Console\\Kernel->handle(Object(Symfony\\Component\\Console\\Input\\ArgvInput), Object(Symfony\\Component\\Console\\Output\\ConsoleOutput))
#40 {main}

[previous exception] [object] (PDOException(code: 0): could not find driver at C:\\Users\\DELL\\Downloads\\MARKOUB PROJECT\\MARKOUB\\backend\\vendor\\laravel\\framework\\src\\Illuminate\\Database\\Connectors\\Connector.php:66)
[stacktrace]
#0 C:\\Users\\DELL\\Downloads\\MARKOUB PROJECT\\MARKOUB\\backend\\vendor\\laravel\\framework\\src\\Illuminate\\Database\\Connectors\\Connector.php(66): PDO->__construct('sqlite:C:\\\\Users...', NULL, Object(SensitiveParameterValue), Array)
#1 C:\\Users\\DELL\\Downloads\\MARKOUB PROJECT\\MARKOUB\\backend\\vendor\\laravel\\framework\\src\\Illuminate\\Database\\Connectors\\Connector.php(44): Illuminate\\Database\\Connectors\\Connector->createPdoConnection('sqlite:C:\\\\Users...', NULL, Object(SensitiveParameterValue), Array)
#2 C:\\Users\\DELL\\Downloads\\MARKOUB PROJECT\\MARKOUB\\backend\\vendor\\laravel\\framework\\src\\Illuminate\\Database\\Connectors\\SQLiteConnector.php(40): Illuminate\\Database\\Connectors\\Connector->createConnection('sqlite:C:\\\\Users...', Array, Array)
#3 C:\\Users\\DELL\\Downloads\\MARKOUB PROJECT\\MARKOUB\\backend\\vendor\\laravel\\framework\\src\\Illuminate\\Database\\Connectors\\ConnectionFactory.php(224): Illuminate\\Database\\Connectors\\SQLiteConnector->connect(Array)
#4 [internal function]: Illuminate\\Database\\Connectors\\ConnectionFactory->Illuminate\\Database\\Connectors\\{closure}()
#5 C:\\Users\\DELL\\Downloads\\MARKOUB PROJECT\\MARKOUB\\backend\\vendor\\laravel\\framework\\src\\Illuminate\\Database\\Connection.php(1231): call_user_func(Object(Closure))
#6 C:\\Users\\DELL\\Downloads\\MARKOUB PROJECT\\MARKOUB\\backend\\vendor\\laravel\\framework\\src\\Illuminate\\Database\\Connection.php(565): Illuminate\\Database\\Connection->getPdo()
#7 C:\\Users\\DELL\\Downloads\\MARKOUB PROJECT\\MARKOUB\\backend\\vendor\\laravel\\framework\\src\\Illuminate\\Database\\Connection.php(812): Illuminate\\Database\\Connection->Illuminate\\Database\\{closure}('PRAGMA foreign_...', Array)
#8 C:\\Users\\DELL\\Downloads\\MARKOUB PROJECT\\MARKOUB\\backend\\vendor\\laravel\\framework\\src\\Illuminate\\Database\\Connection.php(779): Illuminate\\Database\\Connection->runQueryCallback('PRAGMA foreign_...', Array, Object(Closure))
#9 C:\\Users\\DELL\\Downloads\\MARKOUB PROJECT\\MARKOUB\\backend\\vendor\\laravel\\framework\\src\\Illuminate\\Database\\Connection.php(560): Illuminate\\Database\\Connection->run('PRAGMA foreign_...', Array, Object(Closure))
#10 C:\\Users\\DELL\\Downloads\\MARKOUB PROJECT\\MARKOUB\\backend\\vendor\\laravel\\framework\\src\\Illuminate\\Database\\Schema\\Builder.php(522): Illuminate\\Database\\Connection->statement('PRAGMA foreign_...')
#11 C:\\Users\\DELL\\Downloads\\MARKOUB PROJECT\\MARKOUB\\backend\\vendor\\laravel\\framework\\src\\Illuminate\\Database\\SQLiteConnection.php(59): Illuminate\\Database\\Schema\\Builder->enableForeignKeyConstraints()
#12 C:\\Users\\DELL\\Downloads\\MARKOUB PROJECT\\MARKOUB\\backend\\vendor\\laravel\\framework\\src\\Illuminate\\Database\\SQLiteConnection.php(28): Illuminate\\Database\\SQLiteConnection->configureForeignKeyConstraints()
#13 C:\\Users\\DELL\\Downloads\\MARKOUB PROJECT\\MARKOUB\\backend\\vendor\\laravel\\framework\\src\\Illuminate\\Database\\Connectors\\ConnectionFactory.php(277): Illuminate\\Database\\SQLiteConnection->__construct(Object(Closure), 'database/databa...', '', Array)
#14 C:\\Users\\DELL\\Downloads\\MARKOUB PROJECT\\MARKOUB\\backend\\vendor\\laravel\\framework\\src\\Illuminate\\Database\\Connectors\\ConnectionFactory.php(76): Illuminate\\Database\\Connectors\\ConnectionFactory->createConnection('sqlite', Object(Closure), 'database/databa...', '', Array)
#15 C:\\Users\\DELL\\Downloads\\MARKOUB PROJECT\\MARKOUB\\backend\\vendor\\laravel\\framework\\src\\Illuminate\\Database\\Connectors\\ConnectionFactory.php(51): Illuminate\\Database\\Connectors\\ConnectionFactory->createSingleConnection(Array)
#16 C:\\Users\\DELL\\Downloads\\MARKOUB PROJECT\\MARKOUB\\backend\\vendor\\laravel\\framework\\src\\Illuminate\\Database\\DatabaseManager.php(207): Illuminate\\Database\\Connectors\\ConnectionFactory->make(Array, 'sqlite')
#17 C:\\Users\\DELL\\Downloads\\MARKOUB PROJECT\\MARKOUB\\backend\\vendor\\laravel\\framework\\src\\Illuminate\\Database\\DatabaseManager.php(103): Illuminate\\Database\\DatabaseManager->makeConnection('sqlite')
#18 C:\\Users\\DELL\\Downloads\\MARKOUB PROJECT\\MARKOUB\\backend\\vendor\\laravel\\framework\\src\\Illuminate\\Cache\\CacheManager.php(227): Illuminate\\Database\\DatabaseManager->connection('sqlite')
#19 C:\\Users\\DELL\\Downloads\\MARKOUB PROJECT\\MARKOUB\\backend\\vendor\\laravel\\framework\\src\\Illuminate\\Cache\\CacheManager.php(113): Illuminate\\Cache\\CacheManager->createDatabaseDriver(Array)
#20 C:\\Users\\DELL\\Downloads\\MARKOUB PROJECT\\MARKOUB\\backend\\vendor\\laravel\\framework\\src\\Illuminate\\Cache\\CacheManager.php(93): Illuminate\\Cache\\CacheManager->build(Array)
#21 C:\\Users\\DELL\\Downloads\\MARKOUB PROJECT\\MARKOUB\\backend\\vendor\\laravel\\framework\\src\\Illuminate\\Cache\\CacheManager.php(61): Illuminate\\Cache\\CacheManager->resolve('database')
#22 C:\\Users\\DELL\\Downloads\\MARKOUB PROJECT\\MARKOUB\\backend\\vendor\\laravel\\framework\\src\\Illuminate\\Cache\\CacheManager.php(72): Illuminate\\Cache\\CacheManager->store('database')
#23 C:\\Users\\DELL\\Downloads\\MARKOUB PROJECT\\MARKOUB\\backend\\vendor\\laravel\\framework\\src\\Illuminate\\Cache\\CacheServiceProvider.php(35): Illuminate\\Cache\\CacheManager->driver(NULL)
#24 C:\\Users\\DELL\\Downloads\\MARKOUB PROJECT\\MARKOUB\\backend\\vendor\\laravel\\framework\\src\\Illuminate\\Container\\Container.php(952): Illuminate\\Cache\\CacheServiceProvider->Illuminate\\Cache\\{closure}(Object(Illuminate\\Foundation\\Application), Array)
#25 C:\\Users\\DELL\\Downloads\\MARKOUB PROJECT\\MARKOUB\\backend\\vendor\\laravel\\framework\\src\\Illuminate\\Container\\Container.php(832): Illuminate\\Container\\Container->build(Object(Closure))
#26 C:\\Users\\DELL\\Downloads\\MARKOUB PROJECT\\MARKOUB\\backend\\vendor\\laravel\\framework\\src\\Illuminate\\Foundation\\Application.php(1078): Illuminate\\Container\\Container->resolve('Illuminate\\\\Cach...', Array, true)
#27 C:\\Users\\DELL\\Downloads\\MARKOUB PROJECT\\MARKOUB\\backend\\vendor\\laravel\\framework\\src\\Illuminate\\Container\\Container.php(763): Illuminate\\Foundation\\Application->resolve('Illuminate\\\\Cach...', Array)
#28 C:\\Users\\DELL\\Downloads\\MARKOUB PROJECT\\MARKOUB\\backend\\vendor\\laravel\\framework\\src\\Illuminate\\Foundation\\Application.php(1058): Illuminate\\Container\\Container->make('Illuminate\\\\Cach...', Array)
#29 C:\\Users\\DELL\\Downloads\\MARKOUB PROJECT\\MARKOUB\\backend\\vendor\\laravel\\framework\\src\\Illuminate\\Container\\Container.php(1580): Illuminate\\Foundation\\Application->make('Illuminate\\\\Cach...')
#30 C:\\Users\\DELL\\Downloads\\MARKOUB PROJECT\\MARKOUB\\backend\\vendor\\laravel\\framework\\src\\Illuminate\\Support\\Facades\\Facade.php(239): Illuminate\\Container\\Container->offsetGet('Illuminate\\\\Cach...')
#31 C:\\Users\\DELL\\Downloads\\MARKOUB PROJECT\\MARKOUB\\backend\\vendor\\laravel\\framework\\src\\Illuminate\\Support\\Facades\\Facade.php(210): Illuminate\\Support\\Facades\\Facade::resolveFacadeInstance('Illuminate\\\\Cach...')
#32 C:\\Users\\DELL\\Downloads\\MARKOUB PROJECT\\MARKOUB\\backend\\vendor\\laravel\\framework\\src\\Illuminate\\Support\\Facades\\Facade.php(355): Illuminate\\Support\\Facades\\Facade::getFacadeRoot()
#33 C:\\Users\\DELL\\Downloads\\MARKOUB PROJECT\\MARKOUB\\backend\\app\\Providers\\AppServiceProvider.php(25): Illuminate\\Support\\Facades\\Facade::__callStatic('for', Array)
#34 C:\\Users\\DELL\\Downloads\\MARKOUB PROJECT\\MARKOUB\\backend\\vendor\\laravel\\framework\\src\\Illuminate\\Container\\BoundMethod.php(36): App\\Providers\\AppServiceProvider->boot()
#35 C:\\Users\\DELL\\Downloads\\MARKOUB PROJECT\\MARKOUB\\backend\\vendor\\laravel\\framework\\src\\Illuminate\\Container\\Util.php(43): Illuminate\\Container\\BoundMethod::Illuminate\\Container\\{closure}()
#36 C:\\Users\\DELL\\Downloads\\MARKOUB PROJECT\\MARKOUB\\backend\\vendor\\laravel\\framework\\src\\Illuminate\\Container\\BoundMethod.php(95): Illuminate\\Container\\Util::unwrapIfClosure(Object(Closure))
#37 C:\\Users\\DELL\\Downloads\\MARKOUB PROJECT\\MARKOUB\\backend\\vendor\\laravel\\framework\\src\\Illuminate\\Container\\BoundMethod.php(35): Illuminate\\Container\\BoundMethod::callBoundMethod(Object(Illuminate\\Foundation\\Application), Array, Object(Closure))
#38 C:\\Users\\DELL\\Downloads\\MARKOUB PROJECT\\MARKOUB\\backend\\vendor\\laravel\\framework\\src\\Illuminate\\Container\\Container.php(696): Illuminate\\Container\\BoundMethod::call(Object(Illuminate\\Foundation\\Application), Array, Array, NULL)
#39 C:\\Users\\DELL\\Downloads\\MARKOUB PROJECT\\MARKOUB\\backend\\vendor\\laravel\\framework\\src\\Illuminate\\Foundation\\Application.php(1151): Illuminate\\Container\\Container->call(Array)
#40 C:\\Users\\DELL\\Downloads\\MARKOUB PROJECT\\MARKOUB\\backend\\vendor\\laravel\\framework\\src\\Illuminate\\Foundation\\Application.php(1132): Illuminate\\Foundation\\Application->bootProvider(Object(App\\Providers\\AppServiceProvider))
#41 [internal function]: Illuminate\\Foundation\\Application->Illuminate\\Foundation\\{closure}(Object(App\\Providers\\AppServiceProvider), 'App\\\\Providers\\\\A...')
#42 C:\\Users\\DELL\\Downloads\\MARKOUB PROJECT\\MARKOUB\\backend\\vendor\\laravel\\framework\\src\\Illuminate\\Foundation\\Application.php(1131): array_walk(Array, Object(Closure))
#43 C:\\Users\\DELL\\Downloads\\MARKOUB PROJECT\\MARKOUB\\backend\\vendor\\laravel\\framework\\src\\Illuminate\\Foundation\\Bootstrap\\BootProviders.php(17): Illuminate\\Foundation\\Application->boot()
#44 C:\\Users\\DELL\\Downloads\\MARKOUB PROJECT\\MARKOUB\\backend\\vendor\\laravel\\framework\\src\\Illuminate\\Foundation\\Application.php(342): Illuminate\\Foundation\\Bootstrap\\BootProviders->bootstrap(Object(Illuminate\\Foundation\\Application))
#45 C:\\Users\\DELL\\Downloads\\MARKOUB PROJECT\\MARKOUB\\backend\\vendor\\laravel\\framework\\src\\Illuminate\\Foundation\\Console\\Kernel.php(474): Illuminate\\Foundation\\Application->bootstrapWith(Array)
#46 C:\\Users\\DELL\\Downloads\\MARKOUB PROJECT\\MARKOUB\\backend\\vendor\\laravel\\framework\\src\\Illuminate\\Foundation\\Console\\Kernel.php(196): Illuminate\\Foundation\\Console\\Kernel->bootstrap()
#47 C:\\Users\\DELL\\Downloads\\MARKOUB PROJECT\\MARKOUB\\backend\\artisan(14): Illuminate\\Foundation\\Console\\Kernel->handle(Object(Symfony\\Component\\Console\\Input\\ArgvInput), Object(Symfony\\Component\\Console\\Output\\ConsoleOutput))
#48 {main}
"} 
[2025-10-29 19:17:44] local.ERROR: could not find driver (Connection: sqlite, SQL: PRAGMA foreign_keys = ON;) {"exception":"[object] (Illuminate\\Database\\QueryException(code: 0): could not find driver (Connection: sqlite, SQL: PRAGMA foreign_keys = ON;) at C:\\Users\\DELL\\Downloads\\MARKOUB PROJECT\\MARKOUB\\backend\\vendor\\laravel\\framework\\src\\Illuminate\\Database\\Connection.php:825)
[stacktrace]
#0 C:\\Users\\DELL\\Downloads\\MARKOUB PROJECT\\MARKOUB\\backend\\vendor\\laravel\\framework\\src\\Illuminate\\Database\\Connection.php(779): Illuminate\\Database\\Connection->runQueryCallback('PRAGMA foreign_...', Array, Object(Closure))
#1 C:\\Users\\DELL\\Downloads\\MARKOUB PROJECT\\MARKOUB\\backend\\vendor\\laravel\\framework\\src\\Illuminate\\Database\\Connection.php(560): Illuminate\\Database\\Connection->run('PRAGMA foreign_...', Array, Object(Closure))
#2 C:\\Users\\DELL\\Downloads\\MARKOUB PROJECT\\MARKOUB\\backend\\vendor\\laravel\\framework\\src\\Illuminate\\Database\\Schema\\Builder.php(522): Illuminate\\Database\\Connection->statement('PRAGMA foreign_...')
#3 C:\\Users\\DELL\\Downloads\\MARKOUB PROJECT\\MARKOUB\\backend\\vendor\\laravel\\framework\\src\\Illuminate\\Database\\SQLiteConnection.php(59): Illuminate\\Database\\Schema\\Builder->enableForeignKeyConstraints()
#4 C:\\Users\\DELL\\Downloads\\MARKOUB PROJECT\\MARKOUB\\backend\\vendor\\laravel\\framework\\src\\Illuminate\\Database\\SQLiteConnection.php(28): Illuminate\\Database\\SQLiteConnection->configureForeignKeyConstraints()
#5 C:\\Users\\DELL\\Downloads\\MARKOUB PROJECT\\MARKOUB\\backend\\vendor\\laravel\\framework\\src\\Illuminate\\Database\\Connectors\\ConnectionFactory.php(277): Illuminate\\Database\\SQLiteConnection->__construct(Object(Closure), 'database/databa...', '', Array)
#6 C:\\Users\\DELL\\Downloads\\MARKOUB PROJECT\\MARKOUB\\backend\\vendor\\laravel\\framework\\src\\Illuminate\\Database\\Connectors\\ConnectionFactory.php(76): Illuminate\\Database\\Connectors\\ConnectionFactory->createConnection('sqlite', Object(Closure), 'database/databa...', '', Array)
#7 C:\\Users\\DELL\\Downloads\\MARKOUB PROJECT\\MARKOUB\\backend\\vendor\\laravel\\framework\\src\\Illuminate\\Database\\Connectors\\ConnectionFactory.php(51): Illuminate\\Database\\Connectors\\ConnectionFactory->createSingleConnection(Array)
#8 C:\\Users\\DELL\\Downloads\\MARKOUB PROJECT\\MARKOUB\\backend\\vendor\\laravel\\framework\\src\\Illuminate\\Database\\DatabaseManager.php(207): Illuminate\\Database\\Connectors\\ConnectionFactory->make(Array, 'sqlite')
#9 C:\\Users\\DELL\\Downloads\\MARKOUB PROJECT\\MARKOUB\\backend\\vendor\\laravel\\framework\\src\\Illuminate\\Database\\DatabaseManager.php(103): Illuminate\\Database\\DatabaseManager->makeConnection('sqlite')
#10 C:\\Users\\DELL\\Downloads\\MARKOUB PROJECT\\MARKOUB\\backend\\vendor\\laravel\\framework\\src\\Illuminate\\Cache\\CacheManager.php(227): Illuminate\\Database\\DatabaseManager->connection('sqlite')
#11 C:\\Users\\DELL\\Downloads\\MARKOUB PROJECT\\MARKOUB\\backend\\vendor\\laravel\\framework\\src\\Illuminate\\Cache\\CacheManager.php(113): Illuminate\\Cache\\CacheManager->createDatabaseDriver(Array)
#12 C:\\Users\\DELL\\Downloads\\MARKOUB PROJECT\\MARKOUB\\backend\\vendor\\laravel\\framework\\src\\Illuminate\\Cache\\CacheManager.php(93): Illuminate\\Cache\\CacheManager->build(Array)
#13 C:\\Users\\DELL\\Downloads\\MARKOUB PROJECT\\MARKOUB\\backend\\vendor\\laravel\\framework\\src\\Illuminate\\Cache\\CacheManager.php(61): Illuminate\\Cache\\CacheManager->resolve('database')
#14 C:\\Users\\DELL\\Downloads\\MARKOUB PROJECT\\MARKOUB\\backend\\vendor\\laravel\\framework\\src\\Illuminate\\Cache\\CacheManager.php(72): Illuminate\\Cache\\CacheManager->store('database')
#15 C:\\Users\\DELL\\Downloads\\MARKOUB PROJECT\\MARKOUB\\backend\\vendor\\laravel\\framework\\src\\Illuminate\\Cache\\CacheServiceProvider.php(35): Illuminate\\Cache\\CacheManager->driver(NULL)
#16 C:\\Users\\DELL\\Downloads\\MARKOUB PROJECT\\MARKOUB\\backend\\vendor\\laravel\\framework\\src\\Illuminate\\Container\\Container.php(952): Illuminate\\Cache\\CacheServiceProvider->Illuminate\\Cache\\{closure}(Object(Illuminate\\Foundation\\Application), Array)
#17 C:\\Users\\DELL\\Downloads\\MARKOUB PROJECT\\MARKOUB\\backend\\vendor\\laravel\\framework\\src\\Illuminate\\Container\\Container.php(832): Illuminate\\Container\\Container->build(Object(Closure))
#18 C:\\Users\\DELL\\Downloads\\MARKOUB PROJECT\\MARKOUB\\backend\\vendor\\laravel\\framework\\src\\Illuminate\\Foundation\\Application.php(1078): Illuminate\\Container\\Container->resolve('Illuminate\\\\Cach...', Array, true)
#19 C:\\Users\\DELL\\Downloads\\MARKOUB PROJECT\\MARKOUB\\backend\\vendor\\laravel\\framework\\src\\Illuminate\\Container\\Container.php(763): Illuminate\\Foundation\\Application->resolve('Illuminate\\\\Cach...', Array)
#20 C:\\Users\\DELL\\Downloads\\MARKOUB PROJECT\\MARKOUB\\backend\\vendor\\laravel\\framework\\src\\Illuminate\\Foundation\\Application.php(1058): Illuminate\\Container\\Container->make('Illuminate\\\\Cach...', Array)
#21 C:\\Users\\DELL\\Downloads\\MARKOUB PROJECT\\MARKOUB\\backend\\vendor\\laravel\\framework\\src\\Illuminate\\Container\\Container.php(1580): Illuminate\\Foundation\\Application->make('Illuminate\\\\Cach...')
#22 C:\\Users\\DELL\\Downloads\\MARKOUB PROJECT\\MARKOUB\\backend\\vendor\\laravel\\framework\\src\\Illuminate\\Support\\Facades\\Facade.php(239): Illuminate\\Container\\Container->offsetGet('Illuminate\\\\Cach...')
#23 C:\\Users\\DELL\\Downloads\\MARKOUB PROJECT\\MARKOUB\\backend\\vendor\\laravel\\framework\\src\\Illuminate\\Support\\Facades\\Facade.php(210): Illuminate\\Support\\Facades\\Facade::resolveFacadeInstance('Illuminate\\\\Cach...')
#24 C:\\Users\\DELL\\Downloads\\MARKOUB PROJECT\\MARKOUB\\backend\\vendor\\laravel\\framework\\src\\Illuminate\\Support\\Facades\\Facade.php(355): Illuminate\\Support\\Facades\\Facade::getFacadeRoot()
#25 C:\\Users\\DELL\\Downloads\\MARKOUB PROJECT\\MARKOUB\\backend\\app\\Providers\\AppServiceProvider.php(25): Illuminate\\Support\\Facades\\Facade::__callStatic('for', Array)
#26 C:\\Users\\DELL\\Downloads\\MARKOUB PROJECT\\MARKOUB\\backend\\vendor\\laravel\\framework\\src\\Illuminate\\Container\\BoundMethod.php(36): App\\Providers\\AppServiceProvider->boot()
#27 C:\\Users\\DELL\\Downloads\\MARKOUB PROJECT\\MARKOUB\\backend\\vendor\\laravel\\framework\\src\\Illuminate\\Container\\Util.php(43): Illuminate\\Container\\BoundMethod::Illuminate\\Container\\{closure}()
#28 C:\\Users\\DELL\\Downloads\\MARKOUB PROJECT\\MARKOUB\\backend\\vendor\\laravel\\framework\\src\\Illuminate\\Container\\BoundMethod.php(95): Illuminate\\Container\\Util::unwrapIfClosure(Object(Closure))
#29 C:\\Users\\DELL\\Downloads\\MARKOUB PROJECT\\MARKOUB\\backend\\vendor\\laravel\\framework\\src\\Illuminate\\Container\\BoundMethod.php(35): Illuminate\\Container\\BoundMethod::callBoundMethod(Object(Illuminate\\Foundation\\Application), Array, Object(Closure))
#30 C:\\Users\\DELL\\Downloads\\MARKOUB PROJECT\\MARKOUB\\backend\\vendor\\laravel\\framework\\src\\Illuminate\\Container\\Container.php(696): Illuminate\\Container\\BoundMethod::call(Object(Illuminate\\Foundation\\Application), Array, Array, NULL)
#31 C:\\Users\\DELL\\Downloads\\MARKOUB PROJECT\\MARKOUB\\backend\\vendor\\laravel\\framework\\src\\Illuminate\\Foundation\\Application.php(1151): Illuminate\\Container\\Container->call(Array)
#32 C:\\Users\\DELL\\Downloads\\MARKOUB PROJECT\\MARKOUB\\backend\\vendor\\laravel\\framework\\src\\Illuminate\\Foundation\\Application.php(1132): Illuminate\\Foundation\\Application->bootProvider(Object(App\\Providers\\AppServiceProvider))
#33 [internal function]: Illuminate\\Foundation\\Application->Illuminate\\Foundation\\{closure}(Object(App\\Providers\\AppServiceProvider), 'App\\\\Providers\\\\A...')
#34 C:\\Users\\DELL\\Downloads\\MARKOUB PROJECT\\MARKOUB\\backend\\vendor\\laravel\\framework\\src\\Illuminate\\Foundation\\Application.php(1131): array_walk(Array, Object(Closure))
#35 C:\\Users\\DELL\\Downloads\\MARKOUB PROJECT\\MARKOUB\\backend\\vendor\\laravel\\framework\\src\\Illuminate\\Foundation\\Bootstrap\\BootProviders.php(17): Illuminate\\Foundation\\Application->boot()
#36 C:\\Users\\DELL\\Downloads\\MARKOUB PROJECT\\MARKOUB\\backend\\vendor\\laravel\\framework\\src\\Illuminate\\Foundation\\Application.php(342): Illuminate\\Foundation\\Bootstrap\\BootProviders->bootstrap(Object(Illuminate\\Foundation\\Application))
#37 C:\\Users\\DELL\\Downloads\\MARKOUB PROJECT\\MARKOUB\\backend\\vendor\\laravel\\framework\\src\\Illuminate\\Foundation\\Console\\Kernel.php(474): Illuminate\\Foundation\\Application->bootstrapWith(Array)
#38 C:\\Users\\DELL\\Downloads\\MARKOUB PROJECT\\MARKOUB\\backend\\vendor\\laravel\\framework\\src\\Illuminate\\Foundation\\Console\\Kernel.php(196): Illuminate\\Foundation\\Console\\Kernel->bootstrap()
#39 C:\\Users\\DELL\\Downloads\\MARKOUB PROJECT\\MARKOUB\\backend\\artisan(14): Illuminate\\Foundation\\Console\\Kernel->handle(Object(Symfony\\Component\\Console\\Input\\ArgvInput), Object(Symfony\\Component\\Console\\Output\\ConsoleOutput))
#40 {main}

[previous exception] [object] (PDOException(code: 0): could not find driver at C:\\Users\\DELL\\Downloads\\MARKOUB PROJECT\\MARKOUB\\backend\\vendor\\laravel\\framework\\src\\Illuminate\\Database\\Connectors\\Connector.php:66)
[stacktrace]
#0 C:\\Users\\DELL\\Downloads\\MARKOUB PROJECT\\MARKOUB\\backend\\vendor\\laravel\\framework\\src\\Illuminate\\Database\\Connectors\\Connector.php(66): PDO->__construct('sqlite:C:\\\\Users...', NULL, Object(SensitiveParameterValue), Array)
#1 C:\\Users\\DELL\\Downloads\\MARKOUB PROJECT\\MARKOUB\\backend\\vendor\\laravel\\framework\\src\\Illuminate\\Database\\Connectors\\Connector.php(44): Illuminate\\Database\\Connectors\\Connector->createPdoConnection('sqlite:C:\\\\Users...', NULL, Object(SensitiveParameterValue), Array)
#2 C:\\Users\\DELL\\Downloads\\MARKOUB PROJECT\\MARKOUB\\backend\\vendor\\laravel\\framework\\src\\Illuminate\\Database\\Connectors\\SQLiteConnector.php(40): Illuminate\\Database\\Connectors\\Connector->createConnection('sqlite:C:\\\\Users...', Array, Array)
#3 C:\\Users\\DELL\\Downloads\\MARKOUB PROJECT\\MARKOUB\\backend\\vendor\\laravel\\framework\\src\\Illuminate\\Database\\Connectors\\ConnectionFactory.php(224): Illuminate\\Database\\Connectors\\SQLiteConnector->connect(Array)
#4 [internal function]: Illuminate\\Database\\Connectors\\ConnectionFactory->Illuminate\\Database\\Connectors\\{closure}()
#5 C:\\Users\\DELL\\Downloads\\MARKOUB PROJECT\\MARKOUB\\backend\\vendor\\laravel\\framework\\src\\Illuminate\\Database\\Connection.php(1231): call_user_func(Object(Closure))
#6 C:\\Users\\DELL\\Downloads\\MARKOUB PROJECT\\MARKOUB\\backend\\vendor\\laravel\\framework\\src\\Illuminate\\Database\\Connection.php(565): Illuminate\\Database\\Connection->getPdo()
#7 C:\\Users\\DELL\\Downloads\\MARKOUB PROJECT\\MARKOUB\\backend\\vendor\\laravel\\framework\\src\\Illuminate\\Database\\Connection.php(812): Illuminate\\Database\\Connection->Illuminate\\Database\\{closure}('PRAGMA foreign_...', Array)
#8 C:\\Users\\DELL\\Downloads\\MARKOUB PROJECT\\MARKOUB\\backend\\vendor\\laravel\\framework\\src\\Illuminate\\Database\\Connection.php(779): Illuminate\\Database\\Connection->runQueryCallback('PRAGMA foreign_...', Array, Object(Closure))
#9 C:\\Users\\DELL\\Downloads\\MARKOUB PROJECT\\MARKOUB\\backend\\vendor\\laravel\\framework\\src\\Illuminate\\Database\\Connection.php(560): Illuminate\\Database\\Connection->run('PRAGMA foreign_...', Array, Object(Closure))
#10 C:\\Users\\DELL\\Downloads\\MARKOUB PROJECT\\MARKOUB\\backend\\vendor\\laravel\\framework\\src\\Illuminate\\Database\\Schema\\Builder.php(522): Illuminate\\Database\\Connection->statement('PRAGMA foreign_...')
#11 C:\\Users\\DELL\\Downloads\\MARKOUB PROJECT\\MARKOUB\\backend\\vendor\\laravel\\framework\\src\\Illuminate\\Database\\SQLiteConnection.php(59): Illuminate\\Database\\Schema\\Builder->enableForeignKeyConstraints()
#12 C:\\Users\\DELL\\Downloads\\MARKOUB PROJECT\\MARKOUB\\backend\\vendor\\laravel\\framework\\src\\Illuminate\\Database\\SQLiteConnection.php(28): Illuminate\\Database\\SQLiteConnection->configureForeignKeyConstraints()
#13 C:\\Users\\DELL\\Downloads\\MARKOUB PROJECT\\MARKOUB\\backend\\vendor\\laravel\\framework\\src\\Illuminate\\Database\\Connectors\\ConnectionFactory.php(277): Illuminate\\Database\\SQLiteConnection->__construct(Object(Closure), 'database/databa...', '', Array)
#14 C:\\Users\\DELL\\Downloads\\MARKOUB PROJECT\\MARKOUB\\backend\\vendor\\laravel\\framework\\src\\Illuminate\\Database\\Connectors\\ConnectionFactory.php(76): Illuminate\\Database\\Connectors\\ConnectionFactory->createConnection('sqlite', Object(Closure), 'database/databa...', '', Array)
#15 C:\\Users\\DELL\\Downloads\\MARKOUB PROJECT\\MARKOUB\\backend\\vendor\\laravel\\framework\\src\\Illuminate\\Database\\Connectors\\ConnectionFactory.php(51): Illuminate\\Database\\Connectors\\ConnectionFactory->createSingleConnection(Array)
#16 C:\\Users\\DELL\\Downloads\\MARKOUB PROJECT\\MARKOUB\\backend\\vendor\\laravel\\framework\\src\\Illuminate\\Database\\DatabaseManager.php(207): Illuminate\\Database\\Connectors\\ConnectionFactory->make(Array, 'sqlite')
#17 C:\\Users\\DELL\\Downloads\\MARKOUB PROJECT\\MARKOUB\\backend\\vendor\\laravel\\framework\\src\\Illuminate\\Database\\DatabaseManager.php(103): Illuminate\\Database\\DatabaseManager->makeConnection('sqlite')
#18 C:\\Users\\DELL\\Downloads\\MARKOUB PROJECT\\MARKOUB\\backend\\vendor\\laravel\\framework\\src\\Illuminate\\Cache\\CacheManager.php(227): Illuminate\\Database\\DatabaseManager->connection('sqlite')
#19 C:\\Users\\DELL\\Downloads\\MARKOUB PROJECT\\MARKOUB\\backend\\vendor\\laravel\\framework\\src\\Illuminate\\Cache\\CacheManager.php(113): Illuminate\\Cache\\CacheManager->createDatabaseDriver(Array)
#20 C:\\Users\\DELL\\Downloads\\MARKOUB PROJECT\\MARKOUB\\backend\\vendor\\laravel\\framework\\src\\Illuminate\\Cache\\CacheManager.php(93): Illuminate\\Cache\\CacheManager->build(Array)
#21 C:\\Users\\DELL\\Downloads\\MARKOUB PROJECT\\MARKOUB\\backend\\vendor\\laravel\\framework\\src\\Illuminate\\Cache\\CacheManager.php(61): Illuminate\\Cache\\CacheManager->resolve('database')
#22 C:\\Users\\DELL\\Downloads\\MARKOUB PROJECT\\MARKOUB\\backend\\vendor\\laravel\\framework\\src\\Illuminate\\Cache\\CacheManager.php(72): Illuminate\\Cache\\CacheManager->store('database')
#23 C:\\Users\\DELL\\Downloads\\MARKOUB PROJECT\\MARKOUB\\backend\\vendor\\laravel\\framework\\src\\Illuminate\\Cache\\CacheServiceProvider.php(35): Illuminate\\Cache\\CacheManager->driver(NULL)
#24 C:\\Users\\DELL\\Downloads\\MARKOUB PROJECT\\MARKOUB\\backend\\vendor\\laravel\\framework\\src\\Illuminate\\Container\\Container.php(952): Illuminate\\Cache\\CacheServiceProvider->Illuminate\\Cache\\{closure}(Object(Illuminate\\Foundation\\Application), Array)
#25 C:\\Users\\DELL\\Downloads\\MARKOUB PROJECT\\MARKOUB\\backend\\vendor\\laravel\\framework\\src\\Illuminate\\Container\\Container.php(832): Illuminate\\Container\\Container->build(Object(Closure))
#26 C:\\Users\\DELL\\Downloads\\MARKOUB PROJECT\\MARKOUB\\backend\\vendor\\laravel\\framework\\src\\Illuminate\\Foundation\\Application.php(1078): Illuminate\\Container\\Container->resolve('Illuminate\\\\Cach...', Array, true)
#27 C:\\Users\\DELL\\Downloads\\MARKOUB PROJECT\\MARKOUB\\backend\\vendor\\laravel\\framework\\src\\Illuminate\\Container\\Container.php(763): Illuminate\\Foundation\\Application->resolve('Illuminate\\\\Cach...', Array)
#28 C:\\Users\\DELL\\Downloads\\MARKOUB PROJECT\\MARKOUB\\backend\\vendor\\laravel\\framework\\src\\Illuminate\\Foundation\\Application.php(1058): Illuminate\\Container\\Container->make('Illuminate\\\\Cach...', Array)
#29 C:\\Users\\DELL\\Downloads\\MARKOUB PROJECT\\MARKOUB\\backend\\vendor\\laravel\\framework\\src\\Illuminate\\Container\\Container.php(1580): Illuminate\\Foundation\\Application->make('Illuminate\\\\Cach...')
#30 C:\\Users\\DELL\\Downloads\\MARKOUB PROJECT\\MARKOUB\\backend\\vendor\\laravel\\framework\\src\\Illuminate\\Support\\Facades\\Facade.php(239): Illuminate\\Container\\Container->offsetGet('Illuminate\\\\Cach...')
#31 C:\\Users\\DELL\\Downloads\\MARKOUB PROJECT\\MARKOUB\\backend\\vendor\\laravel\\framework\\src\\Illuminate\\Support\\Facades\\Facade.php(210): Illuminate\\Support\\Facades\\Facade::resolveFacadeInstance('Illuminate\\\\Cach...')
#32 C:\\Users\\DELL\\Downloads\\MARKOUB PROJECT\\MARKOUB\\backend\\vendor\\laravel\\framework\\src\\Illuminate\\Support\\Facades\\Facade.php(355): Illuminate\\Support\\Facades\\Facade::getFacadeRoot()
#33 C:\\Users\\DELL\\Downloads\\MARKOUB PROJECT\\MARKOUB\\backend\\app\\Providers\\AppServiceProvider.php(25): Illuminate\\Support\\Facades\\Facade::__callStatic('for', Array)
#34 C:\\Users\\DELL\\Downloads\\MARKOUB PROJECT\\MARKOUB\\backend\\vendor\\laravel\\framework\\src\\Illuminate\\Container\\BoundMethod.php(36): App\\Providers\\AppServiceProvider->boot()
#35 C:\\Users\\DELL\\Downloads\\MARKOUB PROJECT\\MARKOUB\\backend\\vendor\\laravel\\framework\\src\\Illuminate\\Container\\Util.php(43): Illuminate\\Container\\BoundMethod::Illuminate\\Container\\{closure}()
#36 C:\\Users\\DELL\\Downloads\\MARKOUB PROJECT\\MARKOUB\\backend\\vendor\\laravel\\framework\\src\\Illuminate\\Container\\BoundMethod.php(95): Illuminate\\Container\\Util::unwrapIfClosure(Object(Closure))
#37 C:\\Users\\DELL\\Downloads\\MARKOUB PROJECT\\MARKOUB\\backend\\vendor\\laravel\\framework\\src\\Illuminate\\Container\\BoundMethod.php(35): Illuminate\\Container\\BoundMethod::callBoundMethod(Object(Illuminate\\Foundation\\Application), Array, Object(Closure))
#38 C:\\Users\\DELL\\Downloads\\MARKOUB PROJECT\\MARKOUB\\backend\\vendor\\laravel\\framework\\src\\Illuminate\\Container\\Container.php(696): Illuminate\\Container\\BoundMethod::call(Object(Illuminate\\Foundation\\Application), Array, Array, NULL)
#39 C:\\Users\\DELL\\Downloads\\MARKOUB PROJECT\\MARKOUB\\backend\\vendor\\laravel\\framework\\src\\Illuminate\\Foundation\\Application.php(1151): Illuminate\\Container\\Container->call(Array)
#40 C:\\Users\\DELL\\Downloads\\MARKOUB PROJECT\\MARKOUB\\backend\\vendor\\laravel\\framework\\src\\Illuminate\\Foundation\\Application.php(1132): Illuminate\\Foundation\\Application->bootProvider(Object(App\\Providers\\AppServiceProvider))
#41 [internal function]: Illuminate\\Foundation\\Application->Illuminate\\Foundation\\{closure}(Object(App\\Providers\\AppServiceProvider), 'App\\\\Providers\\\\A...')
#42 C:\\Users\\DELL\\Downloads\\MARKOUB PROJECT\\MARKOUB\\backend\\vendor\\laravel\\framework\\src\\Illuminate\\Foundation\\Application.php(1131): array_walk(Array, Object(Closure))
#43 C:\\Users\\DELL\\Downloads\\MARKOUB PROJECT\\MARKOUB\\backend\\vendor\\laravel\\framework\\src\\Illuminate\\Foundation\\Bootstrap\\BootProviders.php(17): Illuminate\\Foundation\\Application->boot()
#44 C:\\Users\\DELL\\Downloads\\MARKOUB PROJECT\\MARKOUB\\backend\\vendor\\laravel\\framework\\src\\Illuminate\\Foundation\\Application.php(342): Illuminate\\Foundation\\Bootstrap\\BootProviders->bootstrap(Object(Illuminate\\Foundation\\Application))
#45 C:\\Users\\DELL\\Downloads\\MARKOUB PROJECT\\MARKOUB\\backend\\vendor\\laravel\\framework\\src\\Illuminate\\Foundation\\Console\\Kernel.php(474): Illuminate\\Foundation\\Application->bootstrapWith(Array)
#46 C:\\Users\\DELL\\Downloads\\MARKOUB PROJECT\\MARKOUB\\backend\\vendor\\laravel\\framework\\src\\Illuminate\\Foundation\\Console\\Kernel.php(196): Illuminate\\Foundation\\Console\\Kernel->bootstrap()
#47 C:\\Users\\DELL\\Downloads\\MARKOUB PROJECT\\MARKOUB\\backend\\artisan(14): Illuminate\\Foundation\\Console\\Kernel->handle(Object(Symfony\\Component\\Console\\Input\\ArgvInput), Object(Symfony\\Component\\Console\\Output\\ConsoleOutput))
#48 {main}
"} 
[2025-10-29 21:26:56] local.ERROR: SQLSTATE[HY000] [1045] Access denied for user 'root'@'localhost' (using password: NO) (Connection: mysql, SQL: select exists (select 1 from information_schema.tables where table_schema = 'markoub_db' and table_name = 'migrations' and table_type in ('BASE TABLE', 'SYSTEM VERSIONED')) as `exists`) {"exception":"[object] (Illuminate\\Database\\QueryException(code: 1045): SQLSTATE[HY000] [1045] Access denied for user 'root'@'localhost' (using password: NO) (Connection: mysql, SQL: select exists (select 1 from information_schema.tables where table_schema = 'markoub_db' and table_name = 'migrations' and table_type in ('BASE TABLE', 'SYSTEM VERSIONED')) as `exists`) at C:\\Users\\DELL\\Downloads\\MARKOUB PROJECT\\MARKOUB\\backend\\vendor\\laravel\\framework\\src\\Illuminate\\Database\\Connection.php:825)
[stacktrace]
#0 C:\\Users\\DELL\\Downloads\\MARKOUB PROJECT\\MARKOUB\\backend\\vendor\\laravel\\framework\\src\\Illuminate\\Database\\Connection.php(779): Illuminate\\Database\\Connection->runQueryCallback('select exists (...', Array, Object(Closure))
#1 C:\\Users\\DELL\\Downloads\\MARKOUB PROJECT\\MARKOUB\\backend\\vendor\\laravel\\framework\\src\\Illuminate\\Database\\Connection.php(398): Illuminate\\Database\\Connection->run('select exists (...', Array, Object(Closure))
#2 C:\\Users\\DELL\\Downloads\\MARKOUB PROJECT\\MARKOUB\\backend\\vendor\\laravel\\framework\\src\\Illuminate\\Database\\Connection.php(344): Illuminate\\Database\\Connection->select('select exists (...', Array, true)
#3 C:\\Users\\DELL\\Downloads\\MARKOUB PROJECT\\MARKOUB\\backend\\vendor\\laravel\\framework\\src\\Illuminate\\Database\\Connection.php(361): Illuminate\\Database\\Connection->selectOne('select exists (...', Array, true)
#4 C:\\Users\\DELL\\Downloads\\MARKOUB PROJECT\\MARKOUB\\backend\\vendor\\laravel\\framework\\src\\Illuminate\\Database\\Schema\\MySqlBuilder.php(45): Illuminate\\Database\\Connection->scalar('select exists (...')
#5 C:\\Users\\DELL\\Downloads\\MARKOUB PROJECT\\MARKOUB\\backend\\vendor\\laravel\\framework\\src\\Illuminate\\Database\\Migrations\\DatabaseMigrationRepository.php(184): Illuminate\\Database\\Schema\\MySqlBuilder->hasTable('migrations')
#6 C:\\Users\\DELL\\Downloads\\MARKOUB PROJECT\\MARKOUB\\backend\\vendor\\laravel\\framework\\src\\Illuminate\\Database\\Migrations\\Migrator.php(742): Illuminate\\Database\\Migrations\\DatabaseMigrationRepository->repositoryExists()
#7 C:\\Users\\DELL\\Downloads\\MARKOUB PROJECT\\MARKOUB\\backend\\vendor\\laravel\\framework\\src\\Illuminate\\Database\\Console\\Migrations\\MigrateCommand.php(165): Illuminate\\Database\\Migrations\\Migrator->repositoryExists()
#8 C:\\Users\\DELL\\Downloads\\MARKOUB PROJECT\\MARKOUB\\backend\\vendor\\laravel\\framework\\src\\Illuminate\\Support\\helpers.php(338): Illuminate\\Database\\Console\\Migrations\\MigrateCommand->Illuminate\\Database\\Console\\Migrations\\{closure}(1)
#9 C:\\Users\\DELL\\Downloads\\MARKOUB PROJECT\\MARKOUB\\backend\\vendor\\laravel\\framework\\src\\Illuminate\\Database\\Console\\Migrations\\MigrateCommand.php(165): retry(1, Object(Closure), 0, Object(Closure))
#10 C:\\Users\\DELL\\Downloads\\MARKOUB PROJECT\\MARKOUB\\backend\\vendor\\laravel\\framework\\src\\Illuminate\\Database\\Console\\Migrations\\MigrateCommand.php(141): Illuminate\\Database\\Console\\Migrations\\MigrateCommand->repositoryExists()
#11 C:\\Users\\DELL\\Downloads\\MARKOUB PROJECT\\MARKOUB\\backend\\vendor\\laravel\\framework\\src\\Illuminate\\Database\\Console\\Migrations\\MigrateCommand.php(111): Illuminate\\Database\\Console\\Migrations\\MigrateCommand->prepareDatabase()
#12 C:\\Users\\DELL\\Downloads\\MARKOUB PROJECT\\MARKOUB\\backend\\vendor\\laravel\\framework\\src\\Illuminate\\Database\\Migrations\\Migrator.php(658): Illuminate\\Database\\Console\\Migrations\\MigrateCommand->Illuminate\\Database\\Console\\Migrations\\{closure}()
#13 C:\\Users\\DELL\\Downloads\\MARKOUB PROJECT\\MARKOUB\\backend\\vendor\\laravel\\framework\\src\\Illuminate\\Database\\Console\\Migrations\\MigrateCommand.php(110): Illuminate\\Database\\Migrations\\Migrator->usingConnection(NULL, Object(Closure))
#14 C:\\Users\\DELL\\Downloads\\MARKOUB PROJECT\\MARKOUB\\backend\\vendor\\laravel\\framework\\src\\Illuminate\\Database\\Console\\Migrations\\MigrateCommand.php(89): Illuminate\\Database\\Console\\Migrations\\MigrateCommand->runMigrations()
#15 C:\\Users\\DELL\\Downloads\\MARKOUB PROJECT\\MARKOUB\\backend\\vendor\\laravel\\framework\\src\\Illuminate\\Container\\BoundMethod.php(36): Illuminate\\Database\\Console\\Migrations\\MigrateCommand->handle()
#16 C:\\Users\\DELL\\Downloads\\MARKOUB PROJECT\\MARKOUB\\backend\\vendor\\laravel\\framework\\src\\Illuminate\\Container\\Util.php(43): Illuminate\\Container\\BoundMethod::Illuminate\\Container\\{closure}()
#17 C:\\Users\\DELL\\Downloads\\MARKOUB PROJECT\\MARKOUB\\backend\\vendor\\laravel\\framework\\src\\Illuminate\\Container\\BoundMethod.php(95): Illuminate\\Container\\Util::unwrapIfClosure(Object(Closure))
#18 C:\\Users\\DELL\\Downloads\\MARKOUB PROJECT\\MARKOUB\\backend\\vendor\\laravel\\framework\\src\\Illuminate\\Container\\BoundMethod.php(35): Illuminate\\Container\\BoundMethod::callBoundMethod(Object(Illuminate\\Foundation\\Application), Array, Object(Closure))
#19 C:\\Users\\DELL\\Downloads\\MARKOUB PROJECT\\MARKOUB\\backend\\vendor\\laravel\\framework\\src\\Illuminate\\Container\\Container.php(696): Illuminate\\Container\\BoundMethod::call(Object(Illuminate\\Foundation\\Application), Array, Array, NULL)
#20 C:\\Users\\DELL\\Downloads\\MARKOUB PROJECT\\MARKOUB\\backend\\vendor\\laravel\\framework\\src\\Illuminate\\Console\\Command.php(213): Illuminate\\Container\\Container->call(Array)
#21 C:\\Users\\DELL\\Downloads\\MARKOUB PROJECT\\MARKOUB\\backend\\vendor\\symfony\\console\\Command\\Command.php(318): Illuminate\\Console\\Command->execute(Object(Symfony\\Component\\Console\\Input\\ArgvInput), Object(Illuminate\\Console\\OutputStyle))
#22 C:\\Users\\DELL\\Downloads\\MARKOUB PROJECT\\MARKOUB\\backend\\vendor\\laravel\\framework\\src\\Illuminate\\Console\\Command.php(182): Symfony\\Component\\Console\\Command\\Command->run(Object(Symfony\\Component\\Console\\Input\\ArgvInput), Object(Illuminate\\Console\\OutputStyle))
#23 C:\\Users\\DELL\\Downloads\\MARKOUB PROJECT\\MARKOUB\\backend\\vendor\\symfony\\console\\Application.php(1073): Illuminate\\Console\\Command->run(Object(Symfony\\Component\\Console\\Input\\ArgvInput), Object(Symfony\\Component\\Console\\Output\\ConsoleOutput))
#24 C:\\Users\\DELL\\Downloads\\MARKOUB PROJECT\\MARKOUB\\backend\\vendor\\symfony\\console\\Application.php(356): Symfony\\Component\\Console\\Application->doRunCommand(Object(Illuminate\\Database\\Console\\Migrations\\MigrateCommand), Object(Symfony\\Component\\Console\\Input\\ArgvInput), Object(Symfony\\Component\\Console\\Output\\ConsoleOutput))
#25 C:\\Users\\DELL\\Downloads\\MARKOUB PROJECT\\MARKOUB\\backend\\vendor\\symfony\\console\\Application.php(195): Symfony\\Component\\Console\\Application->doRun(Object(Symfony\\Component\\Console\\Input\\ArgvInput), Object(Symfony\\Component\\Console\\Output\\ConsoleOutput))
#26 C:\\Users\\DELL\\Downloads\\MARKOUB PROJECT\\MARKOUB\\backend\\vendor\\laravel\\framework\\src\\Illuminate\\Foundation\\Console\\Kernel.php(198): Symfony\\Component\\Console\\Application->run(Object(Symfony\\Component\\Console\\Input\\ArgvInput), Object(Symfony\\Component\\Console\\Output\\ConsoleOutput))
#27 C:\\Users\\DELL\\Downloads\\MARKOUB PROJECT\\MARKOUB\\backend\\artisan(14): Illuminate\\Foundation\\Console\\Kernel->handle(Object(Symfony\\Component\\Console\\Input\\ArgvInput), Object(Symfony\\Component\\Console\\Output\\ConsoleOutput))
#28 {main}

[previous exception] [object] (PDOException(code: 1045): SQLSTATE[HY000] [1045] Access denied for user 'root'@'localhost' (using password: NO) at C:\\Users\\DELL\\Downloads\\MARKOUB PROJECT\\MARKOUB\\backend\\vendor\\laravel\\framework\\src\\Illuminate\\Database\\Connectors\\Connector.php:66)
[stacktrace]
#0 C:\\Users\\DELL\\Downloads\\MARKOUB PROJECT\\MARKOUB\\backend\\vendor\\laravel\\framework\\src\\Illuminate\\Database\\Connectors\\Connector.php(66): PDO->__construct('mysql:host=127....', 'root', Object(SensitiveParameterValue), Array)
#1 C:\\Users\\DELL\\Downloads\\MARKOUB PROJECT\\MARKOUB\\backend\\vendor\\laravel\\framework\\src\\Illuminate\\Database\\Connectors\\Connector.php(44): Illuminate\\Database\\Connectors\\Connector->createPdoConnection('mysql:host=127....', 'root', Object(SensitiveParameterValue), Array)
#2 C:\\Users\\DELL\\Downloads\\MARKOUB PROJECT\\MARKOUB\\backend\\vendor\\laravel\\framework\\src\\Illuminate\\Database\\Connectors\\MySqlConnector.php(24): Illuminate\\Database\\Connectors\\Connector->createConnection('mysql:host=127....', Array, Array)
#3 C:\\Users\\DELL\\Downloads\\MARKOUB PROJECT\\MARKOUB\\backend\\vendor\\laravel\\framework\\src\\Illuminate\\Database\\Connectors\\ConnectionFactory.php(185): Illuminate\\Database\\Connectors\\MySqlConnector->connect(Array)
#4 [internal function]: Illuminate\\Database\\Connectors\\ConnectionFactory->Illuminate\\Database\\Connectors\\{closure}()
#5 C:\\Users\\DELL\\Downloads\\MARKOUB PROJECT\\MARKOUB\\backend\\vendor\\laravel\\framework\\src\\Illuminate\\Database\\Connection.php(1231): call_user_func(Object(Closure))
#6 C:\\Users\\DELL\\Downloads\\MARKOUB PROJECT\\MARKOUB\\backend\\vendor\\laravel\\framework\\src\\Illuminate\\Database\\Connection.php(1267): Illuminate\\Database\\Connection->getPdo()
#7 C:\\Users\\DELL\\Downloads\\MARKOUB PROJECT\\MARKOUB\\backend\\vendor\\laravel\\framework\\src\\Illuminate\\Database\\Connection.php(512): Illuminate\\Database\\Connection->getReadPdo()
#8 C:\\Users\\DELL\\Downloads\\MARKOUB PROJECT\\MARKOUB\\backend\\vendor\\laravel\\framework\\src\\Illuminate\\Database\\Connection.php(407): Illuminate\\Database\\Connection->getPdoForSelect(true)
#9 C:\\Users\\DELL\\Downloads\\MARKOUB PROJECT\\MARKOUB\\backend\\vendor\\laravel\\framework\\src\\Illuminate\\Database\\Connection.php(812): Illuminate\\Database\\Connection->Illuminate\\Database\\{closure}('select exists (...', Array)
#10 C:\\Users\\DELL\\Downloads\\MARKOUB PROJECT\\MARKOUB\\backend\\vendor\\laravel\\framework\\src\\Illuminate\\Database\\Connection.php(779): Illuminate\\Database\\Connection->runQueryCallback('select exists (...', Array, Object(Closure))
#11 C:\\Users\\DELL\\Downloads\\MARKOUB PROJECT\\MARKOUB\\backend\\vendor\\laravel\\framework\\src\\Illuminate\\Database\\Connection.php(398): Illuminate\\Database\\Connection->run('select exists (...', Array, Object(Closure))
#12 C:\\Users\\DELL\\Downloads\\MARKOUB PROJECT\\MARKOUB\\backend\\vendor\\laravel\\framework\\src\\Illuminate\\Database\\Connection.php(344): Illuminate\\Database\\Connection->select('select exists (...', Array, true)
#13 C:\\Users\\DELL\\Downloads\\MARKOUB PROJECT\\MARKOUB\\backend\\vendor\\laravel\\framework\\src\\Illuminate\\Database\\Connection.php(361): Illuminate\\Database\\Connection->selectOne('select exists (...', Array, true)
#14 C:\\Users\\DELL\\Downloads\\MARKOUB PROJECT\\MARKOUB\\backend\\vendor\\laravel\\framework\\src\\Illuminate\\Database\\Schema\\MySqlBuilder.php(45): Illuminate\\Database\\Connection->scalar('select exists (...')
#15 C:\\Users\\DELL\\Downloads\\MARKOUB PROJECT\\MARKOUB\\backend\\vendor\\laravel\\framework\\src\\Illuminate\\Database\\Migrations\\DatabaseMigrationRepository.php(184): Illuminate\\Database\\Schema\\MySqlBuilder->hasTable('migrations')
#16 C:\\Users\\DELL\\Downloads\\MARKOUB PROJECT\\MARKOUB\\backend\\vendor\\laravel\\framework\\src\\Illuminate\\Database\\Migrations\\Migrator.php(742): Illuminate\\Database\\Migrations\\DatabaseMigrationRepository->repositoryExists()
#17 C:\\Users\\DELL\\Downloads\\MARKOUB PROJECT\\MARKOUB\\backend\\vendor\\laravel\\framework\\src\\Illuminate\\Database\\Console\\Migrations\\MigrateCommand.php(165): Illuminate\\Database\\Migrations\\Migrator->repositoryExists()
#18 C:\\Users\\DELL\\Downloads\\MARKOUB PROJECT\\MARKOUB\\backend\\vendor\\laravel\\framework\\src\\Illuminate\\Support\\helpers.php(338): Illuminate\\Database\\Console\\Migrations\\MigrateCommand->Illuminate\\Database\\Console\\Migrations\\{closure}(1)
#19 C:\\Users\\DELL\\Downloads\\MARKOUB PROJECT\\MARKOUB\\backend\\vendor\\laravel\\framework\\src\\Illuminate\\Database\\Console\\Migrations\\MigrateCommand.php(165): retry(1, Object(Closure), 0, Object(Closure))
#20 C:\\Users\\DELL\\Downloads\\MARKOUB PROJECT\\MARKOUB\\backend\\vendor\\laravel\\framework\\src\\Illuminate\\Database\\Console\\Migrations\\MigrateCommand.php(141): Illuminate\\Database\\Console\\Migrations\\MigrateCommand->repositoryExists()
#21 C:\\Users\\DELL\\Downloads\\MARKOUB PROJECT\\MARKOUB\\backend\\vendor\\laravel\\framework\\src\\Illuminate\\Database\\Console\\Migrations\\MigrateCommand.php(111): Illuminate\\Database\\Console\\Migrations\\MigrateCommand->prepareDatabase()
#22 C:\\Users\\DELL\\Downloads\\MARKOUB PROJECT\\MARKOUB\\backend\\vendor\\laravel\\framework\\src\\Illuminate\\Database\\Migrations\\Migrator.php(658): Illuminate\\Database\\Console\\Migrations\\MigrateCommand->Illuminate\\Database\\Console\\Migrations\\{closure}()
#23 C:\\Users\\DELL\\Downloads\\MARKOUB PROJECT\\MARKOUB\\backend\\vendor\\laravel\\framework\\src\\Illuminate\\Database\\Console\\Migrations\\MigrateCommand.php(110): Illuminate\\Database\\Migrations\\Migrator->usingConnection(NULL, Object(Closure))
#24 C:\\Users\\DELL\\Downloads\\MARKOUB PROJECT\\MARKOUB\\backend\\vendor\\laravel\\framework\\src\\Illuminate\\Database\\Console\\Migrations\\MigrateCommand.php(89): Illuminate\\Database\\Console\\Migrations\\MigrateCommand->runMigrations()
#25 C:\\Users\\DELL\\Downloads\\MARKOUB PROJECT\\MARKOUB\\backend\\vendor\\laravel\\framework\\src\\Illuminate\\Container\\BoundMethod.php(36): Illuminate\\Database\\Console\\Migrations\\MigrateCommand->handle()
#26 C:\\Users\\DELL\\Downloads\\MARKOUB PROJECT\\MARKOUB\\backend\\vendor\\laravel\\framework\\src\\Illuminate\\Container\\Util.php(43): Illuminate\\Container\\BoundMethod::Illuminate\\Container\\{closure}()
#27 C:\\Users\\DELL\\Downloads\\MARKOUB PROJECT\\MARKOUB\\backend\\vendor\\laravel\\framework\\src\\Illuminate\\Container\\BoundMethod.php(95): Illuminate\\Container\\Util::unwrapIfClosure(Object(Closure))
#28 C:\\Users\\DELL\\Downloads\\MARKOUB PROJECT\\MARKOUB\\backend\\vendor\\laravel\\framework\\src\\Illuminate\\Container\\BoundMethod.php(35): Illuminate\\Container\\BoundMethod::callBoundMethod(Object(Illuminate\\Foundation\\Application), Array, Object(Closure))
#29 C:\\Users\\DELL\\Downloads\\MARKOUB PROJECT\\MARKOUB\\backend\\vendor\\laravel\\framework\\src\\Illuminate\\Container\\Container.php(696): Illuminate\\Container\\BoundMethod::call(Object(Illuminate\\Foundation\\Application), Array, Array, NULL)
#30 C:\\Users\\DELL\\Downloads\\MARKOUB PROJECT\\MARKOUB\\backend\\vendor\\laravel\\framework\\src\\Illuminate\\Console\\Command.php(213): Illuminate\\Container\\Container->call(Array)
#31 C:\\Users\\DELL\\Downloads\\MARKOUB PROJECT\\MARKOUB\\backend\\vendor\\symfony\\console\\Command\\Command.php(318): Illuminate\\Console\\Command->execute(Object(Symfony\\Component\\Console\\Input\\ArgvInput), Object(Illuminate\\Console\\OutputStyle))
#32 C:\\Users\\DELL\\Downloads\\MARKOUB PROJECT\\MARKOUB\\backend\\vendor\\laravel\\framework\\src\\Illuminate\\Console\\Command.php(182): Symfony\\Component\\Console\\Command\\Command->run(Object(Symfony\\Component\\Console\\Input\\ArgvInput), Object(Illuminate\\Console\\OutputStyle))
#33 C:\\Users\\DELL\\Downloads\\MARKOUB PROJECT\\MARKOUB\\backend\\vendor\\symfony\\console\\Application.php(1073): Illuminate\\Console\\Command->run(Object(Symfony\\Component\\Console\\Input\\ArgvInput), Object(Symfony\\Component\\Console\\Output\\ConsoleOutput))
#34 C:\\Users\\DELL\\Downloads\\MARKOUB PROJECT\\MARKOUB\\backend\\vendor\\symfony\\console\\Application.php(356): Symfony\\Component\\Console\\Application->doRunCommand(Object(Illuminate\\Database\\Console\\Migrations\\MigrateCommand), Object(Symfony\\Component\\Console\\Input\\ArgvInput), Object(Symfony\\Component\\Console\\Output\\ConsoleOutput))
#35 C:\\Users\\DELL\\Downloads\\MARKOUB PROJECT\\MARKOUB\\backend\\vendor\\symfony\\console\\Application.php(195): Symfony\\Component\\Console\\Application->doRun(Object(Symfony\\Component\\Console\\Input\\ArgvInput), Object(Symfony\\Component\\Console\\Output\\ConsoleOutput))
#36 C:\\Users\\DELL\\Downloads\\MARKOUB PROJECT\\MARKOUB\\backend\\vendor\\laravel\\framework\\src\\Illuminate\\Foundation\\Console\\Kernel.php(198): Symfony\\Component\\Console\\Application->run(Object(Symfony\\Component\\Console\\Input\\ArgvInput), Object(Symfony\\Component\\Console\\Output\\ConsoleOutput))
#37 C:\\Users\\DELL\\Downloads\\MARKOUB PROJECT\\MARKOUB\\backend\\artisan(14): Illuminate\\Foundation\\Console\\Kernel->handle(Object(Symfony\\Component\\Console\\Input\\ArgvInput), Object(Symfony\\Component\\Console\\Output\\ConsoleOutput))
#38 {main}
"} 
[2025-10-29 21:38:12] local.ERROR: SQLSTATE[23000]: Integrity constraint violation: 1062 Duplicate entry 'admin@markoub.com' for key 'users_email_unique' (Connection: mysql, SQL: insert into `users` (`first_name`, `last_name`, `email`, `password`, `role`, `is_verified`, `email_verified_at`, `updated_at`, `created_at`) values (Admin, User, admin@markoub.com, $2y$12$bgqv0SjXAkeCX.LX9uBcpuHuabaDR9QbHK8KJIxdEgfvvkOfMKR46, admin, 1, 2025-10-29 21:38:10, 2025-10-29 21:38:11, 2025-10-29 21:38:11)) {"exception":"[object] (Illuminate\\Database\\UniqueConstraintViolationException(code: 23000): SQLSTATE[23000]: Integrity constraint violation: 1062 Duplicate entry 'admin@markoub.com' for key 'users_email_unique' (Connection: mysql, SQL: insert into `users` (`first_name`, `last_name`, `email`, `password`, `role`, `is_verified`, `email_verified_at`, `updated_at`, `created_at`) values (Admin, User, admin@markoub.com, $2y$12$bgqv0SjXAkeCX.LX9uBcpuHuabaDR9QbHK8KJIxdEgfvvkOfMKR46, admin, 1, 2025-10-29 21:38:10, 2025-10-29 21:38:11, 2025-10-29 21:38:11)) at C:\\Users\\DELL\\Downloads\\MARKOUB PROJECT\\MARKOUB\\backend\\vendor\\laravel\\framework\\src\\Illuminate\\Database\\Connection.php:820)
[stacktrace]
#0 C:\\Users\\DELL\\Downloads\\MARKOUB PROJECT\\MARKOUB\\backend\\vendor\\laravel\\framework\\src\\Illuminate\\Database\\Connection.php(779): Illuminate\\Database\\Connection->runQueryCallback('insert into `us...', Array, Object(Closure))
#1 C:\\Users\\DELL\\Downloads\\MARKOUB PROJECT\\MARKOUB\\backend\\vendor\\laravel\\framework\\src\\Illuminate\\Database\\MySqlConnection.php(42): Illuminate\\Database\\Connection->run('insert into `us...', Array, Object(Closure))
#2 C:\\Users\\DELL\\Downloads\\MARKOUB PROJECT\\MARKOUB\\backend\\vendor\\laravel\\framework\\src\\Illuminate\\Database\\Query\\Processors\\MySqlProcessor.php(35): Illuminate\\Database\\MySqlConnection->insert('insert into `us...', Array, 'id')
#3 C:\\Users\\DELL\\Downloads\\MARKOUB PROJECT\\MARKOUB\\backend\\vendor\\laravel\\framework\\src\\Illuminate\\Database\\Query\\Builder.php(3766): Illuminate\\Database\\Query\\Processors\\MySqlProcessor->processInsertGetId(Object(Illuminate\\Database\\Query\\Builder), 'insert into `us...', Array, 'id')
#4 C:\\Users\\DELL\\Downloads\\MARKOUB PROJECT\\MARKOUB\\backend\\vendor\\laravel\\framework\\src\\Illuminate\\Database\\Eloquent\\Builder.php(2120): Illuminate\\Database\\Query\\Builder->insertGetId(Array, 'id')
#5 C:\\Users\\DELL\\Downloads\\MARKOUB PROJECT\\MARKOUB\\backend\\vendor\\laravel\\framework\\src\\Illuminate\\Database\\Eloquent\\Model.php(1359): Illuminate\\Database\\Eloquent\\Builder->__call('insertGetId', Array)
#6 C:\\Users\\DELL\\Downloads\\MARKOUB PROJECT\\MARKOUB\\backend\\vendor\\laravel\\framework\\src\\Illuminate\\Database\\Eloquent\\Model.php(1324): Illuminate\\Database\\Eloquent\\Model->insertAndSetId(Object(Illuminate\\Database\\Eloquent\\Builder), Array)
#7 C:\\Users\\DELL\\Downloads\\MARKOUB PROJECT\\MARKOUB\\backend\\vendor\\laravel\\framework\\src\\Illuminate\\Database\\Eloquent\\Model.php(1163): Illuminate\\Database\\Eloquent\\Model->performInsert(Object(Illuminate\\Database\\Eloquent\\Builder))
#8 C:\\Users\\DELL\\Downloads\\MARKOUB PROJECT\\MARKOUB\\backend\\vendor\\laravel\\framework\\src\\Illuminate\\Database\\Eloquent\\Builder.php(1128): Illuminate\\Database\\Eloquent\\Model->save()
#9 C:\\Users\\DELL\\Downloads\\MARKOUB PROJECT\\MARKOUB\\backend\\vendor\\laravel\\framework\\src\\Illuminate\\Support\\helpers.php(399): Illuminate\\Database\\Eloquent\\Builder->Illuminate\\Database\\Eloquent\\{closure}(Object(App\\Models\\User))
#10 C:\\Users\\DELL\\Downloads\\MARKOUB PROJECT\\MARKOUB\\backend\\vendor\\laravel\\framework\\src\\Illuminate\\Database\\Eloquent\\Builder.php(1127): tap(Object(App\\Models\\User), Object(Closure))
#11 C:\\Users\\DELL\\Downloads\\MARKOUB PROJECT\\MARKOUB\\backend\\vendor\\laravel\\framework\\src\\Illuminate\\Support\\Traits\\ForwardsCalls.php(23): Illuminate\\Database\\Eloquent\\Builder->create(Array)
#12 C:\\Users\\DELL\\Downloads\\MARKOUB PROJECT\\MARKOUB\\backend\\vendor\\laravel\\framework\\src\\Illuminate\\Database\\Eloquent\\Model.php(2372): Illuminate\\Database\\Eloquent\\Model->forwardCallTo(Object(Illuminate\\Database\\Eloquent\\Builder), 'create', Array)
#13 C:\\Users\\DELL\\Downloads\\MARKOUB PROJECT\\MARKOUB\\backend\\vendor\\laravel\\framework\\src\\Illuminate\\Database\\Eloquent\\Model.php(2384): Illuminate\\Database\\Eloquent\\Model->__call('create', Array)
#14 C:\\Users\\DELL\\Downloads\\MARKOUB PROJECT\\MARKOUB\\backend\\database\\seeders\\DatabaseSeeder.php(18): Illuminate\\Database\\Eloquent\\Model::__callStatic('create', Array)
#15 C:\\Users\\DELL\\Downloads\\MARKOUB PROJECT\\MARKOUB\\backend\\vendor\\laravel\\framework\\src\\Illuminate\\Container\\BoundMethod.php(36): Database\\Seeders\\DatabaseSeeder->run()
#16 C:\\Users\\DELL\\Downloads\\MARKOUB PROJECT\\MARKOUB\\backend\\vendor\\laravel\\framework\\src\\Illuminate\\Container\\Util.php(43): Illuminate\\Container\\BoundMethod::Illuminate\\Container\\{closure}()
#17 C:\\Users\\DELL\\Downloads\\MARKOUB PROJECT\\MARKOUB\\backend\\vendor\\laravel\\framework\\src\\Illuminate\\Container\\BoundMethod.php(95): Illuminate\\Container\\Util::unwrapIfClosure(Object(Closure))
#18 C:\\Users\\DELL\\Downloads\\MARKOUB PROJECT\\MARKOUB\\backend\\vendor\\laravel\\framework\\src\\Illuminate\\Container\\BoundMethod.php(35): Illuminate\\Container\\BoundMethod::callBoundMethod(Object(Illuminate\\Foundation\\Application), Array, Object(Closure))
#19 C:\\Users\\DELL\\Downloads\\MARKOUB PROJECT\\MARKOUB\\backend\\vendor\\laravel\\framework\\src\\Illuminate\\Container\\Container.php(696): Illuminate\\Container\\BoundMethod::call(Object(Illuminate\\Foundation\\Application), Array, Array, NULL)
#20 C:\\Users\\DELL\\Downloads\\MARKOUB PROJECT\\MARKOUB\\backend\\vendor\\laravel\\framework\\src\\Illuminate\\Database\\Seeder.php(188): Illuminate\\Container\\Container->call(Array, Array)
#21 C:\\Users\\DELL\\Downloads\\MARKOUB PROJECT\\MARKOUB\\backend\\vendor\\laravel\\framework\\src\\Illuminate\\Database\\Seeder.php(197): Illuminate\\Database\\Seeder->Illuminate\\Database\\{closure}()
#22 C:\\Users\\DELL\\Downloads\\MARKOUB PROJECT\\MARKOUB\\backend\\vendor\\laravel\\framework\\src\\Illuminate\\Database\\Console\\Seeds\\SeedCommand.php(70): Illuminate\\Database\\Seeder->__invoke()
#23 C:\\Users\\DELL\\Downloads\\MARKOUB PROJECT\\MARKOUB\\backend\\vendor\\laravel\\framework\\src\\Illuminate\\Database\\Eloquent\\Concerns\\GuardsAttributes.php(155): Illuminate\\Database\\Console\\Seeds\\SeedCommand->Illuminate\\Database\\Console\\Seeds\\{closure}()
#24 C:\\Users\\DELL\\Downloads\\MARKOUB PROJECT\\MARKOUB\\backend\\vendor\\laravel\\framework\\src\\Illuminate\\Database\\Console\\Seeds\\SeedCommand.php(69): Illuminate\\Database\\Eloquent\\Model::unguarded(Object(Closure))
#25 C:\\Users\\DELL\\Downloads\\MARKOUB PROJECT\\MARKOUB\\backend\\vendor\\laravel\\framework\\src\\Illuminate\\Container\\BoundMethod.php(36): Illuminate\\Database\\Console\\Seeds\\SeedCommand->handle()
#26 C:\\Users\\DELL\\Downloads\\MARKOUB PROJECT\\MARKOUB\\backend\\vendor\\laravel\\framework\\src\\Illuminate\\Container\\Util.php(43): Illuminate\\Container\\BoundMethod::Illuminate\\Container\\{closure}()
#27 C:\\Users\\DELL\\Downloads\\MARKOUB PROJECT\\MARKOUB\\backend\\vendor\\laravel\\framework\\src\\Illuminate\\Container\\BoundMethod.php(95): Illuminate\\Container\\Util::unwrapIfClosure(Object(Closure))
#28 C:\\Users\\DELL\\Downloads\\MARKOUB PROJECT\\MARKOUB\\backend\\vendor\\laravel\\framework\\src\\Illuminate\\Container\\BoundMethod.php(35): Illuminate\\Container\\BoundMethod::callBoundMethod(Object(Illuminate\\Foundation\\Application), Array, Object(Closure))
#29 C:\\Users\\DELL\\Downloads\\MARKOUB PROJECT\\MARKOUB\\backend\\vendor\\laravel\\framework\\src\\Illuminate\\Container\\Container.php(696): Illuminate\\Container\\BoundMethod::call(Object(Illuminate\\Foundation\\Application), Array, Array, NULL)
#30 C:\\Users\\DELL\\Downloads\\MARKOUB PROJECT\\MARKOUB\\backend\\vendor\\laravel\\framework\\src\\Illuminate\\Console\\Command.php(213): Illuminate\\Container\\Container->call(Array)
#31 C:\\Users\\DELL\\Downloads\\MARKOUB PROJECT\\MARKOUB\\backend\\vendor\\symfony\\console\\Command\\Command.php(318): Illuminate\\Console\\Command->execute(Object(Symfony\\Component\\Console\\Input\\ArrayInput), Object(Illuminate\\Console\\OutputStyle))
#32 C:\\Users\\DELL\\Downloads\\MARKOUB PROJECT\\MARKOUB\\backend\\vendor\\laravel\\framework\\src\\Illuminate\\Console\\Command.php(182): Symfony\\Component\\Console\\Command\\Command->run(Object(Symfony\\Component\\Console\\Input\\ArrayInput), Object(Illuminate\\Console\\OutputStyle))
#33 C:\\Users\\DELL\\Downloads\\MARKOUB PROJECT\\MARKOUB\\backend\\vendor\\laravel\\framework\\src\\Illuminate\\Console\\Concerns\\CallsCommands.php(68): Illuminate\\Console\\Command->run(Object(Symfony\\Component\\Console\\Input\\ArrayInput), Object(Illuminate\\Console\\OutputStyle))
#34 C:\\Users\\DELL\\Downloads\\MARKOUB PROJECT\\MARKOUB\\backend\\vendor\\laravel\\framework\\src\\Illuminate\\Console\\Concerns\\CallsCommands.php(29): Illuminate\\Console\\Command->runCommand('db:seed', Array, Object(Illuminate\\Console\\OutputStyle))
#35 C:\\Users\\DELL\\Downloads\\MARKOUB PROJECT\\MARKOUB\\backend\\vendor\\laravel\\framework\\src\\Illuminate\\Database\\Console\\Migrations\\MigrateCommand.php(126): Illuminate\\Console\\Command->call('db:seed', Array)
#36 C:\\Users\\DELL\\Downloads\\MARKOUB PROJECT\\MARKOUB\\backend\\vendor\\laravel\\framework\\src\\Illuminate\\Database\\Migrations\\Migrator.php(658): Illuminate\\Database\\Console\\Migrations\\MigrateCommand->Illuminate\\Database\\Console\\Migrations\\{closure}()
#37 C:\\Users\\DELL\\Downloads\\MARKOUB PROJECT\\MARKOUB\\backend\\vendor\\laravel\\framework\\src\\Illuminate\\Database\\Console\\Migrations\\MigrateCommand.php(110): Illuminate\\Database\\Migrations\\Migrator->usingConnection(NULL, Object(Closure))
#38 C:\\Users\\DELL\\Downloads\\MARKOUB PROJECT\\MARKOUB\\backend\\vendor\\laravel\\framework\\src\\Illuminate\\Database\\Console\\Migrations\\MigrateCommand.php(89): Illuminate\\Database\\Console\\Migrations\\MigrateCommand->runMigrations()
#39 C:\\Users\\DELL\\Downloads\\MARKOUB PROJECT\\MARKOUB\\backend\\vendor\\laravel\\framework\\src\\Illuminate\\Container\\BoundMethod.php(36): Illuminate\\Database\\Console\\Migrations\\MigrateCommand->handle()
#40 C:\\Users\\DELL\\Downloads\\MARKOUB PROJECT\\MARKOUB\\backend\\vendor\\laravel\\framework\\src\\Illuminate\\Container\\Util.php(43): Illuminate\\Container\\BoundMethod::Illuminate\\Container\\{closure}()
#41 C:\\Users\\DELL\\Downloads\\MARKOUB PROJECT\\MARKOUB\\backend\\vendor\\laravel\\framework\\src\\Illuminate\\Container\\BoundMethod.php(95): Illuminate\\Container\\Util::unwrapIfClosure(Object(Closure))
#42 C:\\Users\\DELL\\Downloads\\MARKOUB PROJECT\\MARKOUB\\backend\\vendor\\laravel\\framework\\src\\Illuminate\\Container\\BoundMethod.php(35): Illuminate\\Container\\BoundMethod::callBoundMethod(Object(Illuminate\\Foundation\\Application), Array, Object(Closure))
#43 C:\\Users\\DELL\\Downloads\\MARKOUB PROJECT\\MARKOUB\\backend\\vendor\\laravel\\framework\\src\\Illuminate\\Container\\Container.php(696): Illuminate\\Container\\BoundMethod::call(Object(Illuminate\\Foundation\\Application), Array, Array, NULL)
#44 C:\\Users\\DELL\\Downloads\\MARKOUB PROJECT\\MARKOUB\\backend\\vendor\\laravel\\framework\\src\\Illuminate\\Console\\Command.php(213): Illuminate\\Container\\Container->call(Array)
#45 C:\\Users\\DELL\\Downloads\\MARKOUB PROJECT\\MARKOUB\\backend\\vendor\\symfony\\console\\Command\\Command.php(318): Illuminate\\Console\\Command->execute(Object(Symfony\\Component\\Console\\Input\\ArgvInput), Object(Illuminate\\Console\\OutputStyle))
#46 C:\\Users\\DELL\\Downloads\\MARKOUB PROJECT\\MARKOUB\\backend\\vendor\\laravel\\framework\\src\\Illuminate\\Console\\Command.php(182): Symfony\\Component\\Console\\Command\\Command->run(Object(Symfony\\Component\\Console\\Input\\ArgvInput), Object(Illuminate\\Console\\OutputStyle))
#47 C:\\Users\\DELL\\Downloads\\MARKOUB PROJECT\\MARKOUB\\backend\\vendor\\symfony\\console\\Application.php(1073): Illuminate\\Console\\Command->run(Object(Symfony\\Component\\Console\\Input\\ArgvInput), Object(Symfony\\Component\\Console\\Output\\ConsoleOutput))
#48 C:\\Users\\DELL\\Downloads\\MARKOUB PROJECT\\MARKOUB\\backend\\vendor\\symfony\\console\\Application.php(356): Symfony\\Component\\Console\\Application->doRunCommand(Object(Illuminate\\Database\\Console\\Migrations\\MigrateCommand), Object(Symfony\\Component\\Console\\Input\\ArgvInput), Object(Symfony\\Component\\Console\\Output\\ConsoleOutput))
#49 C:\\Users\\DELL\\Downloads\\MARKOUB PROJECT\\MARKOUB\\backend\\vendor\\symfony\\console\\Application.php(195): Symfony\\Component\\Console\\Application->doRun(Object(Symfony\\Component\\Console\\Input\\ArgvInput), Object(Symfony\\Component\\Console\\Output\\ConsoleOutput))
#50 C:\\Users\\DELL\\Downloads\\MARKOUB PROJECT\\MARKOUB\\backend\\vendor\\laravel\\framework\\src\\Illuminate\\Foundation\\Console\\Kernel.php(198): Symfony\\Component\\Console\\Application->run(Object(Symfony\\Component\\Console\\Input\\ArgvInput), Object(Symfony\\Component\\Console\\Output\\ConsoleOutput))
#51 C:\\Users\\DELL\\Downloads\\MARKOUB PROJECT\\MARKOUB\\backend\\artisan(14): Illuminate\\Foundation\\Console\\Kernel->handle(Object(Symfony\\Component\\Console\\Input\\ArgvInput), Object(Symfony\\Component\\Console\\Output\\ConsoleOutput))
#52 {main}

[previous exception] [object] (PDOException(code: 23000): SQLSTATE[23000]: Integrity constraint violation: 1062 Duplicate entry 'admin@markoub.com' for key 'users_email_unique' at C:\\Users\\DELL\\Downloads\\MARKOUB PROJECT\\MARKOUB\\backend\\vendor\\laravel\\framework\\src\\Illuminate\\Database\\MySqlConnection.php:53)
[stacktrace]
#0 C:\\Users\\DELL\\Downloads\\MARKOUB PROJECT\\MARKOUB\\backend\\vendor\\laravel\\framework\\src\\Illuminate\\Database\\MySqlConnection.php(53): PDOStatement->execute()
#1 C:\\Users\\DELL\\Downloads\\MARKOUB PROJECT\\MARKOUB\\backend\\vendor\\laravel\\framework\\src\\Illuminate\\Database\\Connection.php(812): Illuminate\\Database\\MySqlConnection->Illuminate\\Database\\{closure}('insert into `us...', Array)
#2 C:\\Users\\DELL\\Downloads\\MARKOUB PROJECT\\MARKOUB\\backend\\vendor\\laravel\\framework\\src\\Illuminate\\Database\\Connection.php(779): Illuminate\\Database\\Connection->runQueryCallback('insert into `us...', Array, Object(Closure))
#3 C:\\Users\\DELL\\Downloads\\MARKOUB PROJECT\\MARKOUB\\backend\\vendor\\laravel\\framework\\src\\Illuminate\\Database\\MySqlConnection.php(42): Illuminate\\Database\\Connection->run('insert into `us...', Array, Object(Closure))
#4 C:\\Users\\DELL\\Downloads\\MARKOUB PROJECT\\MARKOUB\\backend\\vendor\\laravel\\framework\\src\\Illuminate\\Database\\Query\\Processors\\MySqlProcessor.php(35): Illuminate\\Database\\MySqlConnection->insert('insert into `us...', Array, 'id')
#5 C:\\Users\\DELL\\Downloads\\MARKOUB PROJECT\\MARKOUB\\backend\\vendor\\laravel\\framework\\src\\Illuminate\\Database\\Query\\Builder.php(3766): Illuminate\\Database\\Query\\Processors\\MySqlProcessor->processInsertGetId(Object(Illuminate\\Database\\Query\\Builder), 'insert into `us...', Array, 'id')
#6 C:\\Users\\DELL\\Downloads\\MARKOUB PROJECT\\MARKOUB\\backend\\vendor\\laravel\\framework\\src\\Illuminate\\Database\\Eloquent\\Builder.php(2120): Illuminate\\Database\\Query\\Builder->insertGetId(Array, 'id')
#7 C:\\Users\\DELL\\Downloads\\MARKOUB PROJECT\\MARKOUB\\backend\\vendor\\laravel\\framework\\src\\Illuminate\\Database\\Eloquent\\Model.php(1359): Illuminate\\Database\\Eloquent\\Builder->__call('insertGetId', Array)
#8 C:\\Users\\DELL\\Downloads\\MARKOUB PROJECT\\MARKOUB\\backend\\vendor\\laravel\\framework\\src\\Illuminate\\Database\\Eloquent\\Model.php(1324): Illuminate\\Database\\Eloquent\\Model->insertAndSetId(Object(Illuminate\\Database\\Eloquent\\Builder), Array)
#9 C:\\Users\\DELL\\Downloads\\MARKOUB PROJECT\\MARKOUB\\backend\\vendor\\laravel\\framework\\src\\Illuminate\\Database\\Eloquent\\Model.php(1163): Illuminate\\Database\\Eloquent\\Model->performInsert(Object(Illuminate\\Database\\Eloquent\\Builder))
#10 C:\\Users\\DELL\\Downloads\\MARKOUB PROJECT\\MARKOUB\\backend\\vendor\\laravel\\framework\\src\\Illuminate\\Database\\Eloquent\\Builder.php(1128): Illuminate\\Database\\Eloquent\\Model->save()
#11 C:\\Users\\DELL\\Downloads\\MARKOUB PROJECT\\MARKOUB\\backend\\vendor\\laravel\\framework\\src\\Illuminate\\Support\\helpers.php(399): Illuminate\\Database\\Eloquent\\Builder->Illuminate\\Database\\Eloquent\\{closure}(Object(App\\Models\\User))
#12 C:\\Users\\DELL\\Downloads\\MARKOUB PROJECT\\MARKOUB\\backend\\vendor\\laravel\\framework\\src\\Illuminate\\Database\\Eloquent\\Builder.php(1127): tap(Object(App\\Models\\User), Object(Closure))
#13 C:\\Users\\DELL\\Downloads\\MARKOUB PROJECT\\MARKOUB\\backend\\vendor\\laravel\\framework\\src\\Illuminate\\Support\\Traits\\ForwardsCalls.php(23): Illuminate\\Database\\Eloquent\\Builder->create(Array)
#14 C:\\Users\\DELL\\Downloads\\MARKOUB PROJECT\\MARKOUB\\backend\\vendor\\laravel\\framework\\src\\Illuminate\\Database\\Eloquent\\Model.php(2372): Illuminate\\Database\\Eloquent\\Model->forwardCallTo(Object(Illuminate\\Database\\Eloquent\\Builder), 'create', Array)
#15 C:\\Users\\DELL\\Downloads\\MARKOUB PROJECT\\MARKOUB\\backend\\vendor\\laravel\\framework\\src\\Illuminate\\Database\\Eloquent\\Model.php(2384): Illuminate\\Database\\Eloquent\\Model->__call('create', Array)
#16 C:\\Users\\DELL\\Downloads\\MARKOUB PROJECT\\MARKOUB\\backend\\database\\seeders\\DatabaseSeeder.php(18): Illuminate\\Database\\Eloquent\\Model::__callStatic('create', Array)
#17 C:\\Users\\DELL\\Downloads\\MARKOUB PROJECT\\MARKOUB\\backend\\vendor\\laravel\\framework\\src\\Illuminate\\Container\\BoundMethod.php(36): Database\\Seeders\\DatabaseSeeder->run()
#18 C:\\Users\\DELL\\Downloads\\MARKOUB PROJECT\\MARKOUB\\backend\\vendor\\laravel\\framework\\src\\Illuminate\\Container\\Util.php(43): Illuminate\\Container\\BoundMethod::Illuminate\\Container\\{closure}()
#19 C:\\Users\\DELL\\Downloads\\MARKOUB PROJECT\\MARKOUB\\backend\\vendor\\laravel\\framework\\src\\Illuminate\\Container\\BoundMethod.php(95): Illuminate\\Container\\Util::unwrapIfClosure(Object(Closure))
#20 C:\\Users\\DELL\\Downloads\\MARKOUB PROJECT\\MARKOUB\\backend\\vendor\\laravel\\framework\\src\\Illuminate\\Container\\BoundMethod.php(35): Illuminate\\Container\\BoundMethod::callBoundMethod(Object(Illuminate\\Foundation\\Application), Array, Object(Closure))
#21 C:\\Users\\DELL\\Downloads\\MARKOUB PROJECT\\MARKOUB\\backend\\vendor\\laravel\\framework\\src\\Illuminate\\Container\\Container.php(696): Illuminate\\Container\\BoundMethod::call(Object(Illuminate\\Foundation\\Application), Array, Array, NULL)
#22 C:\\Users\\DELL\\Downloads\\MARKOUB PROJECT\\MARKOUB\\backend\\vendor\\laravel\\framework\\src\\Illuminate\\Database\\Seeder.php(188): Illuminate\\Container\\Container->call(Array, Array)
#23 C:\\Users\\DELL\\Downloads\\MARKOUB PROJECT\\MARKOUB\\backend\\vendor\\laravel\\framework\\src\\Illuminate\\Database\\Seeder.php(197): Illuminate\\Database\\Seeder->Illuminate\\Database\\{closure}()
#24 C:\\Users\\DELL\\Downloads\\MARKOUB PROJECT\\MARKOUB\\backend\\vendor\\laravel\\framework\\src\\Illuminate\\Database\\Console\\Seeds\\SeedCommand.php(70): Illuminate\\Database\\Seeder->__invoke()
#25 C:\\Users\\DELL\\Downloads\\MARKOUB PROJECT\\MARKOUB\\backend\\vendor\\laravel\\framework\\src\\Illuminate\\Database\\Eloquent\\Concerns\\GuardsAttributes.php(155): Illuminate\\Database\\Console\\Seeds\\SeedCommand->Illuminate\\Database\\Console\\Seeds\\{closure}()
#26 C:\\Users\\DELL\\Downloads\\MARKOUB PROJECT\\MARKOUB\\backend\\vendor\\laravel\\framework\\src\\Illuminate\\Database\\Console\\Seeds\\SeedCommand.php(69): Illuminate\\Database\\Eloquent\\Model::unguarded(Object(Closure))
#27 C:\\Users\\DELL\\Downloads\\MARKOUB PROJECT\\MARKOUB\\backend\\vendor\\laravel\\framework\\src\\Illuminate\\Container\\BoundMethod.php(36): Illuminate\\Database\\Console\\Seeds\\SeedCommand->handle()
#28 C:\\Users\\DELL\\Downloads\\MARKOUB PROJECT\\MARKOUB\\backend\\vendor\\laravel\\framework\\src\\Illuminate\\Container\\Util.php(43): Illuminate\\Container\\BoundMethod::Illuminate\\Container\\{closure}()
#29 C:\\Users\\DELL\\Downloads\\MARKOUB PROJECT\\MARKOUB\\backend\\vendor\\laravel\\framework\\src\\Illuminate\\Container\\BoundMethod.php(95): Illuminate\\Container\\Util::unwrapIfClosure(Object(Closure))
#30 C:\\Users\\DELL\\Downloads\\MARKOUB PROJECT\\MARKOUB\\backend\\vendor\\laravel\\framework\\src\\Illuminate\\Container\\BoundMethod.php(35): Illuminate\\Container\\BoundMethod::callBoundMethod(Object(Illuminate\\Foundation\\Application), Array, Object(Closure))
#31 C:\\Users\\DELL\\Downloads\\MARKOUB PROJECT\\MARKOUB\\backend\\vendor\\laravel\\framework\\src\\Illuminate\\Container\\Container.php(696): Illuminate\\Container\\BoundMethod::call(Object(Illuminate\\Foundation\\Application), Array, Array, NULL)
#32 C:\\Users\\DELL\\Downloads\\MARKOUB PROJECT\\MARKOUB\\backend\\vendor\\laravel\\framework\\src\\Illuminate\\Console\\Command.php(213): Illuminate\\Container\\Container->call(Array)
#33 C:\\Users\\DELL\\Downloads\\MARKOUB PROJECT\\MARKOUB\\backend\\vendor\\symfony\\console\\Command\\Command.php(318): Illuminate\\Console\\Command->execute(Object(Symfony\\Component\\Console\\Input\\ArrayInput), Object(Illuminate\\Console\\OutputStyle))
#34 C:\\Users\\DELL\\Downloads\\MARKOUB PROJECT\\MARKOUB\\backend\\vendor\\laravel\\framework\\src\\Illuminate\\Console\\Command.php(182): Symfony\\Component\\Console\\Command\\Command->run(Object(Symfony\\Component\\Console\\Input\\ArrayInput), Object(Illuminate\\Console\\OutputStyle))
#35 C:\\Users\\DELL\\Downloads\\MARKOUB PROJECT\\MARKOUB\\backend\\vendor\\laravel\\framework\\src\\Illuminate\\Console\\Concerns\\CallsCommands.php(68): Illuminate\\Console\\Command->run(Object(Symfony\\Component\\Console\\Input\\ArrayInput), Object(Illuminate\\Console\\OutputStyle))
#36 C:\\Users\\DELL\\Downloads\\MARKOUB PROJECT\\MARKOUB\\backend\\vendor\\laravel\\framework\\src\\Illuminate\\Console\\Concerns\\CallsCommands.php(29): Illuminate\\Console\\Command->runCommand('db:seed', Array, Object(Illuminate\\Console\\OutputStyle))
#37 C:\\Users\\DELL\\Downloads\\MARKOUB PROJECT\\MARKOUB\\backend\\vendor\\laravel\\framework\\src\\Illuminate\\Database\\Console\\Migrations\\MigrateCommand.php(126): Illuminate\\Console\\Command->call('db:seed', Array)
#38 C:\\Users\\DELL\\Downloads\\MARKOUB PROJECT\\MARKOUB\\backend\\vendor\\laravel\\framework\\src\\Illuminate\\Database\\Migrations\\Migrator.php(658): Illuminate\\Database\\Console\\Migrations\\MigrateCommand->Illuminate\\Database\\Console\\Migrations\\{closure}()
#39 C:\\Users\\DELL\\Downloads\\MARKOUB PROJECT\\MARKOUB\\backend\\vendor\\laravel\\framework\\src\\Illuminate\\Database\\Console\\Migrations\\MigrateCommand.php(110): Illuminate\\Database\\Migrations\\Migrator->usingConnection(NULL, Object(Closure))
#40 C:\\Users\\DELL\\Downloads\\MARKOUB PROJECT\\MARKOUB\\backend\\vendor\\laravel\\framework\\src\\Illuminate\\Database\\Console\\Migrations\\MigrateCommand.php(89): Illuminate\\Database\\Console\\Migrations\\MigrateCommand->runMigrations()
#41 C:\\Users\\DELL\\Downloads\\MARKOUB PROJECT\\MARKOUB\\backend\\vendor\\laravel\\framework\\src\\Illuminate\\Container\\BoundMethod.php(36): Illuminate\\Database\\Console\\Migrations\\MigrateCommand->handle()
#42 C:\\Users\\DELL\\Downloads\\MARKOUB PROJECT\\MARKOUB\\backend\\vendor\\laravel\\framework\\src\\Illuminate\\Container\\Util.php(43): Illuminate\\Container\\BoundMethod::Illuminate\\Container\\{closure}()
#43 C:\\Users\\DELL\\Downloads\\MARKOUB PROJECT\\MARKOUB\\backend\\vendor\\laravel\\framework\\src\\Illuminate\\Container\\BoundMethod.php(95): Illuminate\\Container\\Util::unwrapIfClosure(Object(Closure))
#44 C:\\Users\\DELL\\Downloads\\MARKOUB PROJECT\\MARKOUB\\backend\\vendor\\laravel\\framework\\src\\Illuminate\\Container\\BoundMethod.php(35): Illuminate\\Container\\BoundMethod::callBoundMethod(Object(Illuminate\\Foundation\\Application), Array, Object(Closure))
#45 C:\\Users\\DELL\\Downloads\\MARKOUB PROJECT\\MARKOUB\\backend\\vendor\\laravel\\framework\\src\\Illuminate\\Container\\Container.php(696): Illuminate\\Container\\BoundMethod::call(Object(Illuminate\\Foundation\\Application), Array, Array, NULL)
#46 C:\\Users\\DELL\\Downloads\\MARKOUB PROJECT\\MARKOUB\\backend\\vendor\\laravel\\framework\\src\\Illuminate\\Console\\Command.php(213): Illuminate\\Container\\Container->call(Array)
#47 C:\\Users\\DELL\\Downloads\\MARKOUB PROJECT\\MARKOUB\\backend\\vendor\\symfony\\console\\Command\\Command.php(318): Illuminate\\Console\\Command->execute(Object(Symfony\\Component\\Console\\Input\\ArgvInput), Object(Illuminate\\Console\\OutputStyle))
#48 C:\\Users\\DELL\\Downloads\\MARKOUB PROJECT\\MARKOUB\\backend\\vendor\\laravel\\framework\\src\\Illuminate\\Console\\Command.php(182): Symfony\\Component\\Console\\Command\\Command->run(Object(Symfony\\Component\\Console\\Input\\ArgvInput), Object(Illuminate\\Console\\OutputStyle))
#49 C:\\Users\\DELL\\Downloads\\MARKOUB PROJECT\\MARKOUB\\backend\\vendor\\symfony\\console\\Application.php(1073): Illuminate\\Console\\Command->run(Object(Symfony\\Component\\Console\\Input\\ArgvInput), Object(Symfony\\Component\\Console\\Output\\ConsoleOutput))
#50 C:\\Users\\DELL\\Downloads\\MARKOUB PROJECT\\MARKOUB\\backend\\vendor\\symfony\\console\\Application.php(356): Symfony\\Component\\Console\\Application->doRunCommand(Object(Illuminate\\Database\\Console\\Migrations\\MigrateCommand), Object(Symfony\\Component\\Console\\Input\\ArgvInput), Object(Symfony\\Component\\Console\\Output\\ConsoleOutput))
#51 C:\\Users\\DELL\\Downloads\\MARKOUB PROJECT\\MARKOUB\\backend\\vendor\\symfony\\console\\Application.php(195): Symfony\\Component\\Console\\Application->doRun(Object(Symfony\\Component\\Console\\Input\\ArgvInput), Object(Symfony\\Component\\Console\\Output\\ConsoleOutput))
#52 C:\\Users\\DELL\\Downloads\\MARKOUB PROJECT\\MARKOUB\\backend\\vendor\\laravel\\framework\\src\\Illuminate\\Foundation\\Console\\Kernel.php(198): Symfony\\Component\\Console\\Application->run(Object(Symfony\\Component\\Console\\Input\\ArgvInput), Object(Symfony\\Component\\Console\\Output\\ConsoleOutput))
#53 C:\\Users\\DELL\\Downloads\\MARKOUB PROJECT\\MARKOUB\\backend\\artisan(14): Illuminate\\Foundation\\Console\\Kernel->handle(Object(Symfony\\Component\\Console\\Input\\ArgvInput), Object(Symfony\\Component\\Console\\Output\\ConsoleOutput))
#54 {main}
"} 
[2025-10-29 22:14:12] local.ERROR: SQLSTATE[23000]: Integrity constraint violation: 1062 Duplicate entry 'admin@markoub.com' for key 'users_email_unique' (Connection: mysql, SQL: insert into `users` (`first_name`, `last_name`, `email`, `password`, `phone`, `city`, `birthday`, `role`, `is_verified`, `email_verified_at`, `updated_at`, `created_at`) values (Admin, User, admin@markoub.com, $2y$12$0XXKx.qV/3wRCILz2G69Cu/EXaapUKWxMyH2i86V/jbGal4/eEnCy, +1234567890, New York, 1990-01-01 00:00:00, admin, 1, 2025-10-29 22:14:12, 2025-10-29 22:14:12, 2025-10-29 22:14:12)) {"exception":"[object] (Illuminate\\Database\\UniqueConstraintViolationException(code: 23000): SQLSTATE[23000]: Integrity constraint violation: 1062 Duplicate entry 'admin@markoub.com' for key 'users_email_unique' (Connection: mysql, SQL: insert into `users` (`first_name`, `last_name`, `email`, `password`, `phone`, `city`, `birthday`, `role`, `is_verified`, `email_verified_at`, `updated_at`, `created_at`) values (Admin, User, admin@markoub.com, $2y$12$0XXKx.qV/3wRCILz2G69Cu/EXaapUKWxMyH2i86V/jbGal4/eEnCy, +1234567890, New York, 1990-01-01 00:00:00, admin, 1, 2025-10-29 22:14:12, 2025-10-29 22:14:12, 2025-10-29 22:14:12)) at C:\\Users\\DELL\\Downloads\\MARKOUB PROJECT\\MARKOUB\\backend\\vendor\\laravel\\framework\\src\\Illuminate\\Database\\Connection.php:820)
[stacktrace]
#0 C:\\Users\\DELL\\Downloads\\MARKOUB PROJECT\\MARKOUB\\backend\\vendor\\laravel\\framework\\src\\Illuminate\\Database\\Connection.php(779): Illuminate\\Database\\Connection->runQueryCallback('insert into `us...', Array, Object(Closure))
#1 C:\\Users\\DELL\\Downloads\\MARKOUB PROJECT\\MARKOUB\\backend\\vendor\\laravel\\framework\\src\\Illuminate\\Database\\MySqlConnection.php(42): Illuminate\\Database\\Connection->run('insert into `us...', Array, Object(Closure))
#2 C:\\Users\\DELL\\Downloads\\MARKOUB PROJECT\\MARKOUB\\backend\\vendor\\laravel\\framework\\src\\Illuminate\\Database\\Query\\Processors\\MySqlProcessor.php(35): Illuminate\\Database\\MySqlConnection->insert('insert into `us...', Array, 'id')
#3 C:\\Users\\DELL\\Downloads\\MARKOUB PROJECT\\MARKOUB\\backend\\vendor\\laravel\\framework\\src\\Illuminate\\Database\\Query\\Builder.php(3766): Illuminate\\Database\\Query\\Processors\\MySqlProcessor->processInsertGetId(Object(Illuminate\\Database\\Query\\Builder), 'insert into `us...', Array, 'id')
#4 C:\\Users\\DELL\\Downloads\\MARKOUB PROJECT\\MARKOUB\\backend\\vendor\\laravel\\framework\\src\\Illuminate\\Database\\Eloquent\\Builder.php(2120): Illuminate\\Database\\Query\\Builder->insertGetId(Array, 'id')
#5 C:\\Users\\DELL\\Downloads\\MARKOUB PROJECT\\MARKOUB\\backend\\vendor\\laravel\\framework\\src\\Illuminate\\Database\\Eloquent\\Model.php(1359): Illuminate\\Database\\Eloquent\\Builder->__call('insertGetId', Array)
#6 C:\\Users\\DELL\\Downloads\\MARKOUB PROJECT\\MARKOUB\\backend\\vendor\\laravel\\framework\\src\\Illuminate\\Database\\Eloquent\\Model.php(1324): Illuminate\\Database\\Eloquent\\Model->insertAndSetId(Object(Illuminate\\Database\\Eloquent\\Builder), Array)
#7 C:\\Users\\DELL\\Downloads\\MARKOUB PROJECT\\MARKOUB\\backend\\vendor\\laravel\\framework\\src\\Illuminate\\Database\\Eloquent\\Model.php(1163): Illuminate\\Database\\Eloquent\\Model->performInsert(Object(Illuminate\\Database\\Eloquent\\Builder))
#8 C:\\Users\\DELL\\Downloads\\MARKOUB PROJECT\\MARKOUB\\backend\\vendor\\laravel\\framework\\src\\Illuminate\\Database\\Eloquent\\Builder.php(1128): Illuminate\\Database\\Eloquent\\Model->save()
#9 C:\\Users\\DELL\\Downloads\\MARKOUB PROJECT\\MARKOUB\\backend\\vendor\\laravel\\framework\\src\\Illuminate\\Support\\helpers.php(399): Illuminate\\Database\\Eloquent\\Builder->Illuminate\\Database\\Eloquent\\{closure}(Object(App\\Models\\User))
#10 C:\\Users\\DELL\\Downloads\\MARKOUB PROJECT\\MARKOUB\\backend\\vendor\\laravel\\framework\\src\\Illuminate\\Database\\Eloquent\\Builder.php(1127): tap(Object(App\\Models\\User), Object(Closure))
#11 C:\\Users\\DELL\\Downloads\\MARKOUB PROJECT\\MARKOUB\\backend\\vendor\\laravel\\framework\\src\\Illuminate\\Support\\Traits\\ForwardsCalls.php(23): Illuminate\\Database\\Eloquent\\Builder->create(Array)
#12 C:\\Users\\DELL\\Downloads\\MARKOUB PROJECT\\MARKOUB\\backend\\vendor\\laravel\\framework\\src\\Illuminate\\Database\\Eloquent\\Model.php(2372): Illuminate\\Database\\Eloquent\\Model->forwardCallTo(Object(Illuminate\\Database\\Eloquent\\Builder), 'create', Array)
#13 C:\\Users\\DELL\\Downloads\\MARKOUB PROJECT\\MARKOUB\\backend\\vendor\\laravel\\framework\\src\\Illuminate\\Database\\Eloquent\\Model.php(2384): Illuminate\\Database\\Eloquent\\Model->__call('create', Array)
#14 C:\\Users\\DELL\\Downloads\\MARKOUB PROJECT\\MARKOUB\\backend\\database\\seeders\\DatabaseSeeder.php(18): Illuminate\\Database\\Eloquent\\Model::__callStatic('create', Array)
#15 C:\\Users\\DELL\\Downloads\\MARKOUB PROJECT\\MARKOUB\\backend\\vendor\\laravel\\framework\\src\\Illuminate\\Container\\BoundMethod.php(36): Database\\Seeders\\DatabaseSeeder->run()
#16 C:\\Users\\DELL\\Downloads\\MARKOUB PROJECT\\MARKOUB\\backend\\vendor\\laravel\\framework\\src\\Illuminate\\Container\\Util.php(43): Illuminate\\Container\\BoundMethod::Illuminate\\Container\\{closure}()
#17 C:\\Users\\DELL\\Downloads\\MARKOUB PROJECT\\MARKOUB\\backend\\vendor\\laravel\\framework\\src\\Illuminate\\Container\\BoundMethod.php(95): Illuminate\\Container\\Util::unwrapIfClosure(Object(Closure))
#18 C:\\Users\\DELL\\Downloads\\MARKOUB PROJECT\\MARKOUB\\backend\\vendor\\laravel\\framework\\src\\Illuminate\\Container\\BoundMethod.php(35): Illuminate\\Container\\BoundMethod::callBoundMethod(Object(Illuminate\\Foundation\\Application), Array, Object(Closure))
#19 C:\\Users\\DELL\\Downloads\\MARKOUB PROJECT\\MARKOUB\\backend\\vendor\\laravel\\framework\\src\\Illuminate\\Container\\Container.php(696): Illuminate\\Container\\BoundMethod::call(Object(Illuminate\\Foundation\\Application), Array, Array, NULL)
#20 C:\\Users\\DELL\\Downloads\\MARKOUB PROJECT\\MARKOUB\\backend\\vendor\\laravel\\framework\\src\\Illuminate\\Database\\Seeder.php(188): Illuminate\\Container\\Container->call(Array, Array)
#21 C:\\Users\\DELL\\Downloads\\MARKOUB PROJECT\\MARKOUB\\backend\\vendor\\laravel\\framework\\src\\Illuminate\\Database\\Seeder.php(197): Illuminate\\Database\\Seeder->Illuminate\\Database\\{closure}()
#22 C:\\Users\\DELL\\Downloads\\MARKOUB PROJECT\\MARKOUB\\backend\\vendor\\laravel\\framework\\src\\Illuminate\\Database\\Console\\Seeds\\SeedCommand.php(70): Illuminate\\Database\\Seeder->__invoke()
#23 C:\\Users\\DELL\\Downloads\\MARKOUB PROJECT\\MARKOUB\\backend\\vendor\\laravel\\framework\\src\\Illuminate\\Database\\Eloquent\\Concerns\\GuardsAttributes.php(155): Illuminate\\Database\\Console\\Seeds\\SeedCommand->Illuminate\\Database\\Console\\Seeds\\{closure}()
#24 C:\\Users\\DELL\\Downloads\\MARKOUB PROJECT\\MARKOUB\\backend\\vendor\\laravel\\framework\\src\\Illuminate\\Database\\Console\\Seeds\\SeedCommand.php(69): Illuminate\\Database\\Eloquent\\Model::unguarded(Object(Closure))
#25 C:\\Users\\DELL\\Downloads\\MARKOUB PROJECT\\MARKOUB\\backend\\vendor\\laravel\\framework\\src\\Illuminate\\Container\\BoundMethod.php(36): Illuminate\\Database\\Console\\Seeds\\SeedCommand->handle()
#26 C:\\Users\\DELL\\Downloads\\MARKOUB PROJECT\\MARKOUB\\backend\\vendor\\laravel\\framework\\src\\Illuminate\\Container\\Util.php(43): Illuminate\\Container\\BoundMethod::Illuminate\\Container\\{closure}()
#27 C:\\Users\\DELL\\Downloads\\MARKOUB PROJECT\\MARKOUB\\backend\\vendor\\laravel\\framework\\src\\Illuminate\\Container\\BoundMethod.php(95): Illuminate\\Container\\Util::unwrapIfClosure(Object(Closure))
#28 C:\\Users\\DELL\\Downloads\\MARKOUB PROJECT\\MARKOUB\\backend\\vendor\\laravel\\framework\\src\\Illuminate\\Container\\BoundMethod.php(35): Illuminate\\Container\\BoundMethod::callBoundMethod(Object(Illuminate\\Foundation\\Application), Array, Object(Closure))
#29 C:\\Users\\DELL\\Downloads\\MARKOUB PROJECT\\MARKOUB\\backend\\vendor\\laravel\\framework\\src\\Illuminate\\Container\\Container.php(696): Illuminate\\Container\\BoundMethod::call(Object(Illuminate\\Foundation\\Application), Array, Array, NULL)
#30 C:\\Users\\DELL\\Downloads\\MARKOUB PROJECT\\MARKOUB\\backend\\vendor\\laravel\\framework\\src\\Illuminate\\Console\\Command.php(213): Illuminate\\Container\\Container->call(Array)
#31 C:\\Users\\DELL\\Downloads\\MARKOUB PROJECT\\MARKOUB\\backend\\vendor\\symfony\\console\\Command\\Command.php(318): Illuminate\\Console\\Command->execute(Object(Symfony\\Component\\Console\\Input\\ArgvInput), Object(Illuminate\\Console\\OutputStyle))
#32 C:\\Users\\DELL\\Downloads\\MARKOUB PROJECT\\MARKOUB\\backend\\vendor\\laravel\\framework\\src\\Illuminate\\Console\\Command.php(182): Symfony\\Component\\Console\\Command\\Command->run(Object(Symfony\\Component\\Console\\Input\\ArgvInput), Object(Illuminate\\Console\\OutputStyle))
#33 C:\\Users\\DELL\\Downloads\\MARKOUB PROJECT\\MARKOUB\\backend\\vendor\\symfony\\console\\Application.php(1073): Illuminate\\Console\\Command->run(Object(Symfony\\Component\\Console\\Input\\ArgvInput), Object(Symfony\\Component\\Console\\Output\\ConsoleOutput))
#34 C:\\Users\\DELL\\Downloads\\MARKOUB PROJECT\\MARKOUB\\backend\\vendor\\symfony\\console\\Application.php(356): Symfony\\Component\\Console\\Application->doRunCommand(Object(Illuminate\\Database\\Console\\Seeds\\SeedCommand), Object(Symfony\\Component\\Console\\Input\\ArgvInput), Object(Symfony\\Component\\Console\\Output\\ConsoleOutput))
#35 C:\\Users\\DELL\\Downloads\\MARKOUB PROJECT\\MARKOUB\\backend\\vendor\\symfony\\console\\Application.php(195): Symfony\\Component\\Console\\Application->doRun(Object(Symfony\\Component\\Console\\Input\\ArgvInput), Object(Symfony\\Component\\Console\\Output\\ConsoleOutput))
#36 C:\\Users\\DELL\\Downloads\\MARKOUB PROJECT\\MARKOUB\\backend\\vendor\\laravel\\framework\\src\\Illuminate\\Foundation\\Console\\Kernel.php(198): Symfony\\Component\\Console\\Application->run(Object(Symfony\\Component\\Console\\Input\\ArgvInput), Object(Symfony\\Component\\Console\\Output\\ConsoleOutput))
#37 C:\\Users\\DELL\\Downloads\\MARKOUB PROJECT\\MARKOUB\\backend\\artisan(14): Illuminate\\Foundation\\Console\\Kernel->handle(Object(Symfony\\Component\\Console\\Input\\ArgvInput), Object(Symfony\\Component\\Console\\Output\\ConsoleOutput))
#38 {main}

[previous exception] [object] (PDOException(code: 23000): SQLSTATE[23000]: Integrity constraint violation: 1062 Duplicate entry 'admin@markoub.com' for key 'users_email_unique' at C:\\Users\\DELL\\Downloads\\MARKOUB PROJECT\\MARKOUB\\backend\\vendor\\laravel\\framework\\src\\Illuminate\\Database\\MySqlConnection.php:53)
[stacktrace]
#0 C:\\Users\\DELL\\Downloads\\MARKOUB PROJECT\\MARKOUB\\backend\\vendor\\laravel\\framework\\src\\Illuminate\\Database\\MySqlConnection.php(53): PDOStatement->execute()
#1 C:\\Users\\DELL\\Downloads\\MARKOUB PROJECT\\MARKOUB\\backend\\vendor\\laravel\\framework\\src\\Illuminate\\Database\\Connection.php(812): Illuminate\\Database\\MySqlConnection->Illuminate\\Database\\{closure}('insert into `us...', Array)
#2 C:\\Users\\DELL\\Downloads\\MARKOUB PROJECT\\MARKOUB\\backend\\vendor\\laravel\\framework\\src\\Illuminate\\Database\\Connection.php(779): Illuminate\\Database\\Connection->runQueryCallback('insert into `us...', Array, Object(Closure))
#3 C:\\Users\\DELL\\Downloads\\MARKOUB PROJECT\\MARKOUB\\backend\\vendor\\laravel\\framework\\src\\Illuminate\\Database\\MySqlConnection.php(42): Illuminate\\Database\\Connection->run('insert into `us...', Array, Object(Closure))
#4 C:\\Users\\DELL\\Downloads\\MARKOUB PROJECT\\MARKOUB\\backend\\vendor\\laravel\\framework\\src\\Illuminate\\Database\\Query\\Processors\\MySqlProcessor.php(35): Illuminate\\Database\\MySqlConnection->insert('insert into `us...', Array, 'id')
#5 C:\\Users\\DELL\\Downloads\\MARKOUB PROJECT\\MARKOUB\\backend\\vendor\\laravel\\framework\\src\\Illuminate\\Database\\Query\\Builder.php(3766): Illuminate\\Database\\Query\\Processors\\MySqlProcessor->processInsertGetId(Object(Illuminate\\Database\\Query\\Builder), 'insert into `us...', Array, 'id')
#6 C:\\Users\\DELL\\Downloads\\MARKOUB PROJECT\\MARKOUB\\backend\\vendor\\laravel\\framework\\src\\Illuminate\\Database\\Eloquent\\Builder.php(2120): Illuminate\\Database\\Query\\Builder->insertGetId(Array, 'id')
#7 C:\\Users\\DELL\\Downloads\\MARKOUB PROJECT\\MARKOUB\\backend\\vendor\\laravel\\framework\\src\\Illuminate\\Database\\Eloquent\\Model.php(1359): Illuminate\\Database\\Eloquent\\Builder->__call('insertGetId', Array)
#8 C:\\Users\\DELL\\Downloads\\MARKOUB PROJECT\\MARKOUB\\backend\\vendor\\laravel\\framework\\src\\Illuminate\\Database\\Eloquent\\Model.php(1324): Illuminate\\Database\\Eloquent\\Model->insertAndSetId(Object(Illuminate\\Database\\Eloquent\\Builder), Array)
#9 C:\\Users\\DELL\\Downloads\\MARKOUB PROJECT\\MARKOUB\\backend\\vendor\\laravel\\framework\\src\\Illuminate\\Database\\Eloquent\\Model.php(1163): Illuminate\\Database\\Eloquent\\Model->performInsert(Object(Illuminate\\Database\\Eloquent\\Builder))
#10 C:\\Users\\DELL\\Downloads\\MARKOUB PROJECT\\MARKOUB\\backend\\vendor\\laravel\\framework\\src\\Illuminate\\Database\\Eloquent\\Builder.php(1128): Illuminate\\Database\\Eloquent\\Model->save()
#11 C:\\Users\\DELL\\Downloads\\MARKOUB PROJECT\\MARKOUB\\backend\\vendor\\laravel\\framework\\src\\Illuminate\\Support\\helpers.php(399): Illuminate\\Database\\Eloquent\\Builder->Illuminate\\Database\\Eloquent\\{closure}(Object(App\\Models\\User))
#12 C:\\Users\\DELL\\Downloads\\MARKOUB PROJECT\\MARKOUB\\backend\\vendor\\laravel\\framework\\src\\Illuminate\\Database\\Eloquent\\Builder.php(1127): tap(Object(App\\Models\\User), Object(Closure))
#13 C:\\Users\\DELL\\Downloads\\MARKOUB PROJECT\\MARKOUB\\backend\\vendor\\laravel\\framework\\src\\Illuminate\\Support\\Traits\\ForwardsCalls.php(23): Illuminate\\Database\\Eloquent\\Builder->create(Array)
#14 C:\\Users\\DELL\\Downloads\\MARKOUB PROJECT\\MARKOUB\\backend\\vendor\\laravel\\framework\\src\\Illuminate\\Database\\Eloquent\\Model.php(2372): Illuminate\\Database\\Eloquent\\Model->forwardCallTo(Object(Illuminate\\Database\\Eloquent\\Builder), 'create', Array)
#15 C:\\Users\\DELL\\Downloads\\MARKOUB PROJECT\\MARKOUB\\backend\\vendor\\laravel\\framework\\src\\Illuminate\\Database\\Eloquent\\Model.php(2384): Illuminate\\Database\\Eloquent\\Model->__call('create', Array)
#16 C:\\Users\\DELL\\Downloads\\MARKOUB PROJECT\\MARKOUB\\backend\\database\\seeders\\DatabaseSeeder.php(18): Illuminate\\Database\\Eloquent\\Model::__callStatic('create', Array)
#17 C:\\Users\\DELL\\Downloads\\MARKOUB PROJECT\\MARKOUB\\backend\\vendor\\laravel\\framework\\src\\Illuminate\\Container\\BoundMethod.php(36): Database\\Seeders\\DatabaseSeeder->run()
#18 C:\\Users\\DELL\\Downloads\\MARKOUB PROJECT\\MARKOUB\\backend\\vendor\\laravel\\framework\\src\\Illuminate\\Container\\Util.php(43): Illuminate\\Container\\BoundMethod::Illuminate\\Container\\{closure}()
#19 C:\\Users\\DELL\\Downloads\\MARKOUB PROJECT\\MARKOUB\\backend\\vendor\\laravel\\framework\\src\\Illuminate\\Container\\BoundMethod.php(95): Illuminate\\Container\\Util::unwrapIfClosure(Object(Closure))
#20 C:\\Users\\DELL\\Downloads\\MARKOUB PROJECT\\MARKOUB\\backend\\vendor\\laravel\\framework\\src\\Illuminate\\Container\\BoundMethod.php(35): Illuminate\\Container\\BoundMethod::callBoundMethod(Object(Illuminate\\Foundation\\Application), Array, Object(Closure))
#21 C:\\Users\\DELL\\Downloads\\MARKOUB PROJECT\\MARKOUB\\backend\\vendor\\laravel\\framework\\src\\Illuminate\\Container\\Container.php(696): Illuminate\\Container\\BoundMethod::call(Object(Illuminate\\Foundation\\Application), Array, Array, NULL)
#22 C:\\Users\\DELL\\Downloads\\MARKOUB PROJECT\\MARKOUB\\backend\\vendor\\laravel\\framework\\src\\Illuminate\\Database\\Seeder.php(188): Illuminate\\Container\\Container->call(Array, Array)
#23 C:\\Users\\DELL\\Downloads\\MARKOUB PROJECT\\MARKOUB\\backend\\vendor\\laravel\\framework\\src\\Illuminate\\Database\\Seeder.php(197): Illuminate\\Database\\Seeder->Illuminate\\Database\\{closure}()
#24 C:\\Users\\DELL\\Downloads\\MARKOUB PROJECT\\MARKOUB\\backend\\vendor\\laravel\\framework\\src\\Illuminate\\Database\\Console\\Seeds\\SeedCommand.php(70): Illuminate\\Database\\Seeder->__invoke()
#25 C:\\Users\\DELL\\Downloads\\MARKOUB PROJECT\\MARKOUB\\backend\\vendor\\laravel\\framework\\src\\Illuminate\\Database\\Eloquent\\Concerns\\GuardsAttributes.php(155): Illuminate\\Database\\Console\\Seeds\\SeedCommand->Illuminate\\Database\\Console\\Seeds\\{closure}()
#26 C:\\Users\\DELL\\Downloads\\MARKOUB PROJECT\\MARKOUB\\backend\\vendor\\laravel\\framework\\src\\Illuminate\\Database\\Console\\Seeds\\SeedCommand.php(69): Illuminate\\Database\\Eloquent\\Model::unguarded(Object(Closure))
#27 C:\\Users\\DELL\\Downloads\\MARKOUB PROJECT\\MARKOUB\\backend\\vendor\\laravel\\framework\\src\\Illuminate\\Container\\BoundMethod.php(36): Illuminate\\Database\\Console\\Seeds\\SeedCommand->handle()
#28 C:\\Users\\DELL\\Downloads\\MARKOUB PROJECT\\MARKOUB\\backend\\vendor\\laravel\\framework\\src\\Illuminate\\Container\\Util.php(43): Illuminate\\Container\\BoundMethod::Illuminate\\Container\\{closure}()
#29 C:\\Users\\DELL\\Downloads\\MARKOUB PROJECT\\MARKOUB\\backend\\vendor\\laravel\\framework\\src\\Illuminate\\Container\\BoundMethod.php(95): Illuminate\\Container\\Util::unwrapIfClosure(Object(Closure))
#30 C:\\Users\\DELL\\Downloads\\MARKOUB PROJECT\\MARKOUB\\backend\\vendor\\laravel\\framework\\src\\Illuminate\\Container\\BoundMethod.php(35): Illuminate\\Container\\BoundMethod::callBoundMethod(Object(Illuminate\\Foundation\\Application), Array, Object(Closure))
#31 C:\\Users\\DELL\\Downloads\\MARKOUB PROJECT\\MARKOUB\\backend\\vendor\\laravel\\framework\\src\\Illuminate\\Container\\Container.php(696): Illuminate\\Container\\BoundMethod::call(Object(Illuminate\\Foundation\\Application), Array, Array, NULL)
#32 C:\\Users\\DELL\\Downloads\\MARKOUB PROJECT\\MARKOUB\\backend\\vendor\\laravel\\framework\\src\\Illuminate\\Console\\Command.php(213): Illuminate\\Container\\Container->call(Array)
#33 C:\\Users\\DELL\\Downloads\\MARKOUB PROJECT\\MARKOUB\\backend\\vendor\\symfony\\console\\Command\\Command.php(318): Illuminate\\Console\\Command->execute(Object(Symfony\\Component\\Console\\Input\\ArgvInput), Object(Illuminate\\Console\\OutputStyle))
#34 C:\\Users\\DELL\\Downloads\\MARKOUB PROJECT\\MARKOUB\\backend\\vendor\\laravel\\framework\\src\\Illuminate\\Console\\Command.php(182): Symfony\\Component\\Console\\Command\\Command->run(Object(Symfony\\Component\\Console\\Input\\ArgvInput), Object(Illuminate\\Console\\OutputStyle))
#35 C:\\Users\\DELL\\Downloads\\MARKOUB PROJECT\\MARKOUB\\backend\\vendor\\symfony\\console\\Application.php(1073): Illuminate\\Console\\Command->run(Object(Symfony\\Component\\Console\\Input\\ArgvInput), Object(Symfony\\Component\\Console\\Output\\ConsoleOutput))
#36 C:\\Users\\DELL\\Downloads\\MARKOUB PROJECT\\MARKOUB\\backend\\vendor\\symfony\\console\\Application.php(356): Symfony\\Component\\Console\\Application->doRunCommand(Object(Illuminate\\Database\\Console\\Seeds\\SeedCommand), Object(Symfony\\Component\\Console\\Input\\ArgvInput), Object(Symfony\\Component\\Console\\Output\\ConsoleOutput))
#37 C:\\Users\\DELL\\Downloads\\MARKOUB PROJECT\\MARKOUB\\backend\\vendor\\symfony\\console\\Application.php(195): Symfony\\Component\\Console\\Application->doRun(Object(Symfony\\Component\\Console\\Input\\ArgvInput), Object(Symfony\\Component\\Console\\Output\\ConsoleOutput))
#38 C:\\Users\\DELL\\Downloads\\MARKOUB PROJECT\\MARKOUB\\backend\\vendor\\laravel\\framework\\src\\Illuminate\\Foundation\\Console\\Kernel.php(198): Symfony\\Component\\Console\\Application->run(Object(Symfony\\Component\\Console\\Input\\ArgvInput), Object(Symfony\\Component\\Console\\Output\\ConsoleOutput))
#39 C:\\Users\\DELL\\Downloads\\MARKOUB PROJECT\\MARKOUB\\backend\\artisan(14): Illuminate\\Foundation\\Console\\Kernel->handle(Object(Symfony\\Component\\Console\\Input\\ArgvInput), Object(Symfony\\Component\\Console\\Output\\ConsoleOutput))
#40 {main}
"} 
[2025-10-31 22:53:44] local.ERROR: SQLSTATE[01000]: Warning: 1265 Data truncated for column 'status' at row 1 (Connection: mysql, SQL: update `bookings` set `status` = passenger_confirmed, `bookings`.`updated_at` = 2025-10-31 22:53:43 where `id` = 9) {"userId":6,"exception":"[object] (Illuminate\\Database\\QueryException(code: 01000): SQLSTATE[01000]: Warning: 1265 Data truncated for column 'status' at row 1 (Connection: mysql, SQL: update `bookings` set `status` = passenger_confirmed, `bookings`.`updated_at` = 2025-10-31 22:53:43 where `id` = 9) at C:\\Users\\DELL\\Downloads\\MARKOUB PROJECT\\MARKOUB\\backend\\vendor\\laravel\\framework\\src\\Illuminate\\Database\\Connection.php:825)
[stacktrace]
#0 C:\\Users\\DELL\\Downloads\\MARKOUB PROJECT\\MARKOUB\\backend\\vendor\\laravel\\framework\\src\\Illuminate\\Database\\Connection.php(779): Illuminate\\Database\\Connection->runQueryCallback('update `booking...', Array, Object(Closure))
#1 C:\\Users\\DELL\\Downloads\\MARKOUB PROJECT\\MARKOUB\\backend\\vendor\\laravel\\framework\\src\\Illuminate\\Database\\Connection.php(584): Illuminate\\Database\\Connection->run('update `booking...', Array, Object(Closure))
#2 C:\\Users\\DELL\\Downloads\\MARKOUB PROJECT\\MARKOUB\\backend\\vendor\\laravel\\framework\\src\\Illuminate\\Database\\Connection.php(536): Illuminate\\Database\\Connection->affectingStatement('update `booking...', Array)
#3 C:\\Users\\DELL\\Downloads\\MARKOUB PROJECT\\MARKOUB\\backend\\vendor\\laravel\\framework\\src\\Illuminate\\Database\\Query\\Builder.php(3830): Illuminate\\Database\\Connection->update('update `booking...', Array)
#4 C:\\Users\\DELL\\Downloads\\MARKOUB PROJECT\\MARKOUB\\backend\\vendor\\laravel\\framework\\src\\Illuminate\\Database\\Eloquent\\Builder.php(1175): Illuminate\\Database\\Query\\Builder->update(Object(Illuminate\\Support\\Collection))
#5 C:\\Users\\DELL\\Downloads\\MARKOUB PROJECT\\MARKOUB\\backend\\vendor\\laravel\\framework\\src\\Illuminate\\Database\\Eloquent\\Model.php(1239): Illuminate\\Database\\Eloquent\\Builder->update(Array)
#6 C:\\Users\\DELL\\Downloads\\MARKOUB PROJECT\\MARKOUB\\backend\\vendor\\laravel\\framework\\src\\Illuminate\\Database\\Eloquent\\Model.php(1156): Illuminate\\Database\\Eloquent\\Model->performUpdate(Object(Illuminate\\Database\\Eloquent\\Builder))
#7 C:\\Users\\DELL\\Downloads\\MARKOUB PROJECT\\MARKOUB\\backend\\app\\Http\\Controllers\\Api\\V1\\BookingController.php(190): Illuminate\\Database\\Eloquent\\Model->save()
#8 C:\\Users\\DELL\\Downloads\\MARKOUB PROJECT\\MARKOUB\\backend\\vendor\\laravel\\framework\\src\\Illuminate\\Database\\Concerns\\ManagesTransactions.php(32): App\\Http\\Controllers\\Api\\V1\\BookingController->App\\Http\\Controllers\\Api\\V1\\{closure}(Object(Illuminate\\Database\\MySqlConnection))
#9 C:\\Users\\DELL\\Downloads\\MARKOUB PROJECT\\MARKOUB\\backend\\vendor\\laravel\\framework\\src\\Illuminate\\Database\\DatabaseManager.php(495): Illuminate\\Database\\Connection->transaction(Object(Closure))
#10 C:\\Users\\DELL\\Downloads\\MARKOUB PROJECT\\MARKOUB\\backend\\vendor\\laravel\\framework\\src\\Illuminate\\Support\\Facades\\Facade.php(361): Illuminate\\Database\\DatabaseManager->__call('transaction', Array)
#11 C:\\Users\\DELL\\Downloads\\MARKOUB PROJECT\\MARKOUB\\backend\\app\\Http\\Controllers\\Api\\V1\\BookingController.php(188): Illuminate\\Support\\Facades\\Facade::__callStatic('transaction', Array)
#12 C:\\Users\\DELL\\Downloads\\MARKOUB PROJECT\\MARKOUB\\backend\\vendor\\laravel\\framework\\src\\Illuminate\\Routing\\ControllerDispatcher.php(47): App\\Http\\Controllers\\Api\\V1\\BookingController->confirm('9')
#13 C:\\Users\\DELL\\Downloads\\MARKOUB PROJECT\\MARKOUB\\backend\\vendor\\laravel\\framework\\src\\Illuminate\\Routing\\Route.php(266): Illuminate\\Routing\\ControllerDispatcher->dispatch(Object(Illuminate\\Routing\\Route), Object(App\\Http\\Controllers\\Api\\V1\\BookingController), 'confirm')
#14 C:\\Users\\DELL\\Downloads\\MARKOUB PROJECT\\MARKOUB\\backend\\vendor\\laravel\\framework\\src\\Illuminate\\Routing\\Route.php(212): Illuminate\\Routing\\Route->runController()
#15 C:\\Users\\DELL\\Downloads\\MARKOUB PROJECT\\MARKOUB\\backend\\vendor\\laravel\\framework\\src\\Illuminate\\Routing\\Router.php(808): Illuminate\\Routing\\Route->run()
#16 C:\\Users\\DELL\\Downloads\\MARKOUB PROJECT\\MARKOUB\\backend\\vendor\\laravel\\framework\\src\\Illuminate\\Pipeline\\Pipeline.php(170): Illuminate\\Routing\\Router->Illuminate\\Routing\\{closure}(Object(Illuminate\\Http\\Request))
#17 C:\\Users\\DELL\\Downloads\\MARKOUB PROJECT\\MARKOUB\\backend\\vendor\\laravel\\framework\\src\\Illuminate\\Routing\\Middleware\\SubstituteBindings.php(51): Illuminate\\Pipeline\\Pipeline->Illuminate\\Pipeline\\{closure}(Object(Illuminate\\Http\\Request))
#18 C:\\Users\\DELL\\Downloads\\MARKOUB PROJECT\\MARKOUB\\backend\\vendor\\laravel\\framework\\src\\Illuminate\\Pipeline\\Pipeline.php(209): Illuminate\\Routing\\Middleware\\SubstituteBindings->handle(Object(Illuminate\\Http\\Request), Object(Closure))
#19 C:\\Users\\DELL\\Downloads\\MARKOUB PROJECT\\MARKOUB\\backend\\vendor\\laravel\\framework\\src\\Illuminate\\Auth\\Middleware\\Authenticate.php(64): Illuminate\\Pipeline\\Pipeline->Illuminate\\Pipeline\\{closure}(Object(Illuminate\\Http\\Request))
#20 C:\\Users\\DELL\\Downloads\\MARKOUB PROJECT\\MARKOUB\\backend\\vendor\\laravel\\framework\\src\\Illuminate\\Pipeline\\Pipeline.php(209): Illuminate\\Auth\\Middleware\\Authenticate->handle(Object(Illuminate\\Http\\Request), Object(Closure), 'api')
#21 C:\\Users\\DELL\\Downloads\\MARKOUB PROJECT\\MARKOUB\\backend\\vendor\\laravel\\framework\\src\\Illuminate\\Http\\Middleware\\HandleCors.php(62): Illuminate\\Pipeline\\Pipeline->Illuminate\\Pipeline\\{closure}(Object(Illuminate\\Http\\Request))
#22 C:\\Users\\DELL\\Downloads\\MARKOUB PROJECT\\MARKOUB\\backend\\vendor\\laravel\\framework\\src\\Illuminate\\Pipeline\\Pipeline.php(209): Illuminate\\Http\\Middleware\\HandleCors->handle(Object(Illuminate\\Http\\Request), Object(Closure))
#23 C:\\Users\\DELL\\Downloads\\MARKOUB PROJECT\\MARKOUB\\backend\\vendor\\laravel\\framework\\src\\Illuminate\\Pipeline\\Pipeline.php(127): Illuminate\\Pipeline\\Pipeline->Illuminate\\Pipeline\\{closure}(Object(Illuminate\\Http\\Request))
#24 C:\\Users\\DELL\\Downloads\\MARKOUB PROJECT\\MARKOUB\\backend\\vendor\\laravel\\framework\\src\\Illuminate\\Routing\\Router.php(807): Illuminate\\Pipeline\\Pipeline->then(Object(Closure))
#25 C:\\Users\\DELL\\Downloads\\MARKOUB PROJECT\\MARKOUB\\backend\\vendor\\laravel\\framework\\src\\Illuminate\\Routing\\Router.php(786): Illuminate\\Routing\\Router->runRouteWithinStack(Object(Illuminate\\Routing\\Route), Object(Illuminate\\Http\\Request))
#26 C:\\Users\\DELL\\Downloads\\MARKOUB PROJECT\\MARKOUB\\backend\\vendor\\laravel\\framework\\src\\Illuminate\\Routing\\Router.php(750): Illuminate\\Routing\\Router->runRoute(Object(Illuminate\\Http\\Request), Object(Illuminate\\Routing\\Route))
#27 C:\\Users\\DELL\\Downloads\\MARKOUB PROJECT\\MARKOUB\\backend\\vendor\\laravel\\framework\\src\\Illuminate\\Routing\\Router.php(739): Illuminate\\Routing\\Router->dispatchToRoute(Object(Illuminate\\Http\\Request))
#28 C:\\Users\\DELL\\Downloads\\MARKOUB PROJECT\\MARKOUB\\backend\\vendor\\laravel\\framework\\src\\Illuminate\\Foundation\\Http\\Kernel.php(201): Illuminate\\Routing\\Router->dispatch(Object(Illuminate\\Http\\Request))
#29 C:\\Users\\DELL\\Downloads\\MARKOUB PROJECT\\MARKOUB\\backend\\vendor\\laravel\\framework\\src\\Illuminate\\Pipeline\\Pipeline.php(170): Illuminate\\Foundation\\Http\\Kernel->Illuminate\\Foundation\\Http\\{closure}(Object(Illuminate\\Http\\Request))
#30 C:\\Users\\DELL\\Downloads\\MARKOUB PROJECT\\MARKOUB\\backend\\vendor\\laravel\\framework\\src\\Illuminate\\Foundation\\Http\\Middleware\\TransformsRequest.php(21): Illuminate\\Pipeline\\Pipeline->Illuminate\\Pipeline\\{closure}(Object(Illuminate\\Http\\Request))
#31 C:\\Users\\DELL\\Downloads\\MARKOUB PROJECT\\MARKOUB\\backend\\vendor\\laravel\\framework\\src\\Illuminate\\Foundation\\Http\\Middleware\\ConvertEmptyStringsToNull.php(31): Illuminate\\Foundation\\Http\\Middleware\\TransformsRequest->handle(Object(Illuminate\\Http\\Request), Object(Closure))
#32 C:\\Users\\DELL\\Downloads\\MARKOUB PROJECT\\MARKOUB\\backend\\vendor\\laravel\\framework\\src\\Illuminate\\Pipeline\\Pipeline.php(209): Illuminate\\Foundation\\Http\\Middleware\\ConvertEmptyStringsToNull->handle(Object(Illuminate\\Http\\Request), Object(Closure))
#33 C:\\Users\\DELL\\Downloads\\MARKOUB PROJECT\\MARKOUB\\backend\\vendor\\laravel\\framework\\src\\Illuminate\\Foundation\\Http\\Middleware\\TransformsRequest.php(21): Illuminate\\Pipeline\\Pipeline->Illuminate\\Pipeline\\{closure}(Object(Illuminate\\Http\\Request))
#34 C:\\Users\\DELL\\Downloads\\MARKOUB PROJECT\\MARKOUB\\backend\\vendor\\laravel\\framework\\src\\Illuminate\\Foundation\\Http\\Middleware\\TrimStrings.php(51): Illuminate\\Foundation\\Http\\Middleware\\TransformsRequest->handle(Object(Illuminate\\Http\\Request), Object(Closure))
#35 C:\\Users\\DELL\\Downloads\\MARKOUB PROJECT\\MARKOUB\\backend\\vendor\\laravel\\framework\\src\\Illuminate\\Pipeline\\Pipeline.php(209): Illuminate\\Foundation\\Http\\Middleware\\TrimStrings->handle(Object(Illuminate\\Http\\Request), Object(Closure))
#36 C:\\Users\\DELL\\Downloads\\MARKOUB PROJECT\\MARKOUB\\backend\\vendor\\laravel\\framework\\src\\Illuminate\\Http\\Middleware\\ValidatePostSize.php(27): Illuminate\\Pipeline\\Pipeline->Illuminate\\Pipeline\\{closure}(Object(Illuminate\\Http\\Request))
#37 C:\\Users\\DELL\\Downloads\\MARKOUB PROJECT\\MARKOUB\\backend\\vendor\\laravel\\framework\\src\\Illuminate\\Pipeline\\Pipeline.php(209): Illuminate\\Http\\Middleware\\ValidatePostSize->handle(Object(Illuminate\\Http\\Request), Object(Closure))
#38 C:\\Users\\DELL\\Downloads\\MARKOUB PROJECT\\MARKOUB\\backend\\vendor\\laravel\\framework\\src\\Illuminate\\Foundation\\Http\\Middleware\\PreventRequestsDuringMaintenance.php(110): Illuminate\\Pipeline\\Pipeline->Illuminate\\Pipeline\\{closure}(Object(Illuminate\\Http\\Request))
#39 C:\\Users\\DELL\\Downloads\\MARKOUB PROJECT\\MARKOUB\\backend\\vendor\\laravel\\framework\\src\\Illuminate\\Pipeline\\Pipeline.php(209): Illuminate\\Foundation\\Http\\Middleware\\PreventRequestsDuringMaintenance->handle(Object(Illuminate\\Http\\Request), Object(Closure))
#40 C:\\Users\\DELL\\Downloads\\MARKOUB PROJECT\\MARKOUB\\backend\\vendor\\laravel\\framework\\src\\Illuminate\\Http\\Middleware\\HandleCors.php(62): Illuminate\\Pipeline\\Pipeline->Illuminate\\Pipeline\\{closure}(Object(Illuminate\\Http\\Request))
#41 C:\\Users\\DELL\\Downloads\\MARKOUB PROJECT\\MARKOUB\\backend\\vendor\\laravel\\framework\\src\\Illuminate\\Pipeline\\Pipeline.php(209): Illuminate\\Http\\Middleware\\HandleCors->handle(Object(Illuminate\\Http\\Request), Object(Closure))
#42 C:\\Users\\DELL\\Downloads\\MARKOUB PROJECT\\MARKOUB\\backend\\vendor\\laravel\\framework\\src\\Illuminate\\Http\\Middleware\\TrustProxies.php(58): Illuminate\\Pipeline\\Pipeline->Illuminate\\Pipeline\\{closure}(Object(Illuminate\\Http\\Request))
#43 C:\\Users\\DELL\\Downloads\\MARKOUB PROJECT\\MARKOUB\\backend\\vendor\\laravel\\framework\\src\\Illuminate\\Pipeline\\Pipeline.php(209): Illuminate\\Http\\Middleware\\TrustProxies->handle(Object(Illuminate\\Http\\Request), Object(Closure))
#44 C:\\Users\\DELL\\Downloads\\MARKOUB PROJECT\\MARKOUB\\backend\\vendor\\laravel\\framework\\src\\Illuminate\\Foundation\\Http\\Middleware\\InvokeDeferredCallbacks.php(22): Illuminate\\Pipeline\\Pipeline->Illuminate\\Pipeline\\{closure}(Object(Illuminate\\Http\\Request))
#45 C:\\Users\\DELL\\Downloads\\MARKOUB PROJECT\\MARKOUB\\backend\\vendor\\laravel\\framework\\src\\Illuminate\\Pipeline\\Pipeline.php(209): Illuminate\\Foundation\\Http\\Middleware\\InvokeDeferredCallbacks->handle(Object(Illuminate\\Http\\Request), Object(Closure))
#46 C:\\Users\\DELL\\Downloads\\MARKOUB PROJECT\\MARKOUB\\backend\\vendor\\laravel\\framework\\src\\Illuminate\\Pipeline\\Pipeline.php(127): Illuminate\\Pipeline\\Pipeline->Illuminate\\Pipeline\\{closure}(Object(Illuminate\\Http\\Request))
#47 C:\\Users\\DELL\\Downloads\\MARKOUB PROJECT\\MARKOUB\\backend\\vendor\\laravel\\framework\\src\\Illuminate\\Foundation\\Http\\Kernel.php(176): Illuminate\\Pipeline\\Pipeline->then(Object(Closure))
#48 C:\\Users\\DELL\\Downloads\\MARKOUB PROJECT\\MARKOUB\\backend\\vendor\\laravel\\framework\\src\\Illuminate\\Foundation\\Http\\Kernel.php(145): Illuminate\\Foundation\\Http\\Kernel->sendRequestThroughRouter(Object(Illuminate\\Http\\Request))
#49 C:\\Users\\DELL\\Downloads\\MARKOUB PROJECT\\MARKOUB\\backend\\vendor\\laravel\\framework\\src\\Illuminate\\Foundation\\Application.php(1220): Illuminate\\Foundation\\Http\\Kernel->handle(Object(Illuminate\\Http\\Request))
#50 C:\\Users\\DELL\\Downloads\\MARKOUB PROJECT\\MARKOUB\\backend\\public\\index.php(17): Illuminate\\Foundation\\Application->handleRequest(Object(Illuminate\\Http\\Request))
#51 C:\\Users\\DELL\\Downloads\\MARKOUB PROJECT\\MARKOUB\\backend\\vendor\\laravel\\framework\\src\\Illuminate\\Foundation\\resources\\server.php(23): require_once('C:\\\\Users\\\\DELL\\\\D...')
#52 {main}

[previous exception] [object] (PDOException(code: 01000): SQLSTATE[01000]: Warning: 1265 Data truncated for column 'status' at row 1 at C:\\Users\\DELL\\Downloads\\MARKOUB PROJECT\\MARKOUB\\backend\\vendor\\laravel\\framework\\src\\Illuminate\\Database\\Connection.php:596)
[stacktrace]
#0 C:\\Users\\DELL\\Downloads\\MARKOUB PROJECT\\MARKOUB\\backend\\vendor\\laravel\\framework\\src\\Illuminate\\Database\\Connection.php(596): PDOStatement->execute()
#1 C:\\Users\\DELL\\Downloads\\MARKOUB PROJECT\\MARKOUB\\backend\\vendor\\laravel\\framework\\src\\Illuminate\\Database\\Connection.php(812): Illuminate\\Database\\Connection->Illuminate\\Database\\{closure}('update `booking...', Array)
#2 C:\\Users\\DELL\\Downloads\\MARKOUB PROJECT\\MARKOUB\\backend\\vendor\\laravel\\framework\\src\\Illuminate\\Database\\Connection.php(779): Illuminate\\Database\\Connection->runQueryCallback('update `booking...', Array, Object(Closure))
#3 C:\\Users\\DELL\\Downloads\\MARKOUB PROJECT\\MARKOUB\\backend\\vendor\\laravel\\framework\\src\\Illuminate\\Database\\Connection.php(584): Illuminate\\Database\\Connection->run('update `booking...', Array, Object(Closure))
#4 C:\\Users\\DELL\\Downloads\\MARKOUB PROJECT\\MARKOUB\\backend\\vendor\\laravel\\framework\\src\\Illuminate\\Database\\Connection.php(536): Illuminate\\Database\\Connection->affectingStatement('update `booking...', Array)
#5 C:\\Users\\DELL\\Downloads\\MARKOUB PROJECT\\MARKOUB\\backend\\vendor\\laravel\\framework\\src\\Illuminate\\Database\\Query\\Builder.php(3830): Illuminate\\Database\\Connection->update('update `booking...', Array)
#6 C:\\Users\\DELL\\Downloads\\MARKOUB PROJECT\\MARKOUB\\backend\\vendor\\laravel\\framework\\src\\Illuminate\\Database\\Eloquent\\Builder.php(1175): Illuminate\\Database\\Query\\Builder->update(Object(Illuminate\\Support\\Collection))
#7 C:\\Users\\DELL\\Downloads\\MARKOUB PROJECT\\MARKOUB\\backend\\vendor\\laravel\\framework\\src\\Illuminate\\Database\\Eloquent\\Model.php(1239): Illuminate\\Database\\Eloquent\\Builder->update(Array)
#8 C:\\Users\\DELL\\Downloads\\MARKOUB PROJECT\\MARKOUB\\backend\\vendor\\laravel\\framework\\src\\Illuminate\\Database\\Eloquent\\Model.php(1156): Illuminate\\Database\\Eloquent\\Model->performUpdate(Object(Illuminate\\Database\\Eloquent\\Builder))
#9 C:\\Users\\DELL\\Downloads\\MARKOUB PROJECT\\MARKOUB\\backend\\app\\Http\\Controllers\\Api\\V1\\BookingController.php(190): Illuminate\\Database\\Eloquent\\Model->save()
#10 C:\\Users\\DELL\\Downloads\\MARKOUB PROJECT\\MARKOUB\\backend\\vendor\\laravel\\framework\\src\\Illuminate\\Database\\Concerns\\ManagesTransactions.php(32): App\\Http\\Controllers\\Api\\V1\\BookingController->App\\Http\\Controllers\\Api\\V1\\{closure}(Object(Illuminate\\Database\\MySqlConnection))
#11 C:\\Users\\DELL\\Downloads\\MARKOUB PROJECT\\MARKOUB\\backend\\vendor\\laravel\\framework\\src\\Illuminate\\Database\\DatabaseManager.php(495): Illuminate\\Database\\Connection->transaction(Object(Closure))
#12 C:\\Users\\DELL\\Downloads\\MARKOUB PROJECT\\MARKOUB\\backend\\vendor\\laravel\\framework\\src\\Illuminate\\Support\\Facades\\Facade.php(361): Illuminate\\Database\\DatabaseManager->__call('transaction', Array)
#13 C:\\Users\\DELL\\Downloads\\MARKOUB PROJECT\\MARKOUB\\backend\\app\\Http\\Controllers\\Api\\V1\\BookingController.php(188): Illuminate\\Support\\Facades\\Facade::__callStatic('transaction', Array)
#14 C:\\Users\\DELL\\Downloads\\MARKOUB PROJECT\\MARKOUB\\backend\\vendor\\laravel\\framework\\src\\Illuminate\\Routing\\ControllerDispatcher.php(47): App\\Http\\Controllers\\Api\\V1\\BookingController->confirm('9')
#15 C:\\Users\\DELL\\Downloads\\MARKOUB PROJECT\\MARKOUB\\backend\\vendor\\laravel\\framework\\src\\Illuminate\\Routing\\Route.php(266): Illuminate\\Routing\\ControllerDispatcher->dispatch(Object(Illuminate\\Routing\\Route), Object(App\\Http\\Controllers\\Api\\V1\\BookingController), 'confirm')
#16 C:\\Users\\DELL\\Downloads\\MARKOUB PROJECT\\MARKOUB\\backend\\vendor\\laravel\\framework\\src\\Illuminate\\Routing\\Route.php(212): Illuminate\\Routing\\Route->runController()
#17 C:\\Users\\DELL\\Downloads\\MARKOUB PROJECT\\MARKOUB\\backend\\vendor\\laravel\\framework\\src\\Illuminate\\Routing\\Router.php(808): Illuminate\\Routing\\Route->run()
#18 C:\\Users\\DELL\\Downloads\\MARKOUB PROJECT\\MARKOUB\\backend\\vendor\\laravel\\framework\\src\\Illuminate\\Pipeline\\Pipeline.php(170): Illuminate\\Routing\\Router->Illuminate\\Routing\\{closure}(Object(Illuminate\\Http\\Request))
#19 C:\\Users\\DELL\\Downloads\\MARKOUB PROJECT\\MARKOUB\\backend\\vendor\\laravel\\framework\\src\\Illuminate\\Routing\\Middleware\\SubstituteBindings.php(51): Illuminate\\Pipeline\\Pipeline->Illuminate\\Pipeline\\{closure}(Object(Illuminate\\Http\\Request))
#20 C:\\Users\\DELL\\Downloads\\MARKOUB PROJECT\\MARKOUB\\backend\\vendor\\laravel\\framework\\src\\Illuminate\\Pipeline\\Pipeline.php(209): Illuminate\\Routing\\Middleware\\SubstituteBindings->handle(Object(Illuminate\\Http\\Request), Object(Closure))
#21 C:\\Users\\DELL\\Downloads\\MARKOUB PROJECT\\MARKOUB\\backend\\vendor\\laravel\\framework\\src\\Illuminate\\Auth\\Middleware\\Authenticate.php(64): Illuminate\\Pipeline\\Pipeline->Illuminate\\Pipeline\\{closure}(Object(Illuminate\\Http\\Request))
#22 C:\\Users\\DELL\\Downloads\\MARKOUB PROJECT\\MARKOUB\\backend\\vendor\\laravel\\framework\\src\\Illuminate\\Pipeline\\Pipeline.php(209): Illuminate\\Auth\\Middleware\\Authenticate->handle(Object(Illuminate\\Http\\Request), Object(Closure), 'api')
#23 C:\\Users\\DELL\\Downloads\\MARKOUB PROJECT\\MARKOUB\\backend\\vendor\\laravel\\framework\\src\\Illuminate\\Http\\Middleware\\HandleCors.php(62): Illuminate\\Pipeline\\Pipeline->Illuminate\\Pipeline\\{closure}(Object(Illuminate\\Http\\Request))
#24 C:\\Users\\DELL\\Downloads\\MARKOUB PROJECT\\MARKOUB\\backend\\vendor\\laravel\\framework\\src\\Illuminate\\Pipeline\\Pipeline.php(209): Illuminate\\Http\\Middleware\\HandleCors->handle(Object(Illuminate\\Http\\Request), Object(Closure))
#25 C:\\Users\\DELL\\Downloads\\MARKOUB PROJECT\\MARKOUB\\backend\\vendor\\laravel\\framework\\src\\Illuminate\\Pipeline\\Pipeline.php(127): Illuminate\\Pipeline\\Pipeline->Illuminate\\Pipeline\\{closure}(Object(Illuminate\\Http\\Request))
#26 C:\\Users\\DELL\\Downloads\\MARKOUB PROJECT\\MARKOUB\\backend\\vendor\\laravel\\framework\\src\\Illuminate\\Routing\\Router.php(807): Illuminate\\Pipeline\\Pipeline->then(Object(Closure))
#27 C:\\Users\\DELL\\Downloads\\MARKOUB PROJECT\\MARKOUB\\backend\\vendor\\laravel\\framework\\src\\Illuminate\\Routing\\Router.php(786): Illuminate\\Routing\\Router->runRouteWithinStack(Object(Illuminate\\Routing\\Route), Object(Illuminate\\Http\\Request))
#28 C:\\Users\\DELL\\Downloads\\MARKOUB PROJECT\\MARKOUB\\backend\\vendor\\laravel\\framework\\src\\Illuminate\\Routing\\Router.php(750): Illuminate\\Routing\\Router->runRoute(Object(Illuminate\\Http\\Request), Object(Illuminate\\Routing\\Route))
#29 C:\\Users\\DELL\\Downloads\\MARKOUB PROJECT\\MARKOUB\\backend\\vendor\\laravel\\framework\\src\\Illuminate\\Routing\\Router.php(739): Illuminate\\Routing\\Router->dispatchToRoute(Object(Illuminate\\Http\\Request))
#30 C:\\Users\\DELL\\Downloads\\MARKOUB PROJECT\\MARKOUB\\backend\\vendor\\laravel\\framework\\src\\Illuminate\\Foundation\\Http\\Kernel.php(201): Illuminate\\Routing\\Router->dispatch(Object(Illuminate\\Http\\Request))
#31 C:\\Users\\DELL\\Downloads\\MARKOUB PROJECT\\MARKOUB\\backend\\vendor\\laravel\\framework\\src\\Illuminate\\Pipeline\\Pipeline.php(170): Illuminate\\Foundation\\Http\\Kernel->Illuminate\\Foundation\\Http\\{closure}(Object(Illuminate\\Http\\Request))
#32 C:\\Users\\DELL\\Downloads\\MARKOUB PROJECT\\MARKOUB\\backend\\vendor\\laravel\\framework\\src\\Illuminate\\Foundation\\Http\\Middleware\\TransformsRequest.php(21): Illuminate\\Pipeline\\Pipeline->Illuminate\\Pipeline\\{closure}(Object(Illuminate\\Http\\Request))
#33 C:\\Users\\DELL\\Downloads\\MARKOUB PROJECT\\MARKOUB\\backend\\vendor\\laravel\\framework\\src\\Illuminate\\Foundation\\Http\\Middleware\\ConvertEmptyStringsToNull.php(31): Illuminate\\Foundation\\Http\\Middleware\\TransformsRequest->handle(Object(Illuminate\\Http\\Request), Object(Closure))
#34 C:\\Users\\DELL\\Downloads\\MARKOUB PROJECT\\MARKOUB\\backend\\vendor\\laravel\\framework\\src\\Illuminate\\Pipeline\\Pipeline.php(209): Illuminate\\Foundation\\Http\\Middleware\\ConvertEmptyStringsToNull->handle(Object(Illuminate\\Http\\Request), Object(Closure))
#35 C:\\Users\\DELL\\Downloads\\MARKOUB PROJECT\\MARKOUB\\backend\\vendor\\laravel\\framework\\src\\Illuminate\\Foundation\\Http\\Middleware\\TransformsRequest.php(21): Illuminate\\Pipeline\\Pipeline->Illuminate\\Pipeline\\{closure}(Object(Illuminate\\Http\\Request))
#36 C:\\Users\\DELL\\Downloads\\MARKOUB PROJECT\\MARKOUB\\backend\\vendor\\laravel\\framework\\src\\Illuminate\\Foundation\\Http\\Middleware\\TrimStrings.php(51): Illuminate\\Foundation\\Http\\Middleware\\TransformsRequest->handle(Object(Illuminate\\Http\\Request), Object(Closure))
#37 C:\\Users\\DELL\\Downloads\\MARKOUB PROJECT\\MARKOUB\\backend\\vendor\\laravel\\framework\\src\\Illuminate\\Pipeline\\Pipeline.php(209): Illuminate\\Foundation\\Http\\Middleware\\TrimStrings->handle(Object(Illuminate\\Http\\Request), Object(Closure))
#38 C:\\Users\\DELL\\Downloads\\MARKOUB PROJECT\\MARKOUB\\backend\\vendor\\laravel\\framework\\src\\Illuminate\\Http\\Middleware\\ValidatePostSize.php(27): Illuminate\\Pipeline\\Pipeline->Illuminate\\Pipeline\\{closure}(Object(Illuminate\\Http\\Request))
#39 C:\\Users\\DELL\\Downloads\\MARKOUB PROJECT\\MARKOUB\\backend\\vendor\\laravel\\framework\\src\\Illuminate\\Pipeline\\Pipeline.php(209): Illuminate\\Http\\Middleware\\ValidatePostSize->handle(Object(Illuminate\\Http\\Request), Object(Closure))
#40 C:\\Users\\DELL\\Downloads\\MARKOUB PROJECT\\MARKOUB\\backend\\vendor\\laravel\\framework\\src\\Illuminate\\Foundation\\Http\\Middleware\\PreventRequestsDuringMaintenance.php(110): Illuminate\\Pipeline\\Pipeline->Illuminate\\Pipeline\\{closure}(Object(Illuminate\\Http\\Request))
#41 C:\\Users\\DELL\\Downloads\\MARKOUB PROJECT\\MARKOUB\\backend\\vendor\\laravel\\framework\\src\\Illuminate\\Pipeline\\Pipeline.php(209): Illuminate\\Foundation\\Http\\Middleware\\PreventRequestsDuringMaintenance->handle(Object(Illuminate\\Http\\Request), Object(Closure))
#42 C:\\Users\\DELL\\Downloads\\MARKOUB PROJECT\\MARKOUB\\backend\\vendor\\laravel\\framework\\src\\Illuminate\\Http\\Middleware\\HandleCors.php(62): Illuminate\\Pipeline\\Pipeline->Illuminate\\Pipeline\\{closure}(Object(Illuminate\\Http\\Request))
#43 C:\\Users\\DELL\\Downloads\\MARKOUB PROJECT\\MARKOUB\\backend\\vendor\\laravel\\framework\\src\\Illuminate\\Pipeline\\Pipeline.php(209): Illuminate\\Http\\Middleware\\HandleCors->handle(Object(Illuminate\\Http\\Request), Object(Closure))
#44 C:\\Users\\DELL\\Downloads\\MARKOUB PROJECT\\MARKOUB\\backend\\vendor\\laravel\\framework\\src\\Illuminate\\Http\\Middleware\\TrustProxies.php(58): Illuminate\\Pipeline\\Pipeline->Illuminate\\Pipeline\\{closure}(Object(Illuminate\\Http\\Request))
#45 C:\\Users\\DELL\\Downloads\\MARKOUB PROJECT\\MARKOUB\\backend\\vendor\\laravel\\framework\\src\\Illuminate\\Pipeline\\Pipeline.php(209): Illuminate\\Http\\Middleware\\TrustProxies->handle(Object(Illuminate\\Http\\Request), Object(Closure))
#46 C:\\Users\\DELL\\Downloads\\MARKOUB PROJECT\\MARKOUB\\backend\\vendor\\laravel\\framework\\src\\Illuminate\\Foundation\\Http\\Middleware\\InvokeDeferredCallbacks.php(22): Illuminate\\Pipeline\\Pipeline->Illuminate\\Pipeline\\{closure}(Object(Illuminate\\Http\\Request))
#47 C:\\Users\\DELL\\Downloads\\MARKOUB PROJECT\\MARKOUB\\backend\\vendor\\laravel\\framework\\src\\Illuminate\\Pipeline\\Pipeline.php(209): Illuminate\\Foundation\\Http\\Middleware\\InvokeDeferredCallbacks->handle(Object(Illuminate\\Http\\Request), Object(Closure))
#48 C:\\Users\\DELL\\Downloads\\MARKOUB PROJECT\\MARKOUB\\backend\\vendor\\laravel\\framework\\src\\Illuminate\\Pipeline\\Pipeline.php(127): Illuminate\\Pipeline\\Pipeline->Illuminate\\Pipeline\\{closure}(Object(Illuminate\\Http\\Request))
#49 C:\\Users\\DELL\\Downloads\\MARKOUB PROJECT\\MARKOUB\\backend\\vendor\\laravel\\framework\\src\\Illuminate\\Foundation\\Http\\Kernel.php(176): Illuminate\\Pipeline\\Pipeline->then(Object(Closure))
#50 C:\\Users\\DELL\\Downloads\\MARKOUB PROJECT\\MARKOUB\\backend\\vendor\\laravel\\framework\\src\\Illuminate\\Foundation\\Http\\Kernel.php(145): Illuminate\\Foundation\\Http\\Kernel->sendRequestThroughRouter(Object(Illuminate\\Http\\Request))
#51 C:\\Users\\DELL\\Downloads\\MARKOUB PROJECT\\MARKOUB\\backend\\vendor\\laravel\\framework\\src\\Illuminate\\Foundation\\Application.php(1220): Illuminate\\Foundation\\Http\\Kernel->handle(Object(Illuminate\\Http\\Request))
#52 C:\\Users\\DELL\\Downloads\\MARKOUB PROJECT\\MARKOUB\\backend\\public\\index.php(17): Illuminate\\Foundation\\Application->handleRequest(Object(Illuminate\\Http\\Request))
#53 C:\\Users\\DELL\\Downloads\\MARKOUB PROJECT\\MARKOUB\\backend\\vendor\\laravel\\framework\\src\\Illuminate\\Foundation\\resources\\server.php(23): require_once('C:\\\\Users\\\\DELL\\\\D...')
#54 {main}
"} 
[2025-10-31 22:54:17] local.ERROR: SQLSTATE[01000]: Warning: 1265 Data truncated for column 'status' at row 1 (Connection: mysql, SQL: update `bookings` set `status` = passenger_confirmed, `bookings`.`updated_at` = 2025-10-31 22:54:17 where `id` = 9) {"userId":6,"exception":"[object] (Illuminate\\Database\\QueryException(code: 01000): SQLSTATE[01000]: Warning: 1265 Data truncated for column 'status' at row 1 (Connection: mysql, SQL: update `bookings` set `status` = passenger_confirmed, `bookings`.`updated_at` = 2025-10-31 22:54:17 where `id` = 9) at C:\\Users\\DELL\\Downloads\\MARKOUB PROJECT\\MARKOUB\\backend\\vendor\\laravel\\framework\\src\\Illuminate\\Database\\Connection.php:825)
[stacktrace]
#0 C:\\Users\\DELL\\Downloads\\MARKOUB PROJECT\\MARKOUB\\backend\\vendor\\laravel\\framework\\src\\Illuminate\\Database\\Connection.php(779): Illuminate\\Database\\Connection->runQueryCallback('update `booking...', Array, Object(Closure))
#1 C:\\Users\\DELL\\Downloads\\MARKOUB PROJECT\\MARKOUB\\backend\\vendor\\laravel\\framework\\src\\Illuminate\\Database\\Connection.php(584): Illuminate\\Database\\Connection->run('update `booking...', Array, Object(Closure))
#2 C:\\Users\\DELL\\Downloads\\MARKOUB PROJECT\\MARKOUB\\backend\\vendor\\laravel\\framework\\src\\Illuminate\\Database\\Connection.php(536): Illuminate\\Database\\Connection->affectingStatement('update `booking...', Array)
#3 C:\\Users\\DELL\\Downloads\\MARKOUB PROJECT\\MARKOUB\\backend\\vendor\\laravel\\framework\\src\\Illuminate\\Database\\Query\\Builder.php(3830): Illuminate\\Database\\Connection->update('update `booking...', Array)
#4 C:\\Users\\DELL\\Downloads\\MARKOUB PROJECT\\MARKOUB\\backend\\vendor\\laravel\\framework\\src\\Illuminate\\Database\\Eloquent\\Builder.php(1175): Illuminate\\Database\\Query\\Builder->update(Object(Illuminate\\Support\\Collection))
#5 C:\\Users\\DELL\\Downloads\\MARKOUB PROJECT\\MARKOUB\\backend\\vendor\\laravel\\framework\\src\\Illuminate\\Database\\Eloquent\\Model.php(1239): Illuminate\\Database\\Eloquent\\Builder->update(Array)
#6 C:\\Users\\DELL\\Downloads\\MARKOUB PROJECT\\MARKOUB\\backend\\vendor\\laravel\\framework\\src\\Illuminate\\Database\\Eloquent\\Model.php(1156): Illuminate\\Database\\Eloquent\\Model->performUpdate(Object(Illuminate\\Database\\Eloquent\\Builder))
#7 C:\\Users\\DELL\\Downloads\\MARKOUB PROJECT\\MARKOUB\\backend\\app\\Http\\Controllers\\Api\\V1\\BookingController.php(190): Illuminate\\Database\\Eloquent\\Model->save()
#8 C:\\Users\\DELL\\Downloads\\MARKOUB PROJECT\\MARKOUB\\backend\\vendor\\laravel\\framework\\src\\Illuminate\\Database\\Concerns\\ManagesTransactions.php(32): App\\Http\\Controllers\\Api\\V1\\BookingController->App\\Http\\Controllers\\Api\\V1\\{closure}(Object(Illuminate\\Database\\MySqlConnection))
#9 C:\\Users\\DELL\\Downloads\\MARKOUB PROJECT\\MARKOUB\\backend\\vendor\\laravel\\framework\\src\\Illuminate\\Database\\DatabaseManager.php(495): Illuminate\\Database\\Connection->transaction(Object(Closure))
#10 C:\\Users\\DELL\\Downloads\\MARKOUB PROJECT\\MARKOUB\\backend\\vendor\\laravel\\framework\\src\\Illuminate\\Support\\Facades\\Facade.php(361): Illuminate\\Database\\DatabaseManager->__call('transaction', Array)
#11 C:\\Users\\DELL\\Downloads\\MARKOUB PROJECT\\MARKOUB\\backend\\app\\Http\\Controllers\\Api\\V1\\BookingController.php(188): Illuminate\\Support\\Facades\\Facade::__callStatic('transaction', Array)
#12 C:\\Users\\DELL\\Downloads\\MARKOUB PROJECT\\MARKOUB\\backend\\vendor\\laravel\\framework\\src\\Illuminate\\Routing\\ControllerDispatcher.php(47): App\\Http\\Controllers\\Api\\V1\\BookingController->confirm('9')
#13 C:\\Users\\DELL\\Downloads\\MARKOUB PROJECT\\MARKOUB\\backend\\vendor\\laravel\\framework\\src\\Illuminate\\Routing\\Route.php(266): Illuminate\\Routing\\ControllerDispatcher->dispatch(Object(Illuminate\\Routing\\Route), Object(App\\Http\\Controllers\\Api\\V1\\BookingController), 'confirm')
#14 C:\\Users\\DELL\\Downloads\\MARKOUB PROJECT\\MARKOUB\\backend\\vendor\\laravel\\framework\\src\\Illuminate\\Routing\\Route.php(212): Illuminate\\Routing\\Route->runController()
#15 C:\\Users\\DELL\\Downloads\\MARKOUB PROJECT\\MARKOUB\\backend\\vendor\\laravel\\framework\\src\\Illuminate\\Routing\\Router.php(808): Illuminate\\Routing\\Route->run()
#16 C:\\Users\\DELL\\Downloads\\MARKOUB PROJECT\\MARKOUB\\backend\\vendor\\laravel\\framework\\src\\Illuminate\\Pipeline\\Pipeline.php(170): Illuminate\\Routing\\Router->Illuminate\\Routing\\{closure}(Object(Illuminate\\Http\\Request))
#17 C:\\Users\\DELL\\Downloads\\MARKOUB PROJECT\\MARKOUB\\backend\\vendor\\laravel\\framework\\src\\Illuminate\\Routing\\Middleware\\SubstituteBindings.php(51): Illuminate\\Pipeline\\Pipeline->Illuminate\\Pipeline\\{closure}(Object(Illuminate\\Http\\Request))
#18 C:\\Users\\DELL\\Downloads\\MARKOUB PROJECT\\MARKOUB\\backend\\vendor\\laravel\\framework\\src\\Illuminate\\Pipeline\\Pipeline.php(209): Illuminate\\Routing\\Middleware\\SubstituteBindings->handle(Object(Illuminate\\Http\\Request), Object(Closure))
#19 C:\\Users\\DELL\\Downloads\\MARKOUB PROJECT\\MARKOUB\\backend\\vendor\\laravel\\framework\\src\\Illuminate\\Auth\\Middleware\\Authenticate.php(64): Illuminate\\Pipeline\\Pipeline->Illuminate\\Pipeline\\{closure}(Object(Illuminate\\Http\\Request))
#20 C:\\Users\\DELL\\Downloads\\MARKOUB PROJECT\\MARKOUB\\backend\\vendor\\laravel\\framework\\src\\Illuminate\\Pipeline\\Pipeline.php(209): Illuminate\\Auth\\Middleware\\Authenticate->handle(Object(Illuminate\\Http\\Request), Object(Closure), 'api')
#21 C:\\Users\\DELL\\Downloads\\MARKOUB PROJECT\\MARKOUB\\backend\\vendor\\laravel\\framework\\src\\Illuminate\\Http\\Middleware\\HandleCors.php(62): Illuminate\\Pipeline\\Pipeline->Illuminate\\Pipeline\\{closure}(Object(Illuminate\\Http\\Request))
#22 C:\\Users\\DELL\\Downloads\\MARKOUB PROJECT\\MARKOUB\\backend\\vendor\\laravel\\framework\\src\\Illuminate\\Pipeline\\Pipeline.php(209): Illuminate\\Http\\Middleware\\HandleCors->handle(Object(Illuminate\\Http\\Request), Object(Closure))
#23 C:\\Users\\DELL\\Downloads\\MARKOUB PROJECT\\MARKOUB\\backend\\vendor\\laravel\\framework\\src\\Illuminate\\Pipeline\\Pipeline.php(127): Illuminate\\Pipeline\\Pipeline->Illuminate\\Pipeline\\{closure}(Object(Illuminate\\Http\\Request))
#24 C:\\Users\\DELL\\Downloads\\MARKOUB PROJECT\\MARKOUB\\backend\\vendor\\laravel\\framework\\src\\Illuminate\\Routing\\Router.php(807): Illuminate\\Pipeline\\Pipeline->then(Object(Closure))
#25 C:\\Users\\DELL\\Downloads\\MARKOUB PROJECT\\MARKOUB\\backend\\vendor\\laravel\\framework\\src\\Illuminate\\Routing\\Router.php(786): Illuminate\\Routing\\Router->runRouteWithinStack(Object(Illuminate\\Routing\\Route), Object(Illuminate\\Http\\Request))
#26 C:\\Users\\DELL\\Downloads\\MARKOUB PROJECT\\MARKOUB\\backend\\vendor\\laravel\\framework\\src\\Illuminate\\Routing\\Router.php(750): Illuminate\\Routing\\Router->runRoute(Object(Illuminate\\Http\\Request), Object(Illuminate\\Routing\\Route))
#27 C:\\Users\\DELL\\Downloads\\MARKOUB PROJECT\\MARKOUB\\backend\\vendor\\laravel\\framework\\src\\Illuminate\\Routing\\Router.php(739): Illuminate\\Routing\\Router->dispatchToRoute(Object(Illuminate\\Http\\Request))
#28 C:\\Users\\DELL\\Downloads\\MARKOUB PROJECT\\MARKOUB\\backend\\vendor\\laravel\\framework\\src\\Illuminate\\Foundation\\Http\\Kernel.php(201): Illuminate\\Routing\\Router->dispatch(Object(Illuminate\\Http\\Request))
#29 C:\\Users\\DELL\\Downloads\\MARKOUB PROJECT\\MARKOUB\\backend\\vendor\\laravel\\framework\\src\\Illuminate\\Pipeline\\Pipeline.php(170): Illuminate\\Foundation\\Http\\Kernel->Illuminate\\Foundation\\Http\\{closure}(Object(Illuminate\\Http\\Request))
#30 C:\\Users\\DELL\\Downloads\\MARKOUB PROJECT\\MARKOUB\\backend\\vendor\\laravel\\framework\\src\\Illuminate\\Foundation\\Http\\Middleware\\TransformsRequest.php(21): Illuminate\\Pipeline\\Pipeline->Illuminate\\Pipeline\\{closure}(Object(Illuminate\\Http\\Request))
#31 C:\\Users\\DELL\\Downloads\\MARKOUB PROJECT\\MARKOUB\\backend\\vendor\\laravel\\framework\\src\\Illuminate\\Foundation\\Http\\Middleware\\ConvertEmptyStringsToNull.php(31): Illuminate\\Foundation\\Http\\Middleware\\TransformsRequest->handle(Object(Illuminate\\Http\\Request), Object(Closure))
#32 C:\\Users\\DELL\\Downloads\\MARKOUB PROJECT\\MARKOUB\\backend\\vendor\\laravel\\framework\\src\\Illuminate\\Pipeline\\Pipeline.php(209): Illuminate\\Foundation\\Http\\Middleware\\ConvertEmptyStringsToNull->handle(Object(Illuminate\\Http\\Request), Object(Closure))
#33 C:\\Users\\DELL\\Downloads\\MARKOUB PROJECT\\MARKOUB\\backend\\vendor\\laravel\\framework\\src\\Illuminate\\Foundation\\Http\\Middleware\\TransformsRequest.php(21): Illuminate\\Pipeline\\Pipeline->Illuminate\\Pipeline\\{closure}(Object(Illuminate\\Http\\Request))
#34 C:\\Users\\DELL\\Downloads\\MARKOUB PROJECT\\MARKOUB\\backend\\vendor\\laravel\\framework\\src\\Illuminate\\Foundation\\Http\\Middleware\\TrimStrings.php(51): Illuminate\\Foundation\\Http\\Middleware\\TransformsRequest->handle(Object(Illuminate\\Http\\Request), Object(Closure))
#35 C:\\Users\\DELL\\Downloads\\MARKOUB PROJECT\\MARKOUB\\backend\\vendor\\laravel\\framework\\src\\Illuminate\\Pipeline\\Pipeline.php(209): Illuminate\\Foundation\\Http\\Middleware\\TrimStrings->handle(Object(Illuminate\\Http\\Request), Object(Closure))
#36 C:\\Users\\DELL\\Downloads\\MARKOUB PROJECT\\MARKOUB\\backend\\vendor\\laravel\\framework\\src\\Illuminate\\Http\\Middleware\\ValidatePostSize.php(27): Illuminate\\Pipeline\\Pipeline->Illuminate\\Pipeline\\{closure}(Object(Illuminate\\Http\\Request))
#37 C:\\Users\\DELL\\Downloads\\MARKOUB PROJECT\\MARKOUB\\backend\\vendor\\laravel\\framework\\src\\Illuminate\\Pipeline\\Pipeline.php(209): Illuminate\\Http\\Middleware\\ValidatePostSize->handle(Object(Illuminate\\Http\\Request), Object(Closure))
#38 C:\\Users\\DELL\\Downloads\\MARKOUB PROJECT\\MARKOUB\\backend\\vendor\\laravel\\framework\\src\\Illuminate\\Foundation\\Http\\Middleware\\PreventRequestsDuringMaintenance.php(110): Illuminate\\Pipeline\\Pipeline->Illuminate\\Pipeline\\{closure}(Object(Illuminate\\Http\\Request))
#39 C:\\Users\\DELL\\Downloads\\MARKOUB PROJECT\\MARKOUB\\backend\\vendor\\laravel\\framework\\src\\Illuminate\\Pipeline\\Pipeline.php(209): Illuminate\\Foundation\\Http\\Middleware\\PreventRequestsDuringMaintenance->handle(Object(Illuminate\\Http\\Request), Object(Closure))
#40 C:\\Users\\DELL\\Downloads\\MARKOUB PROJECT\\MARKOUB\\backend\\vendor\\laravel\\framework\\src\\Illuminate\\Http\\Middleware\\HandleCors.php(62): Illuminate\\Pipeline\\Pipeline->Illuminate\\Pipeline\\{closure}(Object(Illuminate\\Http\\Request))
#41 C:\\Users\\DELL\\Downloads\\MARKOUB PROJECT\\MARKOUB\\backend\\vendor\\laravel\\framework\\src\\Illuminate\\Pipeline\\Pipeline.php(209): Illuminate\\Http\\Middleware\\HandleCors->handle(Object(Illuminate\\Http\\Request), Object(Closure))
#42 C:\\Users\\DELL\\Downloads\\MARKOUB PROJECT\\MARKOUB\\backend\\vendor\\laravel\\framework\\src\\Illuminate\\Http\\Middleware\\TrustProxies.php(58): Illuminate\\Pipeline\\Pipeline->Illuminate\\Pipeline\\{closure}(Object(Illuminate\\Http\\Request))
#43 C:\\Users\\DELL\\Downloads\\MARKOUB PROJECT\\MARKOUB\\backend\\vendor\\laravel\\framework\\src\\Illuminate\\Pipeline\\Pipeline.php(209): Illuminate\\Http\\Middleware\\TrustProxies->handle(Object(Illuminate\\Http\\Request), Object(Closure))
#44 C:\\Users\\DELL\\Downloads\\MARKOUB PROJECT\\MARKOUB\\backend\\vendor\\laravel\\framework\\src\\Illuminate\\Foundation\\Http\\Middleware\\InvokeDeferredCallbacks.php(22): Illuminate\\Pipeline\\Pipeline->Illuminate\\Pipeline\\{closure}(Object(Illuminate\\Http\\Request))
#45 C:\\Users\\DELL\\Downloads\\MARKOUB PROJECT\\MARKOUB\\backend\\vendor\\laravel\\framework\\src\\Illuminate\\Pipeline\\Pipeline.php(209): Illuminate\\Foundation\\Http\\Middleware\\InvokeDeferredCallbacks->handle(Object(Illuminate\\Http\\Request), Object(Closure))
#46 C:\\Users\\DELL\\Downloads\\MARKOUB PROJECT\\MARKOUB\\backend\\vendor\\laravel\\framework\\src\\Illuminate\\Pipeline\\Pipeline.php(127): Illuminate\\Pipeline\\Pipeline->Illuminate\\Pipeline\\{closure}(Object(Illuminate\\Http\\Request))
#47 C:\\Users\\DELL\\Downloads\\MARKOUB PROJECT\\MARKOUB\\backend\\vendor\\laravel\\framework\\src\\Illuminate\\Foundation\\Http\\Kernel.php(176): Illuminate\\Pipeline\\Pipeline->then(Object(Closure))
#48 C:\\Users\\DELL\\Downloads\\MARKOUB PROJECT\\MARKOUB\\backend\\vendor\\laravel\\framework\\src\\Illuminate\\Foundation\\Http\\Kernel.php(145): Illuminate\\Foundation\\Http\\Kernel->sendRequestThroughRouter(Object(Illuminate\\Http\\Request))
#49 C:\\Users\\DELL\\Downloads\\MARKOUB PROJECT\\MARKOUB\\backend\\vendor\\laravel\\framework\\src\\Illuminate\\Foundation\\Application.php(1220): Illuminate\\Foundation\\Http\\Kernel->handle(Object(Illuminate\\Http\\Request))
#50 C:\\Users\\DELL\\Downloads\\MARKOUB PROJECT\\MARKOUB\\backend\\public\\index.php(17): Illuminate\\Foundation\\Application->handleRequest(Object(Illuminate\\Http\\Request))
#51 C:\\Users\\DELL\\Downloads\\MARKOUB PROJECT\\MARKOUB\\backend\\vendor\\laravel\\framework\\src\\Illuminate\\Foundation\\resources\\server.php(23): require_once('C:\\\\Users\\\\DELL\\\\D...')
#52 {main}

[previous exception] [object] (PDOException(code: 01000): SQLSTATE[01000]: Warning: 1265 Data truncated for column 'status' at row 1 at C:\\Users\\DELL\\Downloads\\MARKOUB PROJECT\\MARKOUB\\backend\\vendor\\laravel\\framework\\src\\Illuminate\\Database\\Connection.php:596)
[stacktrace]
#0 C:\\Users\\DELL\\Downloads\\MARKOUB PROJECT\\MARKOUB\\backend\\vendor\\laravel\\framework\\src\\Illuminate\\Database\\Connection.php(596): PDOStatement->execute()
#1 C:\\Users\\DELL\\Downloads\\MARKOUB PROJECT\\MARKOUB\\backend\\vendor\\laravel\\framework\\src\\Illuminate\\Database\\Connection.php(812): Illuminate\\Database\\Connection->Illuminate\\Database\\{closure}('update `booking...', Array)
#2 C:\\Users\\DELL\\Downloads\\MARKOUB PROJECT\\MARKOUB\\backend\\vendor\\laravel\\framework\\src\\Illuminate\\Database\\Connection.php(779): Illuminate\\Database\\Connection->runQueryCallback('update `booking...', Array, Object(Closure))
#3 C:\\Users\\DELL\\Downloads\\MARKOUB PROJECT\\MARKOUB\\backend\\vendor\\laravel\\framework\\src\\Illuminate\\Database\\Connection.php(584): Illuminate\\Database\\Connection->run('update `booking...', Array, Object(Closure))
#4 C:\\Users\\DELL\\Downloads\\MARKOUB PROJECT\\MARKOUB\\backend\\vendor\\laravel\\framework\\src\\Illuminate\\Database\\Connection.php(536): Illuminate\\Database\\Connection->affectingStatement('update `booking...', Array)
#5 C:\\Users\\DELL\\Downloads\\MARKOUB PROJECT\\MARKOUB\\backend\\vendor\\laravel\\framework\\src\\Illuminate\\Database\\Query\\Builder.php(3830): Illuminate\\Database\\Connection->update('update `booking...', Array)
#6 C:\\Users\\DELL\\Downloads\\MARKOUB PROJECT\\MARKOUB\\backend\\vendor\\laravel\\framework\\src\\Illuminate\\Database\\Eloquent\\Builder.php(1175): Illuminate\\Database\\Query\\Builder->update(Object(Illuminate\\Support\\Collection))
#7 C:\\Users\\DELL\\Downloads\\MARKOUB PROJECT\\MARKOUB\\backend\\vendor\\laravel\\framework\\src\\Illuminate\\Database\\Eloquent\\Model.php(1239): Illuminate\\Database\\Eloquent\\Builder->update(Array)
#8 C:\\Users\\DELL\\Downloads\\MARKOUB PROJECT\\MARKOUB\\backend\\vendor\\laravel\\framework\\src\\Illuminate\\Database\\Eloquent\\Model.php(1156): Illuminate\\Database\\Eloquent\\Model->performUpdate(Object(Illuminate\\Database\\Eloquent\\Builder))
#9 C:\\Users\\DELL\\Downloads\\MARKOUB PROJECT\\MARKOUB\\backend\\app\\Http\\Controllers\\Api\\V1\\BookingController.php(190): Illuminate\\Database\\Eloquent\\Model->save()
#10 C:\\Users\\DELL\\Downloads\\MARKOUB PROJECT\\MARKOUB\\backend\\vendor\\laravel\\framework\\src\\Illuminate\\Database\\Concerns\\ManagesTransactions.php(32): App\\Http\\Controllers\\Api\\V1\\BookingController->App\\Http\\Controllers\\Api\\V1\\{closure}(Object(Illuminate\\Database\\MySqlConnection))
#11 C:\\Users\\DELL\\Downloads\\MARKOUB PROJECT\\MARKOUB\\backend\\vendor\\laravel\\framework\\src\\Illuminate\\Database\\DatabaseManager.php(495): Illuminate\\Database\\Connection->transaction(Object(Closure))
#12 C:\\Users\\DELL\\Downloads\\MARKOUB PROJECT\\MARKOUB\\backend\\vendor\\laravel\\framework\\src\\Illuminate\\Support\\Facades\\Facade.php(361): Illuminate\\Database\\DatabaseManager->__call('transaction', Array)
#13 C:\\Users\\DELL\\Downloads\\MARKOUB PROJECT\\MARKOUB\\backend\\app\\Http\\Controllers\\Api\\V1\\BookingController.php(188): Illuminate\\Support\\Facades\\Facade::__callStatic('transaction', Array)
#14 C:\\Users\\DELL\\Downloads\\MARKOUB PROJECT\\MARKOUB\\backend\\vendor\\laravel\\framework\\src\\Illuminate\\Routing\\ControllerDispatcher.php(47): App\\Http\\Controllers\\Api\\V1\\BookingController->confirm('9')
#15 C:\\Users\\DELL\\Downloads\\MARKOUB PROJECT\\MARKOUB\\backend\\vendor\\laravel\\framework\\src\\Illuminate\\Routing\\Route.php(266): Illuminate\\Routing\\ControllerDispatcher->dispatch(Object(Illuminate\\Routing\\Route), Object(App\\Http\\Controllers\\Api\\V1\\BookingController), 'confirm')
#16 C:\\Users\\DELL\\Downloads\\MARKOUB PROJECT\\MARKOUB\\backend\\vendor\\laravel\\framework\\src\\Illuminate\\Routing\\Route.php(212): Illuminate\\Routing\\Route->runController()
#17 C:\\Users\\DELL\\Downloads\\MARKOUB PROJECT\\MARKOUB\\backend\\vendor\\laravel\\framework\\src\\Illuminate\\Routing\\Router.php(808): Illuminate\\Routing\\Route->run()
#18 C:\\Users\\DELL\\Downloads\\MARKOUB PROJECT\\MARKOUB\\backend\\vendor\\laravel\\framework\\src\\Illuminate\\Pipeline\\Pipeline.php(170): Illuminate\\Routing\\Router->Illuminate\\Routing\\{closure}(Object(Illuminate\\Http\\Request))
#19 C:\\Users\\DELL\\Downloads\\MARKOUB PROJECT\\MARKOUB\\backend\\vendor\\laravel\\framework\\src\\Illuminate\\Routing\\Middleware\\SubstituteBindings.php(51): Illuminate\\Pipeline\\Pipeline->Illuminate\\Pipeline\\{closure}(Object(Illuminate\\Http\\Request))
#20 C:\\Users\\DELL\\Downloads\\MARKOUB PROJECT\\MARKOUB\\backend\\vendor\\laravel\\framework\\src\\Illuminate\\Pipeline\\Pipeline.php(209): Illuminate\\Routing\\Middleware\\SubstituteBindings->handle(Object(Illuminate\\Http\\Request), Object(Closure))
#21 C:\\Users\\DELL\\Downloads\\MARKOUB PROJECT\\MARKOUB\\backend\\vendor\\laravel\\framework\\src\\Illuminate\\Auth\\Middleware\\Authenticate.php(64): Illuminate\\Pipeline\\Pipeline->Illuminate\\Pipeline\\{closure}(Object(Illuminate\\Http\\Request))
#22 C:\\Users\\DELL\\Downloads\\MARKOUB PROJECT\\MARKOUB\\backend\\vendor\\laravel\\framework\\src\\Illuminate\\Pipeline\\Pipeline.php(209): Illuminate\\Auth\\Middleware\\Authenticate->handle(Object(Illuminate\\Http\\Request), Object(Closure), 'api')
#23 C:\\Users\\DELL\\Downloads\\MARKOUB PROJECT\\MARKOUB\\backend\\vendor\\laravel\\framework\\src\\Illuminate\\Http\\Middleware\\HandleCors.php(62): Illuminate\\Pipeline\\Pipeline->Illuminate\\Pipeline\\{closure}(Object(Illuminate\\Http\\Request))
#24 C:\\Users\\DELL\\Downloads\\MARKOUB PROJECT\\MARKOUB\\backend\\vendor\\laravel\\framework\\src\\Illuminate\\Pipeline\\Pipeline.php(209): Illuminate\\Http\\Middleware\\HandleCors->handle(Object(Illuminate\\Http\\Request), Object(Closure))
#25 C:\\Users\\DELL\\Downloads\\MARKOUB PROJECT\\MARKOUB\\backend\\vendor\\laravel\\framework\\src\\Illuminate\\Pipeline\\Pipeline.php(127): Illuminate\\Pipeline\\Pipeline->Illuminate\\Pipeline\\{closure}(Object(Illuminate\\Http\\Request))
#26 C:\\Users\\DELL\\Downloads\\MARKOUB PROJECT\\MARKOUB\\backend\\vendor\\laravel\\framework\\src\\Illuminate\\Routing\\Router.php(807): Illuminate\\Pipeline\\Pipeline->then(Object(Closure))
#27 C:\\Users\\DELL\\Downloads\\MARKOUB PROJECT\\MARKOUB\\backend\\vendor\\laravel\\framework\\src\\Illuminate\\Routing\\Router.php(786): Illuminate\\Routing\\Router->runRouteWithinStack(Object(Illuminate\\Routing\\Route), Object(Illuminate\\Http\\Request))
#28 C:\\Users\\DELL\\Downloads\\MARKOUB PROJECT\\MARKOUB\\backend\\vendor\\laravel\\framework\\src\\Illuminate\\Routing\\Router.php(750): Illuminate\\Routing\\Router->runRoute(Object(Illuminate\\Http\\Request), Object(Illuminate\\Routing\\Route))
#29 C:\\Users\\DELL\\Downloads\\MARKOUB PROJECT\\MARKOUB\\backend\\vendor\\laravel\\framework\\src\\Illuminate\\Routing\\Router.php(739): Illuminate\\Routing\\Router->dispatchToRoute(Object(Illuminate\\Http\\Request))
#30 C:\\Users\\DELL\\Downloads\\MARKOUB PROJECT\\MARKOUB\\backend\\vendor\\laravel\\framework\\src\\Illuminate\\Foundation\\Http\\Kernel.php(201): Illuminate\\Routing\\Router->dispatch(Object(Illuminate\\Http\\Request))
#31 C:\\Users\\DELL\\Downloads\\MARKOUB PROJECT\\MARKOUB\\backend\\vendor\\laravel\\framework\\src\\Illuminate\\Pipeline\\Pipeline.php(170): Illuminate\\Foundation\\Http\\Kernel->Illuminate\\Foundation\\Http\\{closure}(Object(Illuminate\\Http\\Request))
#32 C:\\Users\\DELL\\Downloads\\MARKOUB PROJECT\\MARKOUB\\backend\\vendor\\laravel\\framework\\src\\Illuminate\\Foundation\\Http\\Middleware\\TransformsRequest.php(21): Illuminate\\Pipeline\\Pipeline->Illuminate\\Pipeline\\{closure}(Object(Illuminate\\Http\\Request))
#33 C:\\Users\\DELL\\Downloads\\MARKOUB PROJECT\\MARKOUB\\backend\\vendor\\laravel\\framework\\src\\Illuminate\\Foundation\\Http\\Middleware\\ConvertEmptyStringsToNull.php(31): Illuminate\\Foundation\\Http\\Middleware\\TransformsRequest->handle(Object(Illuminate\\Http\\Request), Object(Closure))
#34 C:\\Users\\DELL\\Downloads\\MARKOUB PROJECT\\MARKOUB\\backend\\vendor\\laravel\\framework\\src\\Illuminate\\Pipeline\\Pipeline.php(209): Illuminate\\Foundation\\Http\\Middleware\\ConvertEmptyStringsToNull->handle(Object(Illuminate\\Http\\Request), Object(Closure))
#35 C:\\Users\\DELL\\Downloads\\MARKOUB PROJECT\\MARKOUB\\backend\\vendor\\laravel\\framework\\src\\Illuminate\\Foundation\\Http\\Middleware\\TransformsRequest.php(21): Illuminate\\Pipeline\\Pipeline->Illuminate\\Pipeline\\{closure}(Object(Illuminate\\Http\\Request))
#36 C:\\Users\\DELL\\Downloads\\MARKOUB PROJECT\\MARKOUB\\backend\\vendor\\laravel\\framework\\src\\Illuminate\\Foundation\\Http\\Middleware\\TrimStrings.php(51): Illuminate\\Foundation\\Http\\Middleware\\TransformsRequest->handle(Object(Illuminate\\Http\\Request), Object(Closure))
#37 C:\\Users\\DELL\\Downloads\\MARKOUB PROJECT\\MARKOUB\\backend\\vendor\\laravel\\framework\\src\\Illuminate\\Pipeline\\Pipeline.php(209): Illuminate\\Foundation\\Http\\Middleware\\TrimStrings->handle(Object(Illuminate\\Http\\Request), Object(Closure))
#38 C:\\Users\\DELL\\Downloads\\MARKOUB PROJECT\\MARKOUB\\backend\\vendor\\laravel\\framework\\src\\Illuminate\\Http\\Middleware\\ValidatePostSize.php(27): Illuminate\\Pipeline\\Pipeline->Illuminate\\Pipeline\\{closure}(Object(Illuminate\\Http\\Request))
#39 C:\\Users\\DELL\\Downloads\\MARKOUB PROJECT\\MARKOUB\\backend\\vendor\\laravel\\framework\\src\\Illuminate\\Pipeline\\Pipeline.php(209): Illuminate\\Http\\Middleware\\ValidatePostSize->handle(Object(Illuminate\\Http\\Request), Object(Closure))
#40 C:\\Users\\DELL\\Downloads\\MARKOUB PROJECT\\MARKOUB\\backend\\vendor\\laravel\\framework\\src\\Illuminate\\Foundation\\Http\\Middleware\\PreventRequestsDuringMaintenance.php(110): Illuminate\\Pipeline\\Pipeline->Illuminate\\Pipeline\\{closure}(Object(Illuminate\\Http\\Request))
#41 C:\\Users\\DELL\\Downloads\\MARKOUB PROJECT\\MARKOUB\\backend\\vendor\\laravel\\framework\\src\\Illuminate\\Pipeline\\Pipeline.php(209): Illuminate\\Foundation\\Http\\Middleware\\PreventRequestsDuringMaintenance->handle(Object(Illuminate\\Http\\Request), Object(Closure))
#42 C:\\Users\\DELL\\Downloads\\MARKOUB PROJECT\\MARKOUB\\backend\\vendor\\laravel\\framework\\src\\Illuminate\\Http\\Middleware\\HandleCors.php(62): Illuminate\\Pipeline\\Pipeline->Illuminate\\Pipeline\\{closure}(Object(Illuminate\\Http\\Request))
#43 C:\\Users\\DELL\\Downloads\\MARKOUB PROJECT\\MARKOUB\\backend\\vendor\\laravel\\framework\\src\\Illuminate\\Pipeline\\Pipeline.php(209): Illuminate\\Http\\Middleware\\HandleCors->handle(Object(Illuminate\\Http\\Request), Object(Closure))
#44 C:\\Users\\DELL\\Downloads\\MARKOUB PROJECT\\MARKOUB\\backend\\vendor\\laravel\\framework\\src\\Illuminate\\Http\\Middleware\\TrustProxies.php(58): Illuminate\\Pipeline\\Pipeline->Illuminate\\Pipeline\\{closure}(Object(Illuminate\\Http\\Request))
#45 C:\\Users\\DELL\\Downloads\\MARKOUB PROJECT\\MARKOUB\\backend\\vendor\\laravel\\framework\\src\\Illuminate\\Pipeline\\Pipeline.php(209): Illuminate\\Http\\Middleware\\TrustProxies->handle(Object(Illuminate\\Http\\Request), Object(Closure))
#46 C:\\Users\\DELL\\Downloads\\MARKOUB PROJECT\\MARKOUB\\backend\\vendor\\laravel\\framework\\src\\Illuminate\\Foundation\\Http\\Middleware\\InvokeDeferredCallbacks.php(22): Illuminate\\Pipeline\\Pipeline->Illuminate\\Pipeline\\{closure}(Object(Illuminate\\Http\\Request))
#47 C:\\Users\\DELL\\Downloads\\MARKOUB PROJECT\\MARKOUB\\backend\\vendor\\laravel\\framework\\src\\Illuminate\\Pipeline\\Pipeline.php(209): Illuminate\\Foundation\\Http\\Middleware\\InvokeDeferredCallbacks->handle(Object(Illuminate\\Http\\Request), Object(Closure))
#48 C:\\Users\\DELL\\Downloads\\MARKOUB PROJECT\\MARKOUB\\backend\\vendor\\laravel\\framework\\src\\Illuminate\\Pipeline\\Pipeline.php(127): Illuminate\\Pipeline\\Pipeline->Illuminate\\Pipeline\\{closure}(Object(Illuminate\\Http\\Request))
#49 C:\\Users\\DELL\\Downloads\\MARKOUB PROJECT\\MARKOUB\\backend\\vendor\\laravel\\framework\\src\\Illuminate\\Foundation\\Http\\Kernel.php(176): Illuminate\\Pipeline\\Pipeline->then(Object(Closure))
#50 C:\\Users\\DELL\\Downloads\\MARKOUB PROJECT\\MARKOUB\\backend\\vendor\\laravel\\framework\\src\\Illuminate\\Foundation\\Http\\Kernel.php(145): Illuminate\\Foundation\\Http\\Kernel->sendRequestThroughRouter(Object(Illuminate\\Http\\Request))
#51 C:\\Users\\DELL\\Downloads\\MARKOUB PROJECT\\MARKOUB\\backend\\vendor\\laravel\\framework\\src\\Illuminate\\Foundation\\Application.php(1220): Illuminate\\Foundation\\Http\\Kernel->handle(Object(Illuminate\\Http\\Request))
#52 C:\\Users\\DELL\\Downloads\\MARKOUB PROJECT\\MARKOUB\\backend\\public\\index.php(17): Illuminate\\Foundation\\Application->handleRequest(Object(Illuminate\\Http\\Request))
#53 C:\\Users\\DELL\\Downloads\\MARKOUB PROJECT\\MARKOUB\\backend\\vendor\\laravel\\framework\\src\\Illuminate\\Foundation\\resources\\server.php(23): require_once('C:\\\\Users\\\\DELL\\\\D...')
#54 {main}
"} 
[2025-10-31 22:54:24] local.ERROR: SQLSTATE[01000]: Warning: 1265 Data truncated for column 'status' at row 1 (Connection: mysql, SQL: update `bookings` set `status` = passenger_confirmed, `bookings`.`updated_at` = 2025-10-31 22:54:24 where `id` = 9) {"userId":6,"exception":"[object] (Illuminate\\Database\\QueryException(code: 01000): SQLSTATE[01000]: Warning: 1265 Data truncated for column 'status' at row 1 (Connection: mysql, SQL: update `bookings` set `status` = passenger_confirmed, `bookings`.`updated_at` = 2025-10-31 22:54:24 where `id` = 9) at C:\\Users\\DELL\\Downloads\\MARKOUB PROJECT\\MARKOUB\\backend\\vendor\\laravel\\framework\\src\\Illuminate\\Database\\Connection.php:825)
[stacktrace]
#0 C:\\Users\\DELL\\Downloads\\MARKOUB PROJECT\\MARKOUB\\backend\\vendor\\laravel\\framework\\src\\Illuminate\\Database\\Connection.php(779): Illuminate\\Database\\Connection->runQueryCallback('update `booking...', Array, Object(Closure))
#1 C:\\Users\\DELL\\Downloads\\MARKOUB PROJECT\\MARKOUB\\backend\\vendor\\laravel\\framework\\src\\Illuminate\\Database\\Connection.php(584): Illuminate\\Database\\Connection->run('update `booking...', Array, Object(Closure))
#2 C:\\Users\\DELL\\Downloads\\MARKOUB PROJECT\\MARKOUB\\backend\\vendor\\laravel\\framework\\src\\Illuminate\\Database\\Connection.php(536): Illuminate\\Database\\Connection->affectingStatement('update `booking...', Array)
#3 C:\\Users\\DELL\\Downloads\\MARKOUB PROJECT\\MARKOUB\\backend\\vendor\\laravel\\framework\\src\\Illuminate\\Database\\Query\\Builder.php(3830): Illuminate\\Database\\Connection->update('update `booking...', Array)
#4 C:\\Users\\DELL\\Downloads\\MARKOUB PROJECT\\MARKOUB\\backend\\vendor\\laravel\\framework\\src\\Illuminate\\Database\\Eloquent\\Builder.php(1175): Illuminate\\Database\\Query\\Builder->update(Object(Illuminate\\Support\\Collection))
#5 C:\\Users\\DELL\\Downloads\\MARKOUB PROJECT\\MARKOUB\\backend\\vendor\\laravel\\framework\\src\\Illuminate\\Database\\Eloquent\\Model.php(1239): Illuminate\\Database\\Eloquent\\Builder->update(Array)
#6 C:\\Users\\DELL\\Downloads\\MARKOUB PROJECT\\MARKOUB\\backend\\vendor\\laravel\\framework\\src\\Illuminate\\Database\\Eloquent\\Model.php(1156): Illuminate\\Database\\Eloquent\\Model->performUpdate(Object(Illuminate\\Database\\Eloquent\\Builder))
#7 C:\\Users\\DELL\\Downloads\\MARKOUB PROJECT\\MARKOUB\\backend\\app\\Http\\Controllers\\Api\\V1\\BookingController.php(190): Illuminate\\Database\\Eloquent\\Model->save()
#8 C:\\Users\\DELL\\Downloads\\MARKOUB PROJECT\\MARKOUB\\backend\\vendor\\laravel\\framework\\src\\Illuminate\\Database\\Concerns\\ManagesTransactions.php(32): App\\Http\\Controllers\\Api\\V1\\BookingController->App\\Http\\Controllers\\Api\\V1\\{closure}(Object(Illuminate\\Database\\MySqlConnection))
#9 C:\\Users\\DELL\\Downloads\\MARKOUB PROJECT\\MARKOUB\\backend\\vendor\\laravel\\framework\\src\\Illuminate\\Database\\DatabaseManager.php(495): Illuminate\\Database\\Connection->transaction(Object(Closure))
#10 C:\\Users\\DELL\\Downloads\\MARKOUB PROJECT\\MARKOUB\\backend\\vendor\\laravel\\framework\\src\\Illuminate\\Support\\Facades\\Facade.php(361): Illuminate\\Database\\DatabaseManager->__call('transaction', Array)
#11 C:\\Users\\DELL\\Downloads\\MARKOUB PROJECT\\MARKOUB\\backend\\app\\Http\\Controllers\\Api\\V1\\BookingController.php(188): Illuminate\\Support\\Facades\\Facade::__callStatic('transaction', Array)
#12 C:\\Users\\DELL\\Downloads\\MARKOUB PROJECT\\MARKOUB\\backend\\vendor\\laravel\\framework\\src\\Illuminate\\Routing\\ControllerDispatcher.php(47): App\\Http\\Controllers\\Api\\V1\\BookingController->confirm('9')
#13 C:\\Users\\DELL\\Downloads\\MARKOUB PROJECT\\MARKOUB\\backend\\vendor\\laravel\\framework\\src\\Illuminate\\Routing\\Route.php(266): Illuminate\\Routing\\ControllerDispatcher->dispatch(Object(Illuminate\\Routing\\Route), Object(App\\Http\\Controllers\\Api\\V1\\BookingController), 'confirm')
#14 C:\\Users\\DELL\\Downloads\\MARKOUB PROJECT\\MARKOUB\\backend\\vendor\\laravel\\framework\\src\\Illuminate\\Routing\\Route.php(212): Illuminate\\Routing\\Route->runController()
#15 C:\\Users\\DELL\\Downloads\\MARKOUB PROJECT\\MARKOUB\\backend\\vendor\\laravel\\framework\\src\\Illuminate\\Routing\\Router.php(808): Illuminate\\Routing\\Route->run()
#16 C:\\Users\\DELL\\Downloads\\MARKOUB PROJECT\\MARKOUB\\backend\\vendor\\laravel\\framework\\src\\Illuminate\\Pipeline\\Pipeline.php(170): Illuminate\\Routing\\Router->Illuminate\\Routing\\{closure}(Object(Illuminate\\Http\\Request))
#17 C:\\Users\\DELL\\Downloads\\MARKOUB PROJECT\\MARKOUB\\backend\\vendor\\laravel\\framework\\src\\Illuminate\\Routing\\Middleware\\SubstituteBindings.php(51): Illuminate\\Pipeline\\Pipeline->Illuminate\\Pipeline\\{closure}(Object(Illuminate\\Http\\Request))
#18 C:\\Users\\DELL\\Downloads\\MARKOUB PROJECT\\MARKOUB\\backend\\vendor\\laravel\\framework\\src\\Illuminate\\Pipeline\\Pipeline.php(209): Illuminate\\Routing\\Middleware\\SubstituteBindings->handle(Object(Illuminate\\Http\\Request), Object(Closure))
#19 C:\\Users\\DELL\\Downloads\\MARKOUB PROJECT\\MARKOUB\\backend\\vendor\\laravel\\framework\\src\\Illuminate\\Auth\\Middleware\\Authenticate.php(64): Illuminate\\Pipeline\\Pipeline->Illuminate\\Pipeline\\{closure}(Object(Illuminate\\Http\\Request))
#20 C:\\Users\\DELL\\Downloads\\MARKOUB PROJECT\\MARKOUB\\backend\\vendor\\laravel\\framework\\src\\Illuminate\\Pipeline\\Pipeline.php(209): Illuminate\\Auth\\Middleware\\Authenticate->handle(Object(Illuminate\\Http\\Request), Object(Closure), 'api')
#21 C:\\Users\\DELL\\Downloads\\MARKOUB PROJECT\\MARKOUB\\backend\\vendor\\laravel\\framework\\src\\Illuminate\\Http\\Middleware\\HandleCors.php(62): Illuminate\\Pipeline\\Pipeline->Illuminate\\Pipeline\\{closure}(Object(Illuminate\\Http\\Request))
#22 C:\\Users\\DELL\\Downloads\\MARKOUB PROJECT\\MARKOUB\\backend\\vendor\\laravel\\framework\\src\\Illuminate\\Pipeline\\Pipeline.php(209): Illuminate\\Http\\Middleware\\HandleCors->handle(Object(Illuminate\\Http\\Request), Object(Closure))
#23 C:\\Users\\DELL\\Downloads\\MARKOUB PROJECT\\MARKOUB\\backend\\vendor\\laravel\\framework\\src\\Illuminate\\Pipeline\\Pipeline.php(127): Illuminate\\Pipeline\\Pipeline->Illuminate\\Pipeline\\{closure}(Object(Illuminate\\Http\\Request))
#24 C:\\Users\\DELL\\Downloads\\MARKOUB PROJECT\\MARKOUB\\backend\\vendor\\laravel\\framework\\src\\Illuminate\\Routing\\Router.php(807): Illuminate\\Pipeline\\Pipeline->then(Object(Closure))
#25 C:\\Users\\DELL\\Downloads\\MARKOUB PROJECT\\MARKOUB\\backend\\vendor\\laravel\\framework\\src\\Illuminate\\Routing\\Router.php(786): Illuminate\\Routing\\Router->runRouteWithinStack(Object(Illuminate\\Routing\\Route), Object(Illuminate\\Http\\Request))
#26 C:\\Users\\DELL\\Downloads\\MARKOUB PROJECT\\MARKOUB\\backend\\vendor\\laravel\\framework\\src\\Illuminate\\Routing\\Router.php(750): Illuminate\\Routing\\Router->runRoute(Object(Illuminate\\Http\\Request), Object(Illuminate\\Routing\\Route))
#27 C:\\Users\\DELL\\Downloads\\MARKOUB PROJECT\\MARKOUB\\backend\\vendor\\laravel\\framework\\src\\Illuminate\\Routing\\Router.php(739): Illuminate\\Routing\\Router->dispatchToRoute(Object(Illuminate\\Http\\Request))
#28 C:\\Users\\DELL\\Downloads\\MARKOUB PROJECT\\MARKOUB\\backend\\vendor\\laravel\\framework\\src\\Illuminate\\Foundation\\Http\\Kernel.php(201): Illuminate\\Routing\\Router->dispatch(Object(Illuminate\\Http\\Request))
#29 C:\\Users\\DELL\\Downloads\\MARKOUB PROJECT\\MARKOUB\\backend\\vendor\\laravel\\framework\\src\\Illuminate\\Pipeline\\Pipeline.php(170): Illuminate\\Foundation\\Http\\Kernel->Illuminate\\Foundation\\Http\\{closure}(Object(Illuminate\\Http\\Request))
#30 C:\\Users\\DELL\\Downloads\\MARKOUB PROJECT\\MARKOUB\\backend\\vendor\\laravel\\framework\\src\\Illuminate\\Foundation\\Http\\Middleware\\TransformsRequest.php(21): Illuminate\\Pipeline\\Pipeline->Illuminate\\Pipeline\\{closure}(Object(Illuminate\\Http\\Request))
#31 C:\\Users\\DELL\\Downloads\\MARKOUB PROJECT\\MARKOUB\\backend\\vendor\\laravel\\framework\\src\\Illuminate\\Foundation\\Http\\Middleware\\ConvertEmptyStringsToNull.php(31): Illuminate\\Foundation\\Http\\Middleware\\TransformsRequest->handle(Object(Illuminate\\Http\\Request), Object(Closure))
#32 C:\\Users\\DELL\\Downloads\\MARKOUB PROJECT\\MARKOUB\\backend\\vendor\\laravel\\framework\\src\\Illuminate\\Pipeline\\Pipeline.php(209): Illuminate\\Foundation\\Http\\Middleware\\ConvertEmptyStringsToNull->handle(Object(Illuminate\\Http\\Request), Object(Closure))
#33 C:\\Users\\DELL\\Downloads\\MARKOUB PROJECT\\MARKOUB\\backend\\vendor\\laravel\\framework\\src\\Illuminate\\Foundation\\Http\\Middleware\\TransformsRequest.php(21): Illuminate\\Pipeline\\Pipeline->Illuminate\\Pipeline\\{closure}(Object(Illuminate\\Http\\Request))
#34 C:\\Users\\DELL\\Downloads\\MARKOUB PROJECT\\MARKOUB\\backend\\vendor\\laravel\\framework\\src\\Illuminate\\Foundation\\Http\\Middleware\\TrimStrings.php(51): Illuminate\\Foundation\\Http\\Middleware\\TransformsRequest->handle(Object(Illuminate\\Http\\Request), Object(Closure))
#35 C:\\Users\\DELL\\Downloads\\MARKOUB PROJECT\\MARKOUB\\backend\\vendor\\laravel\\framework\\src\\Illuminate\\Pipeline\\Pipeline.php(209): Illuminate\\Foundation\\Http\\Middleware\\TrimStrings->handle(Object(Illuminate\\Http\\Request), Object(Closure))
#36 C:\\Users\\DELL\\Downloads\\MARKOUB PROJECT\\MARKOUB\\backend\\vendor\\laravel\\framework\\src\\Illuminate\\Http\\Middleware\\ValidatePostSize.php(27): Illuminate\\Pipeline\\Pipeline->Illuminate\\Pipeline\\{closure}(Object(Illuminate\\Http\\Request))
#37 C:\\Users\\DELL\\Downloads\\MARKOUB PROJECT\\MARKOUB\\backend\\vendor\\laravel\\framework\\src\\Illuminate\\Pipeline\\Pipeline.php(209): Illuminate\\Http\\Middleware\\ValidatePostSize->handle(Object(Illuminate\\Http\\Request), Object(Closure))
#38 C:\\Users\\DELL\\Downloads\\MARKOUB PROJECT\\MARKOUB\\backend\\vendor\\laravel\\framework\\src\\Illuminate\\Foundation\\Http\\Middleware\\PreventRequestsDuringMaintenance.php(110): Illuminate\\Pipeline\\Pipeline->Illuminate\\Pipeline\\{closure}(Object(Illuminate\\Http\\Request))
#39 C:\\Users\\DELL\\Downloads\\MARKOUB PROJECT\\MARKOUB\\backend\\vendor\\laravel\\framework\\src\\Illuminate\\Pipeline\\Pipeline.php(209): Illuminate\\Foundation\\Http\\Middleware\\PreventRequestsDuringMaintenance->handle(Object(Illuminate\\Http\\Request), Object(Closure))
#40 C:\\Users\\DELL\\Downloads\\MARKOUB PROJECT\\MARKOUB\\backend\\vendor\\laravel\\framework\\src\\Illuminate\\Http\\Middleware\\HandleCors.php(62): Illuminate\\Pipeline\\Pipeline->Illuminate\\Pipeline\\{closure}(Object(Illuminate\\Http\\Request))
#41 C:\\Users\\DELL\\Downloads\\MARKOUB PROJECT\\MARKOUB\\backend\\vendor\\laravel\\framework\\src\\Illuminate\\Pipeline\\Pipeline.php(209): Illuminate\\Http\\Middleware\\HandleCors->handle(Object(Illuminate\\Http\\Request), Object(Closure))
#42 C:\\Users\\DELL\\Downloads\\MARKOUB PROJECT\\MARKOUB\\backend\\vendor\\laravel\\framework\\src\\Illuminate\\Http\\Middleware\\TrustProxies.php(58): Illuminate\\Pipeline\\Pipeline->Illuminate\\Pipeline\\{closure}(Object(Illuminate\\Http\\Request))
#43 C:\\Users\\DELL\\Downloads\\MARKOUB PROJECT\\MARKOUB\\backend\\vendor\\laravel\\framework\\src\\Illuminate\\Pipeline\\Pipeline.php(209): Illuminate\\Http\\Middleware\\TrustProxies->handle(Object(Illuminate\\Http\\Request), Object(Closure))
#44 C:\\Users\\DELL\\Downloads\\MARKOUB PROJECT\\MARKOUB\\backend\\vendor\\laravel\\framework\\src\\Illuminate\\Foundation\\Http\\Middleware\\InvokeDeferredCallbacks.php(22): Illuminate\\Pipeline\\Pipeline->Illuminate\\Pipeline\\{closure}(Object(Illuminate\\Http\\Request))
#45 C:\\Users\\DELL\\Downloads\\MARKOUB PROJECT\\MARKOUB\\backend\\vendor\\laravel\\framework\\src\\Illuminate\\Pipeline\\Pipeline.php(209): Illuminate\\Foundation\\Http\\Middleware\\InvokeDeferredCallbacks->handle(Object(Illuminate\\Http\\Request), Object(Closure))
#46 C:\\Users\\DELL\\Downloads\\MARKOUB PROJECT\\MARKOUB\\backend\\vendor\\laravel\\framework\\src\\Illuminate\\Pipeline\\Pipeline.php(127): Illuminate\\Pipeline\\Pipeline->Illuminate\\Pipeline\\{closure}(Object(Illuminate\\Http\\Request))
#47 C:\\Users\\DELL\\Downloads\\MARKOUB PROJECT\\MARKOUB\\backend\\vendor\\laravel\\framework\\src\\Illuminate\\Foundation\\Http\\Kernel.php(176): Illuminate\\Pipeline\\Pipeline->then(Object(Closure))
#48 C:\\Users\\DELL\\Downloads\\MARKOUB PROJECT\\MARKOUB\\backend\\vendor\\laravel\\framework\\src\\Illuminate\\Foundation\\Http\\Kernel.php(145): Illuminate\\Foundation\\Http\\Kernel->sendRequestThroughRouter(Object(Illuminate\\Http\\Request))
#49 C:\\Users\\DELL\\Downloads\\MARKOUB PROJECT\\MARKOUB\\backend\\vendor\\laravel\\framework\\src\\Illuminate\\Foundation\\Application.php(1220): Illuminate\\Foundation\\Http\\Kernel->handle(Object(Illuminate\\Http\\Request))
#50 C:\\Users\\DELL\\Downloads\\MARKOUB PROJECT\\MARKOUB\\backend\\public\\index.php(17): Illuminate\\Foundation\\Application->handleRequest(Object(Illuminate\\Http\\Request))
#51 C:\\Users\\DELL\\Downloads\\MARKOUB PROJECT\\MARKOUB\\backend\\vendor\\laravel\\framework\\src\\Illuminate\\Foundation\\resources\\server.php(23): require_once('C:\\\\Users\\\\DELL\\\\D...')
#52 {main}

[previous exception] [object] (PDOException(code: 01000): SQLSTATE[01000]: Warning: 1265 Data truncated for column 'status' at row 1 at C:\\Users\\DELL\\Downloads\\MARKOUB PROJECT\\MARKOUB\\backend\\vendor\\laravel\\framework\\src\\Illuminate\\Database\\Connection.php:596)
[stacktrace]
#0 C:\\Users\\DELL\\Downloads\\MARKOUB PROJECT\\MARKOUB\\backend\\vendor\\laravel\\framework\\src\\Illuminate\\Database\\Connection.php(596): PDOStatement->execute()
#1 C:\\Users\\DELL\\Downloads\\MARKOUB PROJECT\\MARKOUB\\backend\\vendor\\laravel\\framework\\src\\Illuminate\\Database\\Connection.php(812): Illuminate\\Database\\Connection->Illuminate\\Database\\{closure}('update `booking...', Array)
#2 C:\\Users\\DELL\\Downloads\\MARKOUB PROJECT\\MARKOUB\\backend\\vendor\\laravel\\framework\\src\\Illuminate\\Database\\Connection.php(779): Illuminate\\Database\\Connection->runQueryCallback('update `booking...', Array, Object(Closure))
#3 C:\\Users\\DELL\\Downloads\\MARKOUB PROJECT\\MARKOUB\\backend\\vendor\\laravel\\framework\\src\\Illuminate\\Database\\Connection.php(584): Illuminate\\Database\\Connection->run('update `booking...', Array, Object(Closure))
#4 C:\\Users\\DELL\\Downloads\\MARKOUB PROJECT\\MARKOUB\\backend\\vendor\\laravel\\framework\\src\\Illuminate\\Database\\Connection.php(536): Illuminate\\Database\\Connection->affectingStatement('update `booking...', Array)
#5 C:\\Users\\DELL\\Downloads\\MARKOUB PROJECT\\MARKOUB\\backend\\vendor\\laravel\\framework\\src\\Illuminate\\Database\\Query\\Builder.php(3830): Illuminate\\Database\\Connection->update('update `booking...', Array)
#6 C:\\Users\\DELL\\Downloads\\MARKOUB PROJECT\\MARKOUB\\backend\\vendor\\laravel\\framework\\src\\Illuminate\\Database\\Eloquent\\Builder.php(1175): Illuminate\\Database\\Query\\Builder->update(Object(Illuminate\\Support\\Collection))
#7 C:\\Users\\DELL\\Downloads\\MARKOUB PROJECT\\MARKOUB\\backend\\vendor\\laravel\\framework\\src\\Illuminate\\Database\\Eloquent\\Model.php(1239): Illuminate\\Database\\Eloquent\\Builder->update(Array)
#8 C:\\Users\\DELL\\Downloads\\MARKOUB PROJECT\\MARKOUB\\backend\\vendor\\laravel\\framework\\src\\Illuminate\\Database\\Eloquent\\Model.php(1156): Illuminate\\Database\\Eloquent\\Model->performUpdate(Object(Illuminate\\Database\\Eloquent\\Builder))
#9 C:\\Users\\DELL\\Downloads\\MARKOUB PROJECT\\MARKOUB\\backend\\app\\Http\\Controllers\\Api\\V1\\BookingController.php(190): Illuminate\\Database\\Eloquent\\Model->save()
#10 C:\\Users\\DELL\\Downloads\\MARKOUB PROJECT\\MARKOUB\\backend\\vendor\\laravel\\framework\\src\\Illuminate\\Database\\Concerns\\ManagesTransactions.php(32): App\\Http\\Controllers\\Api\\V1\\BookingController->App\\Http\\Controllers\\Api\\V1\\{closure}(Object(Illuminate\\Database\\MySqlConnection))
#11 C:\\Users\\DELL\\Downloads\\MARKOUB PROJECT\\MARKOUB\\backend\\vendor\\laravel\\framework\\src\\Illuminate\\Database\\DatabaseManager.php(495): Illuminate\\Database\\Connection->transaction(Object(Closure))
#12 C:\\Users\\DELL\\Downloads\\MARKOUB PROJECT\\MARKOUB\\backend\\vendor\\laravel\\framework\\src\\Illuminate\\Support\\Facades\\Facade.php(361): Illuminate\\Database\\DatabaseManager->__call('transaction', Array)
#13 C:\\Users\\DELL\\Downloads\\MARKOUB PROJECT\\MARKOUB\\backend\\app\\Http\\Controllers\\Api\\V1\\BookingController.php(188): Illuminate\\Support\\Facades\\Facade::__callStatic('transaction', Array)
#14 C:\\Users\\DELL\\Downloads\\MARKOUB PROJECT\\MARKOUB\\backend\\vendor\\laravel\\framework\\src\\Illuminate\\Routing\\ControllerDispatcher.php(47): App\\Http\\Controllers\\Api\\V1\\BookingController->confirm('9')
#15 C:\\Users\\DELL\\Downloads\\MARKOUB PROJECT\\MARKOUB\\backend\\vendor\\laravel\\framework\\src\\Illuminate\\Routing\\Route.php(266): Illuminate\\Routing\\ControllerDispatcher->dispatch(Object(Illuminate\\Routing\\Route), Object(App\\Http\\Controllers\\Api\\V1\\BookingController), 'confirm')
#16 C:\\Users\\DELL\\Downloads\\MARKOUB PROJECT\\MARKOUB\\backend\\vendor\\laravel\\framework\\src\\Illuminate\\Routing\\Route.php(212): Illuminate\\Routing\\Route->runController()
#17 C:\\Users\\DELL\\Downloads\\MARKOUB PROJECT\\MARKOUB\\backend\\vendor\\laravel\\framework\\src\\Illuminate\\Routing\\Router.php(808): Illuminate\\Routing\\Route->run()
#18 C:\\Users\\DELL\\Downloads\\MARKOUB PROJECT\\MARKOUB\\backend\\vendor\\laravel\\framework\\src\\Illuminate\\Pipeline\\Pipeline.php(170): Illuminate\\Routing\\Router->Illuminate\\Routing\\{closure}(Object(Illuminate\\Http\\Request))
#19 C:\\Users\\DELL\\Downloads\\MARKOUB PROJECT\\MARKOUB\\backend\\vendor\\laravel\\framework\\src\\Illuminate\\Routing\\Middleware\\SubstituteBindings.php(51): Illuminate\\Pipeline\\Pipeline->Illuminate\\Pipeline\\{closure}(Object(Illuminate\\Http\\Request))
#20 C:\\Users\\DELL\\Downloads\\MARKOUB PROJECT\\MARKOUB\\backend\\vendor\\laravel\\framework\\src\\Illuminate\\Pipeline\\Pipeline.php(209): Illuminate\\Routing\\Middleware\\SubstituteBindings->handle(Object(Illuminate\\Http\\Request), Object(Closure))
#21 C:\\Users\\DELL\\Downloads\\MARKOUB PROJECT\\MARKOUB\\backend\\vendor\\laravel\\framework\\src\\Illuminate\\Auth\\Middleware\\Authenticate.php(64): Illuminate\\Pipeline\\Pipeline->Illuminate\\Pipeline\\{closure}(Object(Illuminate\\Http\\Request))
#22 C:\\Users\\DELL\\Downloads\\MARKOUB PROJECT\\MARKOUB\\backend\\vendor\\laravel\\framework\\src\\Illuminate\\Pipeline\\Pipeline.php(209): Illuminate\\Auth\\Middleware\\Authenticate->handle(Object(Illuminate\\Http\\Request), Object(Closure), 'api')
#23 C:\\Users\\DELL\\Downloads\\MARKOUB PROJECT\\MARKOUB\\backend\\vendor\\laravel\\framework\\src\\Illuminate\\Http\\Middleware\\HandleCors.php(62): Illuminate\\Pipeline\\Pipeline->Illuminate\\Pipeline\\{closure}(Object(Illuminate\\Http\\Request))
#24 C:\\Users\\DELL\\Downloads\\MARKOUB PROJECT\\MARKOUB\\backend\\vendor\\laravel\\framework\\src\\Illuminate\\Pipeline\\Pipeline.php(209): Illuminate\\Http\\Middleware\\HandleCors->handle(Object(Illuminate\\Http\\Request), Object(Closure))
#25 C:\\Users\\DELL\\Downloads\\MARKOUB PROJECT\\MARKOUB\\backend\\vendor\\laravel\\framework\\src\\Illuminate\\Pipeline\\Pipeline.php(127): Illuminate\\Pipeline\\Pipeline->Illuminate\\Pipeline\\{closure}(Object(Illuminate\\Http\\Request))
#26 C:\\Users\\DELL\\Downloads\\MARKOUB PROJECT\\MARKOUB\\backend\\vendor\\laravel\\framework\\src\\Illuminate\\Routing\\Router.php(807): Illuminate\\Pipeline\\Pipeline->then(Object(Closure))
#27 C:\\Users\\DELL\\Downloads\\MARKOUB PROJECT\\MARKOUB\\backend\\vendor\\laravel\\framework\\src\\Illuminate\\Routing\\Router.php(786): Illuminate\\Routing\\Router->runRouteWithinStack(Object(Illuminate\\Routing\\Route), Object(Illuminate\\Http\\Request))
#28 C:\\Users\\DELL\\Downloads\\MARKOUB PROJECT\\MARKOUB\\backend\\vendor\\laravel\\framework\\src\\Illuminate\\Routing\\Router.php(750): Illuminate\\Routing\\Router->runRoute(Object(Illuminate\\Http\\Request), Object(Illuminate\\Routing\\Route))
#29 C:\\Users\\DELL\\Downloads\\MARKOUB PROJECT\\MARKOUB\\backend\\vendor\\laravel\\framework\\src\\Illuminate\\Routing\\Router.php(739): Illuminate\\Routing\\Router->dispatchToRoute(Object(Illuminate\\Http\\Request))
#30 C:\\Users\\DELL\\Downloads\\MARKOUB PROJECT\\MARKOUB\\backend\\vendor\\laravel\\framework\\src\\Illuminate\\Foundation\\Http\\Kernel.php(201): Illuminate\\Routing\\Router->dispatch(Object(Illuminate\\Http\\Request))
#31 C:\\Users\\DELL\\Downloads\\MARKOUB PROJECT\\MARKOUB\\backend\\vendor\\laravel\\framework\\src\\Illuminate\\Pipeline\\Pipeline.php(170): Illuminate\\Foundation\\Http\\Kernel->Illuminate\\Foundation\\Http\\{closure}(Object(Illuminate\\Http\\Request))
#32 C:\\Users\\DELL\\Downloads\\MARKOUB PROJECT\\MARKOUB\\backend\\vendor\\laravel\\framework\\src\\Illuminate\\Foundation\\Http\\Middleware\\TransformsRequest.php(21): Illuminate\\Pipeline\\Pipeline->Illuminate\\Pipeline\\{closure}(Object(Illuminate\\Http\\Request))
#33 C:\\Users\\DELL\\Downloads\\MARKOUB PROJECT\\MARKOUB\\backend\\vendor\\laravel\\framework\\src\\Illuminate\\Foundation\\Http\\Middleware\\ConvertEmptyStringsToNull.php(31): Illuminate\\Foundation\\Http\\Middleware\\TransformsRequest->handle(Object(Illuminate\\Http\\Request), Object(Closure))
#34 C:\\Users\\DELL\\Downloads\\MARKOUB PROJECT\\MARKOUB\\backend\\vendor\\laravel\\framework\\src\\Illuminate\\Pipeline\\Pipeline.php(209): Illuminate\\Foundation\\Http\\Middleware\\ConvertEmptyStringsToNull->handle(Object(Illuminate\\Http\\Request), Object(Closure))
#35 C:\\Users\\DELL\\Downloads\\MARKOUB PROJECT\\MARKOUB\\backend\\vendor\\laravel\\framework\\src\\Illuminate\\Foundation\\Http\\Middleware\\TransformsRequest.php(21): Illuminate\\Pipeline\\Pipeline->Illuminate\\Pipeline\\{closure}(Object(Illuminate\\Http\\Request))
#36 C:\\Users\\DELL\\Downloads\\MARKOUB PROJECT\\MARKOUB\\backend\\vendor\\laravel\\framework\\src\\Illuminate\\Foundation\\Http\\Middleware\\TrimStrings.php(51): Illuminate\\Foundation\\Http\\Middleware\\TransformsRequest->handle(Object(Illuminate\\Http\\Request), Object(Closure))
#37 C:\\Users\\DELL\\Downloads\\MARKOUB PROJECT\\MARKOUB\\backend\\vendor\\laravel\\framework\\src\\Illuminate\\Pipeline\\Pipeline.php(209): Illuminate\\Foundation\\Http\\Middleware\\TrimStrings->handle(Object(Illuminate\\Http\\Request), Object(Closure))
#38 C:\\Users\\DELL\\Downloads\\MARKOUB PROJECT\\MARKOUB\\backend\\vendor\\laravel\\framework\\src\\Illuminate\\Http\\Middleware\\ValidatePostSize.php(27): Illuminate\\Pipeline\\Pipeline->Illuminate\\Pipeline\\{closure}(Object(Illuminate\\Http\\Request))
#39 C:\\Users\\DELL\\Downloads\\MARKOUB PROJECT\\MARKOUB\\backend\\vendor\\laravel\\framework\\src\\Illuminate\\Pipeline\\Pipeline.php(209): Illuminate\\Http\\Middleware\\ValidatePostSize->handle(Object(Illuminate\\Http\\Request), Object(Closure))
#40 C:\\Users\\DELL\\Downloads\\MARKOUB PROJECT\\MARKOUB\\backend\\vendor\\laravel\\framework\\src\\Illuminate\\Foundation\\Http\\Middleware\\PreventRequestsDuringMaintenance.php(110): Illuminate\\Pipeline\\Pipeline->Illuminate\\Pipeline\\{closure}(Object(Illuminate\\Http\\Request))
#41 C:\\Users\\DELL\\Downloads\\MARKOUB PROJECT\\MARKOUB\\backend\\vendor\\laravel\\framework\\src\\Illuminate\\Pipeline\\Pipeline.php(209): Illuminate\\Foundation\\Http\\Middleware\\PreventRequestsDuringMaintenance->handle(Object(Illuminate\\Http\\Request), Object(Closure))
#42 C:\\Users\\DELL\\Downloads\\MARKOUB PROJECT\\MARKOUB\\backend\\vendor\\laravel\\framework\\src\\Illuminate\\Http\\Middleware\\HandleCors.php(62): Illuminate\\Pipeline\\Pipeline->Illuminate\\Pipeline\\{closure}(Object(Illuminate\\Http\\Request))
#43 C:\\Users\\DELL\\Downloads\\MARKOUB PROJECT\\MARKOUB\\backend\\vendor\\laravel\\framework\\src\\Illuminate\\Pipeline\\Pipeline.php(209): Illuminate\\Http\\Middleware\\HandleCors->handle(Object(Illuminate\\Http\\Request), Object(Closure))
#44 C:\\Users\\DELL\\Downloads\\MARKOUB PROJECT\\MARKOUB\\backend\\vendor\\laravel\\framework\\src\\Illuminate\\Http\\Middleware\\TrustProxies.php(58): Illuminate\\Pipeline\\Pipeline->Illuminate\\Pipeline\\{closure}(Object(Illuminate\\Http\\Request))
#45 C:\\Users\\DELL\\Downloads\\MARKOUB PROJECT\\MARKOUB\\backend\\vendor\\laravel\\framework\\src\\Illuminate\\Pipeline\\Pipeline.php(209): Illuminate\\Http\\Middleware\\TrustProxies->handle(Object(Illuminate\\Http\\Request), Object(Closure))
#46 C:\\Users\\DELL\\Downloads\\MARKOUB PROJECT\\MARKOUB\\backend\\vendor\\laravel\\framework\\src\\Illuminate\\Foundation\\Http\\Middleware\\InvokeDeferredCallbacks.php(22): Illuminate\\Pipeline\\Pipeline->Illuminate\\Pipeline\\{closure}(Object(Illuminate\\Http\\Request))
#47 C:\\Users\\DELL\\Downloads\\MARKOUB PROJECT\\MARKOUB\\backend\\vendor\\laravel\\framework\\src\\Illuminate\\Pipeline\\Pipeline.php(209): Illuminate\\Foundation\\Http\\Middleware\\InvokeDeferredCallbacks->handle(Object(Illuminate\\Http\\Request), Object(Closure))
#48 C:\\Users\\DELL\\Downloads\\MARKOUB PROJECT\\MARKOUB\\backend\\vendor\\laravel\\framework\\src\\Illuminate\\Pipeline\\Pipeline.php(127): Illuminate\\Pipeline\\Pipeline->Illuminate\\Pipeline\\{closure}(Object(Illuminate\\Http\\Request))
#49 C:\\Users\\DELL\\Downloads\\MARKOUB PROJECT\\MARKOUB\\backend\\vendor\\laravel\\framework\\src\\Illuminate\\Foundation\\Http\\Kernel.php(176): Illuminate\\Pipeline\\Pipeline->then(Object(Closure))
#50 C:\\Users\\DELL\\Downloads\\MARKOUB PROJECT\\MARKOUB\\backend\\vendor\\laravel\\framework\\src\\Illuminate\\Foundation\\Http\\Kernel.php(145): Illuminate\\Foundation\\Http\\Kernel->sendRequestThroughRouter(Object(Illuminate\\Http\\Request))
#51 C:\\Users\\DELL\\Downloads\\MARKOUB PROJECT\\MARKOUB\\backend\\vendor\\laravel\\framework\\src\\Illuminate\\Foundation\\Application.php(1220): Illuminate\\Foundation\\Http\\Kernel->handle(Object(Illuminate\\Http\\Request))
#52 C:\\Users\\DELL\\Downloads\\MARKOUB PROJECT\\MARKOUB\\backend\\public\\index.php(17): Illuminate\\Foundation\\Application->handleRequest(Object(Illuminate\\Http\\Request))
#53 C:\\Users\\DELL\\Downloads\\MARKOUB PROJECT\\MARKOUB\\backend\\vendor\\laravel\\framework\\src\\Illuminate\\Foundation\\resources\\server.php(23): require_once('C:\\\\Users\\\\DELL\\\\D...')
#54 {main}
"} 
[2025-11-01 22:54:17] local.ERROR: SQLSTATE[01000]: Warning: 1265 Data truncated for column 'status' at row 1 (Connection: mysql, SQL: update `rides` set `status` = in_road, `rides`.`updated_at` = 2025-11-01 22:54:17 where `id` = 4) {"userId":7,"exception":"[object] (Illuminate\\Database\\QueryException(code: 01000): SQLSTATE[01000]: Warning: 1265 Data truncated for column 'status' at row 1 (Connection: mysql, SQL: update `rides` set `status` = in_road, `rides`.`updated_at` = 2025-11-01 22:54:17 where `id` = 4) at C:\\Users\\DELL\\Downloads\\MARKOUB PROJECT\\MARKOUB\\backend\\vendor\\laravel\\framework\\src\\Illuminate\\Database\\Connection.php:825)
[stacktrace]
#0 C:\\Users\\DELL\\Downloads\\MARKOUB PROJECT\\MARKOUB\\backend\\vendor\\laravel\\framework\\src\\Illuminate\\Database\\Connection.php(779): Illuminate\\Database\\Connection->runQueryCallback('update `rides` ...', Array, Object(Closure))
#1 C:\\Users\\DELL\\Downloads\\MARKOUB PROJECT\\MARKOUB\\backend\\vendor\\laravel\\framework\\src\\Illuminate\\Database\\Connection.php(584): Illuminate\\Database\\Connection->run('update `rides` ...', Array, Object(Closure))
#2 C:\\Users\\DELL\\Downloads\\MARKOUB PROJECT\\MARKOUB\\backend\\vendor\\laravel\\framework\\src\\Illuminate\\Database\\Connection.php(536): Illuminate\\Database\\Connection->affectingStatement('update `rides` ...', Array)
#3 C:\\Users\\DELL\\Downloads\\MARKOUB PROJECT\\MARKOUB\\backend\\vendor\\laravel\\framework\\src\\Illuminate\\Database\\Query\\Builder.php(3830): Illuminate\\Database\\Connection->update('update `rides` ...', Array)
#4 C:\\Users\\DELL\\Downloads\\MARKOUB PROJECT\\MARKOUB\\backend\\vendor\\laravel\\framework\\src\\Illuminate\\Database\\Eloquent\\Builder.php(1175): Illuminate\\Database\\Query\\Builder->update(Object(Illuminate\\Support\\Collection))
#5 C:\\Users\\DELL\\Downloads\\MARKOUB PROJECT\\MARKOUB\\backend\\vendor\\laravel\\framework\\src\\Illuminate\\Database\\Eloquent\\Model.php(1239): Illuminate\\Database\\Eloquent\\Builder->update(Array)
#6 C:\\Users\\DELL\\Downloads\\MARKOUB PROJECT\\MARKOUB\\backend\\vendor\\laravel\\framework\\src\\Illuminate\\Database\\Eloquent\\Model.php(1156): Illuminate\\Database\\Eloquent\\Model->performUpdate(Object(Illuminate\\Database\\Eloquent\\Builder))
#7 C:\\Users\\DELL\\Downloads\\MARKOUB PROJECT\\MARKOUB\\backend\\vendor\\laravel\\framework\\src\\Illuminate\\Database\\Eloquent\\Model.php(1014): Illuminate\\Database\\Eloquent\\Model->save(Array)
#8 C:\\Users\\DELL\\Downloads\\MARKOUB PROJECT\\MARKOUB\\backend\\app\\Http\\Controllers\\Api\\V1\\RideController.php(174): Illuminate\\Database\\Eloquent\\Model->update(Array)
#9 C:\\Users\\DELL\\Downloads\\MARKOUB PROJECT\\MARKOUB\\backend\\vendor\\laravel\\framework\\src\\Illuminate\\Routing\\ControllerDispatcher.php(47): App\\Http\\Controllers\\Api\\V1\\RideController->update(Object(Illuminate\\Http\\Request), '4')
#10 C:\\Users\\DELL\\Downloads\\MARKOUB PROJECT\\MARKOUB\\backend\\vendor\\laravel\\framework\\src\\Illuminate\\Routing\\Route.php(266): Illuminate\\Routing\\ControllerDispatcher->dispatch(Object(Illuminate\\Routing\\Route), Object(App\\Http\\Controllers\\Api\\V1\\RideController), 'update')
#11 C:\\Users\\DELL\\Downloads\\MARKOUB PROJECT\\MARKOUB\\backend\\vendor\\laravel\\framework\\src\\Illuminate\\Routing\\Route.php(212): Illuminate\\Routing\\Route->runController()
#12 C:\\Users\\DELL\\Downloads\\MARKOUB PROJECT\\MARKOUB\\backend\\vendor\\laravel\\framework\\src\\Illuminate\\Routing\\Router.php(808): Illuminate\\Routing\\Route->run()
#13 C:\\Users\\DELL\\Downloads\\MARKOUB PROJECT\\MARKOUB\\backend\\vendor\\laravel\\framework\\src\\Illuminate\\Pipeline\\Pipeline.php(170): Illuminate\\Routing\\Router->Illuminate\\Routing\\{closure}(Object(Illuminate\\Http\\Request))
#14 C:\\Users\\DELL\\Downloads\\MARKOUB PROJECT\\MARKOUB\\backend\\vendor\\laravel\\framework\\src\\Illuminate\\Routing\\Middleware\\SubstituteBindings.php(51): Illuminate\\Pipeline\\Pipeline->Illuminate\\Pipeline\\{closure}(Object(Illuminate\\Http\\Request))
#15 C:\\Users\\DELL\\Downloads\\MARKOUB PROJECT\\MARKOUB\\backend\\vendor\\laravel\\framework\\src\\Illuminate\\Pipeline\\Pipeline.php(209): Illuminate\\Routing\\Middleware\\SubstituteBindings->handle(Object(Illuminate\\Http\\Request), Object(Closure))
#16 C:\\Users\\DELL\\Downloads\\MARKOUB PROJECT\\MARKOUB\\backend\\vendor\\laravel\\framework\\src\\Illuminate\\Auth\\Middleware\\Authenticate.php(64): Illuminate\\Pipeline\\Pipeline->Illuminate\\Pipeline\\{closure}(Object(Illuminate\\Http\\Request))
#17 C:\\Users\\DELL\\Downloads\\MARKOUB PROJECT\\MARKOUB\\backend\\vendor\\laravel\\framework\\src\\Illuminate\\Pipeline\\Pipeline.php(209): Illuminate\\Auth\\Middleware\\Authenticate->handle(Object(Illuminate\\Http\\Request), Object(Closure), 'api')
#18 C:\\Users\\DELL\\Downloads\\MARKOUB PROJECT\\MARKOUB\\backend\\vendor\\laravel\\framework\\src\\Illuminate\\Http\\Middleware\\HandleCors.php(62): Illuminate\\Pipeline\\Pipeline->Illuminate\\Pipeline\\{closure}(Object(Illuminate\\Http\\Request))
#19 C:\\Users\\DELL\\Downloads\\MARKOUB PROJECT\\MARKOUB\\backend\\vendor\\laravel\\framework\\src\\Illuminate\\Pipeline\\Pipeline.php(209): Illuminate\\Http\\Middleware\\HandleCors->handle(Object(Illuminate\\Http\\Request), Object(Closure))
#20 C:\\Users\\DELL\\Downloads\\MARKOUB PROJECT\\MARKOUB\\backend\\vendor\\laravel\\framework\\src\\Illuminate\\Pipeline\\Pipeline.php(127): Illuminate\\Pipeline\\Pipeline->Illuminate\\Pipeline\\{closure}(Object(Illuminate\\Http\\Request))
#21 C:\\Users\\DELL\\Downloads\\MARKOUB PROJECT\\MARKOUB\\backend\\vendor\\laravel\\framework\\src\\Illuminate\\Routing\\Router.php(807): Illuminate\\Pipeline\\Pipeline->then(Object(Closure))
#22 C:\\Users\\DELL\\Downloads\\MARKOUB PROJECT\\MARKOUB\\backend\\vendor\\laravel\\framework\\src\\Illuminate\\Routing\\Router.php(786): Illuminate\\Routing\\Router->runRouteWithinStack(Object(Illuminate\\Routing\\Route), Object(Illuminate\\Http\\Request))
#23 C:\\Users\\DELL\\Downloads\\MARKOUB PROJECT\\MARKOUB\\backend\\vendor\\laravel\\framework\\src\\Illuminate\\Routing\\Router.php(750): Illuminate\\Routing\\Router->runRoute(Object(Illuminate\\Http\\Request), Object(Illuminate\\Routing\\Route))
#24 C:\\Users\\DELL\\Downloads\\MARKOUB PROJECT\\MARKOUB\\backend\\vendor\\laravel\\framework\\src\\Illuminate\\Routing\\Router.php(739): Illuminate\\Routing\\Router->dispatchToRoute(Object(Illuminate\\Http\\Request))
#25 C:\\Users\\DELL\\Downloads\\MARKOUB PROJECT\\MARKOUB\\backend\\vendor\\laravel\\framework\\src\\Illuminate\\Foundation\\Http\\Kernel.php(201): Illuminate\\Routing\\Router->dispatch(Object(Illuminate\\Http\\Request))
#26 C:\\Users\\DELL\\Downloads\\MARKOUB PROJECT\\MARKOUB\\backend\\vendor\\laravel\\framework\\src\\Illuminate\\Pipeline\\Pipeline.php(170): Illuminate\\Foundation\\Http\\Kernel->Illuminate\\Foundation\\Http\\{closure}(Object(Illuminate\\Http\\Request))
#27 C:\\Users\\DELL\\Downloads\\MARKOUB PROJECT\\MARKOUB\\backend\\vendor\\laravel\\framework\\src\\Illuminate\\Foundation\\Http\\Middleware\\TransformsRequest.php(21): Illuminate\\Pipeline\\Pipeline->Illuminate\\Pipeline\\{closure}(Object(Illuminate\\Http\\Request))
#28 C:\\Users\\DELL\\Downloads\\MARKOUB PROJECT\\MARKOUB\\backend\\vendor\\laravel\\framework\\src\\Illuminate\\Foundation\\Http\\Middleware\\ConvertEmptyStringsToNull.php(31): Illuminate\\Foundation\\Http\\Middleware\\TransformsRequest->handle(Object(Illuminate\\Http\\Request), Object(Closure))
#29 C:\\Users\\DELL\\Downloads\\MARKOUB PROJECT\\MARKOUB\\backend\\vendor\\laravel\\framework\\src\\Illuminate\\Pipeline\\Pipeline.php(209): Illuminate\\Foundation\\Http\\Middleware\\ConvertEmptyStringsToNull->handle(Object(Illuminate\\Http\\Request), Object(Closure))
#30 C:\\Users\\DELL\\Downloads\\MARKOUB PROJECT\\MARKOUB\\backend\\vendor\\laravel\\framework\\src\\Illuminate\\Foundation\\Http\\Middleware\\TransformsRequest.php(21): Illuminate\\Pipeline\\Pipeline->Illuminate\\Pipeline\\{closure}(Object(Illuminate\\Http\\Request))
#31 C:\\Users\\DELL\\Downloads\\MARKOUB PROJECT\\MARKOUB\\backend\\vendor\\laravel\\framework\\src\\Illuminate\\Foundation\\Http\\Middleware\\TrimStrings.php(51): Illuminate\\Foundation\\Http\\Middleware\\TransformsRequest->handle(Object(Illuminate\\Http\\Request), Object(Closure))
#32 C:\\Users\\DELL\\Downloads\\MARKOUB PROJECT\\MARKOUB\\backend\\vendor\\laravel\\framework\\src\\Illuminate\\Pipeline\\Pipeline.php(209): Illuminate\\Foundation\\Http\\Middleware\\TrimStrings->handle(Object(Illuminate\\Http\\Request), Object(Closure))
#33 C:\\Users\\DELL\\Downloads\\MARKOUB PROJECT\\MARKOUB\\backend\\vendor\\laravel\\framework\\src\\Illuminate\\Http\\Middleware\\ValidatePostSize.php(27): Illuminate\\Pipeline\\Pipeline->Illuminate\\Pipeline\\{closure}(Object(Illuminate\\Http\\Request))
#34 C:\\Users\\DELL\\Downloads\\MARKOUB PROJECT\\MARKOUB\\backend\\vendor\\laravel\\framework\\src\\Illuminate\\Pipeline\\Pipeline.php(209): Illuminate\\Http\\Middleware\\ValidatePostSize->handle(Object(Illuminate\\Http\\Request), Object(Closure))
#35 C:\\Users\\DELL\\Downloads\\MARKOUB PROJECT\\MARKOUB\\backend\\vendor\\laravel\\framework\\src\\Illuminate\\Foundation\\Http\\Middleware\\PreventRequestsDuringMaintenance.php(110): Illuminate\\Pipeline\\Pipeline->Illuminate\\Pipeline\\{closure}(Object(Illuminate\\Http\\Request))
#36 C:\\Users\\DELL\\Downloads\\MARKOUB PROJECT\\MARKOUB\\backend\\vendor\\laravel\\framework\\src\\Illuminate\\Pipeline\\Pipeline.php(209): Illuminate\\Foundation\\Http\\Middleware\\PreventRequestsDuringMaintenance->handle(Object(Illuminate\\Http\\Request), Object(Closure))
#37 C:\\Users\\DELL\\Downloads\\MARKOUB PROJECT\\MARKOUB\\backend\\vendor\\laravel\\framework\\src\\Illuminate\\Http\\Middleware\\HandleCors.php(62): Illuminate\\Pipeline\\Pipeline->Illuminate\\Pipeline\\{closure}(Object(Illuminate\\Http\\Request))
#38 C:\\Users\\DELL\\Downloads\\MARKOUB PROJECT\\MARKOUB\\backend\\vendor\\laravel\\framework\\src\\Illuminate\\Pipeline\\Pipeline.php(209): Illuminate\\Http\\Middleware\\HandleCors->handle(Object(Illuminate\\Http\\Request), Object(Closure))
#39 C:\\Users\\DELL\\Downloads\\MARKOUB PROJECT\\MARKOUB\\backend\\vendor\\laravel\\framework\\src\\Illuminate\\Http\\Middleware\\TrustProxies.php(58): Illuminate\\Pipeline\\Pipeline->Illuminate\\Pipeline\\{closure}(Object(Illuminate\\Http\\Request))
#40 C:\\Users\\DELL\\Downloads\\MARKOUB PROJECT\\MARKOUB\\backend\\vendor\\laravel\\framework\\src\\Illuminate\\Pipeline\\Pipeline.php(209): Illuminate\\Http\\Middleware\\TrustProxies->handle(Object(Illuminate\\Http\\Request), Object(Closure))
#41 C:\\Users\\DELL\\Downloads\\MARKOUB PROJECT\\MARKOUB\\backend\\vendor\\laravel\\framework\\src\\Illuminate\\Foundation\\Http\\Middleware\\InvokeDeferredCallbacks.php(22): Illuminate\\Pipeline\\Pipeline->Illuminate\\Pipeline\\{closure}(Object(Illuminate\\Http\\Request))
#42 C:\\Users\\DELL\\Downloads\\MARKOUB PROJECT\\MARKOUB\\backend\\vendor\\laravel\\framework\\src\\Illuminate\\Pipeline\\Pipeline.php(209): Illuminate\\Foundation\\Http\\Middleware\\InvokeDeferredCallbacks->handle(Object(Illuminate\\Http\\Request), Object(Closure))
#43 C:\\Users\\DELL\\Downloads\\MARKOUB PROJECT\\MARKOUB\\backend\\vendor\\laravel\\framework\\src\\Illuminate\\Pipeline\\Pipeline.php(127): Illuminate\\Pipeline\\Pipeline->Illuminate\\Pipeline\\{closure}(Object(Illuminate\\Http\\Request))
#44 C:\\Users\\DELL\\Downloads\\MARKOUB PROJECT\\MARKOUB\\backend\\vendor\\laravel\\framework\\src\\Illuminate\\Foundation\\Http\\Kernel.php(176): Illuminate\\Pipeline\\Pipeline->then(Object(Closure))
#45 C:\\Users\\DELL\\Downloads\\MARKOUB PROJECT\\MARKOUB\\backend\\vendor\\laravel\\framework\\src\\Illuminate\\Foundation\\Http\\Kernel.php(145): Illuminate\\Foundation\\Http\\Kernel->sendRequestThroughRouter(Object(Illuminate\\Http\\Request))
#46 C:\\Users\\DELL\\Downloads\\MARKOUB PROJECT\\MARKOUB\\backend\\vendor\\laravel\\framework\\src\\Illuminate\\Foundation\\Application.php(1220): Illuminate\\Foundation\\Http\\Kernel->handle(Object(Illuminate\\Http\\Request))
#47 C:\\Users\\DELL\\Downloads\\MARKOUB PROJECT\\MARKOUB\\backend\\public\\index.php(17): Illuminate\\Foundation\\Application->handleRequest(Object(Illuminate\\Http\\Request))
#48 C:\\Users\\DELL\\Downloads\\MARKOUB PROJECT\\MARKOUB\\backend\\vendor\\laravel\\framework\\src\\Illuminate\\Foundation\\resources\\server.php(23): require_once('C:\\\\Users\\\\DELL\\\\D...')
#49 {main}

[previous exception] [object] (PDOException(code: 01000): SQLSTATE[01000]: Warning: 1265 Data truncated for column 'status' at row 1 at C:\\Users\\DELL\\Downloads\\MARKOUB PROJECT\\MARKOUB\\backend\\vendor\\laravel\\framework\\src\\Illuminate\\Database\\Connection.php:596)
[stacktrace]
#0 C:\\Users\\DELL\\Downloads\\MARKOUB PROJECT\\MARKOUB\\backend\\vendor\\laravel\\framework\\src\\Illuminate\\Database\\Connection.php(596): PDOStatement->execute()
#1 C:\\Users\\DELL\\Downloads\\MARKOUB PROJECT\\MARKOUB\\backend\\vendor\\laravel\\framework\\src\\Illuminate\\Database\\Connection.php(812): Illuminate\\Database\\Connection->Illuminate\\Database\\{closure}('update `rides` ...', Array)
#2 C:\\Users\\DELL\\Downloads\\MARKOUB PROJECT\\MARKOUB\\backend\\vendor\\laravel\\framework\\src\\Illuminate\\Database\\Connection.php(779): Illuminate\\Database\\Connection->runQueryCallback('update `rides` ...', Array, Object(Closure))
#3 C:\\Users\\DELL\\Downloads\\MARKOUB PROJECT\\MARKOUB\\backend\\vendor\\laravel\\framework\\src\\Illuminate\\Database\\Connection.php(584): Illuminate\\Database\\Connection->run('update `rides` ...', Array, Object(Closure))
#4 C:\\Users\\DELL\\Downloads\\MARKOUB PROJECT\\MARKOUB\\backend\\vendor\\laravel\\framework\\src\\Illuminate\\Database\\Connection.php(536): Illuminate\\Database\\Connection->affectingStatement('update `rides` ...', Array)
#5 C:\\Users\\DELL\\Downloads\\MARKOUB PROJECT\\MARKOUB\\backend\\vendor\\laravel\\framework\\src\\Illuminate\\Database\\Query\\Builder.php(3830): Illuminate\\Database\\Connection->update('update `rides` ...', Array)
#6 C:\\Users\\DELL\\Downloads\\MARKOUB PROJECT\\MARKOUB\\backend\\vendor\\laravel\\framework\\src\\Illuminate\\Database\\Eloquent\\Builder.php(1175): Illuminate\\Database\\Query\\Builder->update(Object(Illuminate\\Support\\Collection))
#7 C:\\Users\\DELL\\Downloads\\MARKOUB PROJECT\\MARKOUB\\backend\\vendor\\laravel\\framework\\src\\Illuminate\\Database\\Eloquent\\Model.php(1239): Illuminate\\Database\\Eloquent\\Builder->update(Array)
#8 C:\\Users\\DELL\\Downloads\\MARKOUB PROJECT\\MARKOUB\\backend\\vendor\\laravel\\framework\\src\\Illuminate\\Database\\Eloquent\\Model.php(1156): Illuminate\\Database\\Eloquent\\Model->performUpdate(Object(Illuminate\\Database\\Eloquent\\Builder))
#9 C:\\Users\\DELL\\Downloads\\MARKOUB PROJECT\\MARKOUB\\backend\\vendor\\laravel\\framework\\src\\Illuminate\\Database\\Eloquent\\Model.php(1014): Illuminate\\Database\\Eloquent\\Model->save(Array)
#10 C:\\Users\\DELL\\Downloads\\MARKOUB PROJECT\\MARKOUB\\backend\\app\\Http\\Controllers\\Api\\V1\\RideController.php(174): Illuminate\\Database\\Eloquent\\Model->update(Array)
#11 C:\\Users\\DELL\\Downloads\\MARKOUB PROJECT\\MARKOUB\\backend\\vendor\\laravel\\framework\\src\\Illuminate\\Routing\\ControllerDispatcher.php(47): App\\Http\\Controllers\\Api\\V1\\RideController->update(Object(Illuminate\\Http\\Request), '4')
#12 C:\\Users\\DELL\\Downloads\\MARKOUB PROJECT\\MARKOUB\\backend\\vendor\\laravel\\framework\\src\\Illuminate\\Routing\\Route.php(266): Illuminate\\Routing\\ControllerDispatcher->dispatch(Object(Illuminate\\Routing\\Route), Object(App\\Http\\Controllers\\Api\\V1\\RideController), 'update')
#13 C:\\Users\\DELL\\Downloads\\MARKOUB PROJECT\\MARKOUB\\backend\\vendor\\laravel\\framework\\src\\Illuminate\\Routing\\Route.php(212): Illuminate\\Routing\\Route->runController()
#14 C:\\Users\\DELL\\Downloads\\MARKOUB PROJECT\\MARKOUB\\backend\\vendor\\laravel\\framework\\src\\Illuminate\\Routing\\Router.php(808): Illuminate\\Routing\\Route->run()
#15 C:\\Users\\DELL\\Downloads\\MARKOUB PROJECT\\MARKOUB\\backend\\vendor\\laravel\\framework\\src\\Illuminate\\Pipeline\\Pipeline.php(170): Illuminate\\Routing\\Router->Illuminate\\Routing\\{closure}(Object(Illuminate\\Http\\Request))
#16 C:\\Users\\DELL\\Downloads\\MARKOUB PROJECT\\MARKOUB\\backend\\vendor\\laravel\\framework\\src\\Illuminate\\Routing\\Middleware\\SubstituteBindings.php(51): Illuminate\\Pipeline\\Pipeline->Illuminate\\Pipeline\\{closure}(Object(Illuminate\\Http\\Request))
#17 C:\\Users\\DELL\\Downloads\\MARKOUB PROJECT\\MARKOUB\\backend\\vendor\\laravel\\framework\\src\\Illuminate\\Pipeline\\Pipeline.php(209): Illuminate\\Routing\\Middleware\\SubstituteBindings->handle(Object(Illuminate\\Http\\Request), Object(Closure))
#18 C:\\Users\\DELL\\Downloads\\MARKOUB PROJECT\\MARKOUB\\backend\\vendor\\laravel\\framework\\src\\Illuminate\\Auth\\Middleware\\Authenticate.php(64): Illuminate\\Pipeline\\Pipeline->Illuminate\\Pipeline\\{closure}(Object(Illuminate\\Http\\Request))
#19 C:\\Users\\DELL\\Downloads\\MARKOUB PROJECT\\MARKOUB\\backend\\vendor\\laravel\\framework\\src\\Illuminate\\Pipeline\\Pipeline.php(209): Illuminate\\Auth\\Middleware\\Authenticate->handle(Object(Illuminate\\Http\\Request), Object(Closure), 'api')
#20 C:\\Users\\DELL\\Downloads\\MARKOUB PROJECT\\MARKOUB\\backend\\vendor\\laravel\\framework\\src\\Illuminate\\Http\\Middleware\\HandleCors.php(62): Illuminate\\Pipeline\\Pipeline->Illuminate\\Pipeline\\{closure}(Object(Illuminate\\Http\\Request))
#21 C:\\Users\\DELL\\Downloads\\MARKOUB PROJECT\\MARKOUB\\backend\\vendor\\laravel\\framework\\src\\Illuminate\\Pipeline\\Pipeline.php(209): Illuminate\\Http\\Middleware\\HandleCors->handle(Object(Illuminate\\Http\\Request), Object(Closure))
#22 C:\\Users\\DELL\\Downloads\\MARKOUB PROJECT\\MARKOUB\\backend\\vendor\\laravel\\framework\\src\\Illuminate\\Pipeline\\Pipeline.php(127): Illuminate\\Pipeline\\Pipeline->Illuminate\\Pipeline\\{closure}(Object(Illuminate\\Http\\Request))
#23 C:\\Users\\DELL\\Downloads\\MARKOUB PROJECT\\MARKOUB\\backend\\vendor\\laravel\\framework\\src\\Illuminate\\Routing\\Router.php(807): Illuminate\\Pipeline\\Pipeline->then(Object(Closure))
#24 C:\\Users\\DELL\\Downloads\\MARKOUB PROJECT\\MARKOUB\\backend\\vendor\\laravel\\framework\\src\\Illuminate\\Routing\\Router.php(786): Illuminate\\Routing\\Router->runRouteWithinStack(Object(Illuminate\\Routing\\Route), Object(Illuminate\\Http\\Request))
#25 C:\\Users\\DELL\\Downloads\\MARKOUB PROJECT\\MARKOUB\\backend\\vendor\\laravel\\framework\\src\\Illuminate\\Routing\\Router.php(750): Illuminate\\Routing\\Router->runRoute(Object(Illuminate\\Http\\Request), Object(Illuminate\\Routing\\Route))
#26 C:\\Users\\DELL\\Downloads\\MARKOUB PROJECT\\MARKOUB\\backend\\vendor\\laravel\\framework\\src\\Illuminate\\Routing\\Router.php(739): Illuminate\\Routing\\Router->dispatchToRoute(Object(Illuminate\\Http\\Request))
#27 C:\\Users\\DELL\\Downloads\\MARKOUB PROJECT\\MARKOUB\\backend\\vendor\\laravel\\framework\\src\\Illuminate\\Foundation\\Http\\Kernel.php(201): Illuminate\\Routing\\Router->dispatch(Object(Illuminate\\Http\\Request))
#28 C:\\Users\\DELL\\Downloads\\MARKOUB PROJECT\\MARKOUB\\backend\\vendor\\laravel\\framework\\src\\Illuminate\\Pipeline\\Pipeline.php(170): Illuminate\\Foundation\\Http\\Kernel->Illuminate\\Foundation\\Http\\{closure}(Object(Illuminate\\Http\\Request))
#29 C:\\Users\\DELL\\Downloads\\MARKOUB PROJECT\\MARKOUB\\backend\\vendor\\laravel\\framework\\src\\Illuminate\\Foundation\\Http\\Middleware\\TransformsRequest.php(21): Illuminate\\Pipeline\\Pipeline->Illuminate\\Pipeline\\{closure}(Object(Illuminate\\Http\\Request))
#30 C:\\Users\\DELL\\Downloads\\MARKOUB PROJECT\\MARKOUB\\backend\\vendor\\laravel\\framework\\src\\Illuminate\\Foundation\\Http\\Middleware\\ConvertEmptyStringsToNull.php(31): Illuminate\\Foundation\\Http\\Middleware\\TransformsRequest->handle(Object(Illuminate\\Http\\Request), Object(Closure))
#31 C:\\Users\\DELL\\Downloads\\MARKOUB PROJECT\\MARKOUB\\backend\\vendor\\laravel\\framework\\src\\Illuminate\\Pipeline\\Pipeline.php(209): Illuminate\\Foundation\\Http\\Middleware\\ConvertEmptyStringsToNull->handle(Object(Illuminate\\Http\\Request), Object(Closure))
#32 C:\\Users\\DELL\\Downloads\\MARKOUB PROJECT\\MARKOUB\\backend\\vendor\\laravel\\framework\\src\\Illuminate\\Foundation\\Http\\Middleware\\TransformsRequest.php(21): Illuminate\\Pipeline\\Pipeline->Illuminate\\Pipeline\\{closure}(Object(Illuminate\\Http\\Request))
#33 C:\\Users\\DELL\\Downloads\\MARKOUB PROJECT\\MARKOUB\\backend\\vendor\\laravel\\framework\\src\\Illuminate\\Foundation\\Http\\Middleware\\TrimStrings.php(51): Illuminate\\Foundation\\Http\\Middleware\\TransformsRequest->handle(Object(Illuminate\\Http\\Request), Object(Closure))
#34 C:\\Users\\DELL\\Downloads\\MARKOUB PROJECT\\MARKOUB\\backend\\vendor\\laravel\\framework\\src\\Illuminate\\Pipeline\\Pipeline.php(209): Illuminate\\Foundation\\Http\\Middleware\\TrimStrings->handle(Object(Illuminate\\Http\\Request), Object(Closure))
#35 C:\\Users\\DELL\\Downloads\\MARKOUB PROJECT\\MARKOUB\\backend\\vendor\\laravel\\framework\\src\\Illuminate\\Http\\Middleware\\ValidatePostSize.php(27): Illuminate\\Pipeline\\Pipeline->Illuminate\\Pipeline\\{closure}(Object(Illuminate\\Http\\Request))
#36 C:\\Users\\DELL\\Downloads\\MARKOUB PROJECT\\MARKOUB\\backend\\vendor\\laravel\\framework\\src\\Illuminate\\Pipeline\\Pipeline.php(209): Illuminate\\Http\\Middleware\\ValidatePostSize->handle(Object(Illuminate\\Http\\Request), Object(Closure))
#37 C:\\Users\\DELL\\Downloads\\MARKOUB PROJECT\\MARKOUB\\backend\\vendor\\laravel\\framework\\src\\Illuminate\\Foundation\\Http\\Middleware\\PreventRequestsDuringMaintenance.php(110): Illuminate\\Pipeline\\Pipeline->Illuminate\\Pipeline\\{closure}(Object(Illuminate\\Http\\Request))
#38 C:\\Users\\DELL\\Downloads\\MARKOUB PROJECT\\MARKOUB\\backend\\vendor\\laravel\\framework\\src\\Illuminate\\Pipeline\\Pipeline.php(209): Illuminate\\Foundation\\Http\\Middleware\\PreventRequestsDuringMaintenance->handle(Object(Illuminate\\Http\\Request), Object(Closure))
#39 C:\\Users\\DELL\\Downloads\\MARKOUB PROJECT\\MARKOUB\\backend\\vendor\\laravel\\framework\\src\\Illuminate\\Http\\Middleware\\HandleCors.php(62): Illuminate\\Pipeline\\Pipeline->Illuminate\\Pipeline\\{closure}(Object(Illuminate\\Http\\Request))
#40 C:\\Users\\DELL\\Downloads\\MARKOUB PROJECT\\MARKOUB\\backend\\vendor\\laravel\\framework\\src\\Illuminate\\Pipeline\\Pipeline.php(209): Illuminate\\Http\\Middleware\\HandleCors->handle(Object(Illuminate\\Http\\Request), Object(Closure))
#41 C:\\Users\\DELL\\Downloads\\MARKOUB PROJECT\\MARKOUB\\backend\\vendor\\laravel\\framework\\src\\Illuminate\\Http\\Middleware\\TrustProxies.php(58): Illuminate\\Pipeline\\Pipeline->Illuminate\\Pipeline\\{closure}(Object(Illuminate\\Http\\Request))
#42 C:\\Users\\DELL\\Downloads\\MARKOUB PROJECT\\MARKOUB\\backend\\vendor\\laravel\\framework\\src\\Illuminate\\Pipeline\\Pipeline.php(209): Illuminate\\Http\\Middleware\\TrustProxies->handle(Object(Illuminate\\Http\\Request), Object(Closure))
#43 C:\\Users\\DELL\\Downloads\\MARKOUB PROJECT\\MARKOUB\\backend\\vendor\\laravel\\framework\\src\\Illuminate\\Foundation\\Http\\Middleware\\InvokeDeferredCallbacks.php(22): Illuminate\\Pipeline\\Pipeline->Illuminate\\Pipeline\\{closure}(Object(Illuminate\\Http\\Request))
#44 C:\\Users\\DELL\\Downloads\\MARKOUB PROJECT\\MARKOUB\\backend\\vendor\\laravel\\framework\\src\\Illuminate\\Pipeline\\Pipeline.php(209): Illuminate\\Foundation\\Http\\Middleware\\InvokeDeferredCallbacks->handle(Object(Illuminate\\Http\\Request), Object(Closure))
#45 C:\\Users\\DELL\\Downloads\\MARKOUB PROJECT\\MARKOUB\\backend\\vendor\\laravel\\framework\\src\\Illuminate\\Pipeline\\Pipeline.php(127): Illuminate\\Pipeline\\Pipeline->Illuminate\\Pipeline\\{closure}(Object(Illuminate\\Http\\Request))
#46 C:\\Users\\DELL\\Downloads\\MARKOUB PROJECT\\MARKOUB\\backend\\vendor\\laravel\\framework\\src\\Illuminate\\Foundation\\Http\\Kernel.php(176): Illuminate\\Pipeline\\Pipeline->then(Object(Closure))
#47 C:\\Users\\DELL\\Downloads\\MARKOUB PROJECT\\MARKOUB\\backend\\vendor\\laravel\\framework\\src\\Illuminate\\Foundation\\Http\\Kernel.php(145): Illuminate\\Foundation\\Http\\Kernel->sendRequestThroughRouter(Object(Illuminate\\Http\\Request))
#48 C:\\Users\\DELL\\Downloads\\MARKOUB PROJECT\\MARKOUB\\backend\\vendor\\laravel\\framework\\src\\Illuminate\\Foundation\\Application.php(1220): Illuminate\\Foundation\\Http\\Kernel->handle(Object(Illuminate\\Http\\Request))
#49 C:\\Users\\DELL\\Downloads\\MARKOUB PROJECT\\MARKOUB\\backend\\public\\index.php(17): Illuminate\\Foundation\\Application->handleRequest(Object(Illuminate\\Http\\Request))
#50 C:\\Users\\DELL\\Downloads\\MARKOUB PROJECT\\MARKOUB\\backend\\vendor\\laravel\\framework\\src\\Illuminate\\Foundation\\resources\\server.php(23): require_once('C:\\\\Users\\\\DELL\\\\D...')
#51 {main}
"} 
[2025-11-01 22:54:48] local.ERROR: SQLSTATE[01000]: Warning: 1265 Data truncated for column 'status' at row 1 (Connection: mysql, SQL: update `rides` set `status` = in_road, `rides`.`updated_at` = 2025-11-01 22:54:48 where `id` = 4) {"userId":7,"exception":"[object] (Illuminate\\Database\\QueryException(code: 01000): SQLSTATE[01000]: Warning: 1265 Data truncated for column 'status' at row 1 (Connection: mysql, SQL: update `rides` set `status` = in_road, `rides`.`updated_at` = 2025-11-01 22:54:48 where `id` = 4) at C:\\Users\\DELL\\Downloads\\MARKOUB PROJECT\\MARKOUB\\backend\\vendor\\laravel\\framework\\src\\Illuminate\\Database\\Connection.php:825)
[stacktrace]
#0 C:\\Users\\DELL\\Downloads\\MARKOUB PROJECT\\MARKOUB\\backend\\vendor\\laravel\\framework\\src\\Illuminate\\Database\\Connection.php(779): Illuminate\\Database\\Connection->runQueryCallback('update `rides` ...', Array, Object(Closure))
#1 C:\\Users\\DELL\\Downloads\\MARKOUB PROJECT\\MARKOUB\\backend\\vendor\\laravel\\framework\\src\\Illuminate\\Database\\Connection.php(584): Illuminate\\Database\\Connection->run('update `rides` ...', Array, Object(Closure))
#2 C:\\Users\\DELL\\Downloads\\MARKOUB PROJECT\\MARKOUB\\backend\\vendor\\laravel\\framework\\src\\Illuminate\\Database\\Connection.php(536): Illuminate\\Database\\Connection->affectingStatement('update `rides` ...', Array)
#3 C:\\Users\\DELL\\Downloads\\MARKOUB PROJECT\\MARKOUB\\backend\\vendor\\laravel\\framework\\src\\Illuminate\\Database\\Query\\Builder.php(3830): Illuminate\\Database\\Connection->update('update `rides` ...', Array)
#4 C:\\Users\\DELL\\Downloads\\MARKOUB PROJECT\\MARKOUB\\backend\\vendor\\laravel\\framework\\src\\Illuminate\\Database\\Eloquent\\Builder.php(1175): Illuminate\\Database\\Query\\Builder->update(Object(Illuminate\\Support\\Collection))
#5 C:\\Users\\DELL\\Downloads\\MARKOUB PROJECT\\MARKOUB\\backend\\vendor\\laravel\\framework\\src\\Illuminate\\Database\\Eloquent\\Model.php(1239): Illuminate\\Database\\Eloquent\\Builder->update(Array)
#6 C:\\Users\\DELL\\Downloads\\MARKOUB PROJECT\\MARKOUB\\backend\\vendor\\laravel\\framework\\src\\Illuminate\\Database\\Eloquent\\Model.php(1156): Illuminate\\Database\\Eloquent\\Model->performUpdate(Object(Illuminate\\Database\\Eloquent\\Builder))
#7 C:\\Users\\DELL\\Downloads\\MARKOUB PROJECT\\MARKOUB\\backend\\vendor\\laravel\\framework\\src\\Illuminate\\Database\\Eloquent\\Model.php(1014): Illuminate\\Database\\Eloquent\\Model->save(Array)
#8 C:\\Users\\DELL\\Downloads\\MARKOUB PROJECT\\MARKOUB\\backend\\app\\Http\\Controllers\\Api\\V1\\RideController.php(174): Illuminate\\Database\\Eloquent\\Model->update(Array)
#9 C:\\Users\\DELL\\Downloads\\MARKOUB PROJECT\\MARKOUB\\backend\\vendor\\laravel\\framework\\src\\Illuminate\\Routing\\ControllerDispatcher.php(47): App\\Http\\Controllers\\Api\\V1\\RideController->update(Object(Illuminate\\Http\\Request), '4')
#10 C:\\Users\\DELL\\Downloads\\MARKOUB PROJECT\\MARKOUB\\backend\\vendor\\laravel\\framework\\src\\Illuminate\\Routing\\Route.php(266): Illuminate\\Routing\\ControllerDispatcher->dispatch(Object(Illuminate\\Routing\\Route), Object(App\\Http\\Controllers\\Api\\V1\\RideController), 'update')
#11 C:\\Users\\DELL\\Downloads\\MARKOUB PROJECT\\MARKOUB\\backend\\vendor\\laravel\\framework\\src\\Illuminate\\Routing\\Route.php(212): Illuminate\\Routing\\Route->runController()
#12 C:\\Users\\DELL\\Downloads\\MARKOUB PROJECT\\MARKOUB\\backend\\vendor\\laravel\\framework\\src\\Illuminate\\Routing\\Router.php(808): Illuminate\\Routing\\Route->run()
#13 C:\\Users\\DELL\\Downloads\\MARKOUB PROJECT\\MARKOUB\\backend\\vendor\\laravel\\framework\\src\\Illuminate\\Pipeline\\Pipeline.php(170): Illuminate\\Routing\\Router->Illuminate\\Routing\\{closure}(Object(Illuminate\\Http\\Request))
#14 C:\\Users\\DELL\\Downloads\\MARKOUB PROJECT\\MARKOUB\\backend\\vendor\\laravel\\framework\\src\\Illuminate\\Routing\\Middleware\\SubstituteBindings.php(51): Illuminate\\Pipeline\\Pipeline->Illuminate\\Pipeline\\{closure}(Object(Illuminate\\Http\\Request))
#15 C:\\Users\\DELL\\Downloads\\MARKOUB PROJECT\\MARKOUB\\backend\\vendor\\laravel\\framework\\src\\Illuminate\\Pipeline\\Pipeline.php(209): Illuminate\\Routing\\Middleware\\SubstituteBindings->handle(Object(Illuminate\\Http\\Request), Object(Closure))
#16 C:\\Users\\DELL\\Downloads\\MARKOUB PROJECT\\MARKOUB\\backend\\vendor\\laravel\\framework\\src\\Illuminate\\Auth\\Middleware\\Authenticate.php(64): Illuminate\\Pipeline\\Pipeline->Illuminate\\Pipeline\\{closure}(Object(Illuminate\\Http\\Request))
#17 C:\\Users\\DELL\\Downloads\\MARKOUB PROJECT\\MARKOUB\\backend\\vendor\\laravel\\framework\\src\\Illuminate\\Pipeline\\Pipeline.php(209): Illuminate\\Auth\\Middleware\\Authenticate->handle(Object(Illuminate\\Http\\Request), Object(Closure), 'api')
#18 C:\\Users\\DELL\\Downloads\\MARKOUB PROJECT\\MARKOUB\\backend\\vendor\\laravel\\framework\\src\\Illuminate\\Http\\Middleware\\HandleCors.php(62): Illuminate\\Pipeline\\Pipeline->Illuminate\\Pipeline\\{closure}(Object(Illuminate\\Http\\Request))
#19 C:\\Users\\DELL\\Downloads\\MARKOUB PROJECT\\MARKOUB\\backend\\vendor\\laravel\\framework\\src\\Illuminate\\Pipeline\\Pipeline.php(209): Illuminate\\Http\\Middleware\\HandleCors->handle(Object(Illuminate\\Http\\Request), Object(Closure))
#20 C:\\Users\\DELL\\Downloads\\MARKOUB PROJECT\\MARKOUB\\backend\\vendor\\laravel\\framework\\src\\Illuminate\\Pipeline\\Pipeline.php(127): Illuminate\\Pipeline\\Pipeline->Illuminate\\Pipeline\\{closure}(Object(Illuminate\\Http\\Request))
#21 C:\\Users\\DELL\\Downloads\\MARKOUB PROJECT\\MARKOUB\\backend\\vendor\\laravel\\framework\\src\\Illuminate\\Routing\\Router.php(807): Illuminate\\Pipeline\\Pipeline->then(Object(Closure))
#22 C:\\Users\\DELL\\Downloads\\MARKOUB PROJECT\\MARKOUB\\backend\\vendor\\laravel\\framework\\src\\Illuminate\\Routing\\Router.php(786): Illuminate\\Routing\\Router->runRouteWithinStack(Object(Illuminate\\Routing\\Route), Object(Illuminate\\Http\\Request))
#23 C:\\Users\\DELL\\Downloads\\MARKOUB PROJECT\\MARKOUB\\backend\\vendor\\laravel\\framework\\src\\Illuminate\\Routing\\Router.php(750): Illuminate\\Routing\\Router->runRoute(Object(Illuminate\\Http\\Request), Object(Illuminate\\Routing\\Route))
#24 C:\\Users\\DELL\\Downloads\\MARKOUB PROJECT\\MARKOUB\\backend\\vendor\\laravel\\framework\\src\\Illuminate\\Routing\\Router.php(739): Illuminate\\Routing\\Router->dispatchToRoute(Object(Illuminate\\Http\\Request))
#25 C:\\Users\\DELL\\Downloads\\MARKOUB PROJECT\\MARKOUB\\backend\\vendor\\laravel\\framework\\src\\Illuminate\\Foundation\\Http\\Kernel.php(201): Illuminate\\Routing\\Router->dispatch(Object(Illuminate\\Http\\Request))
#26 C:\\Users\\DELL\\Downloads\\MARKOUB PROJECT\\MARKOUB\\backend\\vendor\\laravel\\framework\\src\\Illuminate\\Pipeline\\Pipeline.php(170): Illuminate\\Foundation\\Http\\Kernel->Illuminate\\Foundation\\Http\\{closure}(Object(Illuminate\\Http\\Request))
#27 C:\\Users\\DELL\\Downloads\\MARKOUB PROJECT\\MARKOUB\\backend\\vendor\\laravel\\framework\\src\\Illuminate\\Foundation\\Http\\Middleware\\TransformsRequest.php(21): Illuminate\\Pipeline\\Pipeline->Illuminate\\Pipeline\\{closure}(Object(Illuminate\\Http\\Request))
#28 C:\\Users\\DELL\\Downloads\\MARKOUB PROJECT\\MARKOUB\\backend\\vendor\\laravel\\framework\\src\\Illuminate\\Foundation\\Http\\Middleware\\ConvertEmptyStringsToNull.php(31): Illuminate\\Foundation\\Http\\Middleware\\TransformsRequest->handle(Object(Illuminate\\Http\\Request), Object(Closure))
#29 C:\\Users\\DELL\\Downloads\\MARKOUB PROJECT\\MARKOUB\\backend\\vendor\\laravel\\framework\\src\\Illuminate\\Pipeline\\Pipeline.php(209): Illuminate\\Foundation\\Http\\Middleware\\ConvertEmptyStringsToNull->handle(Object(Illuminate\\Http\\Request), Object(Closure))
#30 C:\\Users\\DELL\\Downloads\\MARKOUB PROJECT\\MARKOUB\\backend\\vendor\\laravel\\framework\\src\\Illuminate\\Foundation\\Http\\Middleware\\TransformsRequest.php(21): Illuminate\\Pipeline\\Pipeline->Illuminate\\Pipeline\\{closure}(Object(Illuminate\\Http\\Request))
#31 C:\\Users\\DELL\\Downloads\\MARKOUB PROJECT\\MARKOUB\\backend\\vendor\\laravel\\framework\\src\\Illuminate\\Foundation\\Http\\Middleware\\TrimStrings.php(51): Illuminate\\Foundation\\Http\\Middleware\\TransformsRequest->handle(Object(Illuminate\\Http\\Request), Object(Closure))
#32 C:\\Users\\DELL\\Downloads\\MARKOUB PROJECT\\MARKOUB\\backend\\vendor\\laravel\\framework\\src\\Illuminate\\Pipeline\\Pipeline.php(209): Illuminate\\Foundation\\Http\\Middleware\\TrimStrings->handle(Object(Illuminate\\Http\\Request), Object(Closure))
#33 C:\\Users\\DELL\\Downloads\\MARKOUB PROJECT\\MARKOUB\\backend\\vendor\\laravel\\framework\\src\\Illuminate\\Http\\Middleware\\ValidatePostSize.php(27): Illuminate\\Pipeline\\Pipeline->Illuminate\\Pipeline\\{closure}(Object(Illuminate\\Http\\Request))
#34 C:\\Users\\DELL\\Downloads\\MARKOUB PROJECT\\MARKOUB\\backend\\vendor\\laravel\\framework\\src\\Illuminate\\Pipeline\\Pipeline.php(209): Illuminate\\Http\\Middleware\\ValidatePostSize->handle(Object(Illuminate\\Http\\Request), Object(Closure))
#35 C:\\Users\\DELL\\Downloads\\MARKOUB PROJECT\\MARKOUB\\backend\\vendor\\laravel\\framework\\src\\Illuminate\\Foundation\\Http\\Middleware\\PreventRequestsDuringMaintenance.php(110): Illuminate\\Pipeline\\Pipeline->Illuminate\\Pipeline\\{closure}(Object(Illuminate\\Http\\Request))
#36 C:\\Users\\DELL\\Downloads\\MARKOUB PROJECT\\MARKOUB\\backend\\vendor\\laravel\\framework\\src\\Illuminate\\Pipeline\\Pipeline.php(209): Illuminate\\Foundation\\Http\\Middleware\\PreventRequestsDuringMaintenance->handle(Object(Illuminate\\Http\\Request), Object(Closure))
#37 C:\\Users\\DELL\\Downloads\\MARKOUB PROJECT\\MARKOUB\\backend\\vendor\\laravel\\framework\\src\\Illuminate\\Http\\Middleware\\HandleCors.php(62): Illuminate\\Pipeline\\Pipeline->Illuminate\\Pipeline\\{closure}(Object(Illuminate\\Http\\Request))
#38 C:\\Users\\DELL\\Downloads\\MARKOUB PROJECT\\MARKOUB\\backend\\vendor\\laravel\\framework\\src\\Illuminate\\Pipeline\\Pipeline.php(209): Illuminate\\Http\\Middleware\\HandleCors->handle(Object(Illuminate\\Http\\Request), Object(Closure))
#39 C:\\Users\\DELL\\Downloads\\MARKOUB PROJECT\\MARKOUB\\backend\\vendor\\laravel\\framework\\src\\Illuminate\\Http\\Middleware\\TrustProxies.php(58): Illuminate\\Pipeline\\Pipeline->Illuminate\\Pipeline\\{closure}(Object(Illuminate\\Http\\Request))
#40 C:\\Users\\DELL\\Downloads\\MARKOUB PROJECT\\MARKOUB\\backend\\vendor\\laravel\\framework\\src\\Illuminate\\Pipeline\\Pipeline.php(209): Illuminate\\Http\\Middleware\\TrustProxies->handle(Object(Illuminate\\Http\\Request), Object(Closure))
#41 C:\\Users\\DELL\\Downloads\\MARKOUB PROJECT\\MARKOUB\\backend\\vendor\\laravel\\framework\\src\\Illuminate\\Foundation\\Http\\Middleware\\InvokeDeferredCallbacks.php(22): Illuminate\\Pipeline\\Pipeline->Illuminate\\Pipeline\\{closure}(Object(Illuminate\\Http\\Request))
#42 C:\\Users\\DELL\\Downloads\\MARKOUB PROJECT\\MARKOUB\\backend\\vendor\\laravel\\framework\\src\\Illuminate\\Pipeline\\Pipeline.php(209): Illuminate\\Foundation\\Http\\Middleware\\InvokeDeferredCallbacks->handle(Object(Illuminate\\Http\\Request), Object(Closure))
#43 C:\\Users\\DELL\\Downloads\\MARKOUB PROJECT\\MARKOUB\\backend\\vendor\\laravel\\framework\\src\\Illuminate\\Pipeline\\Pipeline.php(127): Illuminate\\Pipeline\\Pipeline->Illuminate\\Pipeline\\{closure}(Object(Illuminate\\Http\\Request))
#44 C:\\Users\\DELL\\Downloads\\MARKOUB PROJECT\\MARKOUB\\backend\\vendor\\laravel\\framework\\src\\Illuminate\\Foundation\\Http\\Kernel.php(176): Illuminate\\Pipeline\\Pipeline->then(Object(Closure))
#45 C:\\Users\\DELL\\Downloads\\MARKOUB PROJECT\\MARKOUB\\backend\\vendor\\laravel\\framework\\src\\Illuminate\\Foundation\\Http\\Kernel.php(145): Illuminate\\Foundation\\Http\\Kernel->sendRequestThroughRouter(Object(Illuminate\\Http\\Request))
#46 C:\\Users\\DELL\\Downloads\\MARKOUB PROJECT\\MARKOUB\\backend\\vendor\\laravel\\framework\\src\\Illuminate\\Foundation\\Application.php(1220): Illuminate\\Foundation\\Http\\Kernel->handle(Object(Illuminate\\Http\\Request))
#47 C:\\Users\\DELL\\Downloads\\MARKOUB PROJECT\\MARKOUB\\backend\\public\\index.php(17): Illuminate\\Foundation\\Application->handleRequest(Object(Illuminate\\Http\\Request))
#48 C:\\Users\\DELL\\Downloads\\MARKOUB PROJECT\\MARKOUB\\backend\\vendor\\laravel\\framework\\src\\Illuminate\\Foundation\\resources\\server.php(23): require_once('C:\\\\Users\\\\DELL\\\\D...')
#49 {main}

[previous exception] [object] (PDOException(code: 01000): SQLSTATE[01000]: Warning: 1265 Data truncated for column 'status' at row 1 at C:\\Users\\DELL\\Downloads\\MARKOUB PROJECT\\MARKOUB\\backend\\vendor\\laravel\\framework\\src\\Illuminate\\Database\\Connection.php:596)
[stacktrace]
#0 C:\\Users\\DELL\\Downloads\\MARKOUB PROJECT\\MARKOUB\\backend\\vendor\\laravel\\framework\\src\\Illuminate\\Database\\Connection.php(596): PDOStatement->execute()
#1 C:\\Users\\DELL\\Downloads\\MARKOUB PROJECT\\MARKOUB\\backend\\vendor\\laravel\\framework\\src\\Illuminate\\Database\\Connection.php(812): Illuminate\\Database\\Connection->Illuminate\\Database\\{closure}('update `rides` ...', Array)
#2 C:\\Users\\DELL\\Downloads\\MARKOUB PROJECT\\MARKOUB\\backend\\vendor\\laravel\\framework\\src\\Illuminate\\Database\\Connection.php(779): Illuminate\\Database\\Connection->runQueryCallback('update `rides` ...', Array, Object(Closure))
#3 C:\\Users\\DELL\\Downloads\\MARKOUB PROJECT\\MARKOUB\\backend\\vendor\\laravel\\framework\\src\\Illuminate\\Database\\Connection.php(584): Illuminate\\Database\\Connection->run('update `rides` ...', Array, Object(Closure))
#4 C:\\Users\\DELL\\Downloads\\MARKOUB PROJECT\\MARKOUB\\backend\\vendor\\laravel\\framework\\src\\Illuminate\\Database\\Connection.php(536): Illuminate\\Database\\Connection->affectingStatement('update `rides` ...', Array)
#5 C:\\Users\\DELL\\Downloads\\MARKOUB PROJECT\\MARKOUB\\backend\\vendor\\laravel\\framework\\src\\Illuminate\\Database\\Query\\Builder.php(3830): Illuminate\\Database\\Connection->update('update `rides` ...', Array)
#6 C:\\Users\\DELL\\Downloads\\MARKOUB PROJECT\\MARKOUB\\backend\\vendor\\laravel\\framework\\src\\Illuminate\\Database\\Eloquent\\Builder.php(1175): Illuminate\\Database\\Query\\Builder->update(Object(Illuminate\\Support\\Collection))
#7 C:\\Users\\DELL\\Downloads\\MARKOUB PROJECT\\MARKOUB\\backend\\vendor\\laravel\\framework\\src\\Illuminate\\Database\\Eloquent\\Model.php(1239): Illuminate\\Database\\Eloquent\\Builder->update(Array)
#8 C:\\Users\\DELL\\Downloads\\MARKOUB PROJECT\\MARKOUB\\backend\\vendor\\laravel\\framework\\src\\Illuminate\\Database\\Eloquent\\Model.php(1156): Illuminate\\Database\\Eloquent\\Model->performUpdate(Object(Illuminate\\Database\\Eloquent\\Builder))
#9 C:\\Users\\DELL\\Downloads\\MARKOUB PROJECT\\MARKOUB\\backend\\vendor\\laravel\\framework\\src\\Illuminate\\Database\\Eloquent\\Model.php(1014): Illuminate\\Database\\Eloquent\\Model->save(Array)
#10 C:\\Users\\DELL\\Downloads\\MARKOUB PROJECT\\MARKOUB\\backend\\app\\Http\\Controllers\\Api\\V1\\RideController.php(174): Illuminate\\Database\\Eloquent\\Model->update(Array)
#11 C:\\Users\\DELL\\Downloads\\MARKOUB PROJECT\\MARKOUB\\backend\\vendor\\laravel\\framework\\src\\Illuminate\\Routing\\ControllerDispatcher.php(47): App\\Http\\Controllers\\Api\\V1\\RideController->update(Object(Illuminate\\Http\\Request), '4')
#12 C:\\Users\\DELL\\Downloads\\MARKOUB PROJECT\\MARKOUB\\backend\\vendor\\laravel\\framework\\src\\Illuminate\\Routing\\Route.php(266): Illuminate\\Routing\\ControllerDispatcher->dispatch(Object(Illuminate\\Routing\\Route), Object(App\\Http\\Controllers\\Api\\V1\\RideController), 'update')
#13 C:\\Users\\DELL\\Downloads\\MARKOUB PROJECT\\MARKOUB\\backend\\vendor\\laravel\\framework\\src\\Illuminate\\Routing\\Route.php(212): Illuminate\\Routing\\Route->runController()
#14 C:\\Users\\DELL\\Downloads\\MARKOUB PROJECT\\MARKOUB\\backend\\vendor\\laravel\\framework\\src\\Illuminate\\Routing\\Router.php(808): Illuminate\\Routing\\Route->run()
#15 C:\\Users\\DELL\\Downloads\\MARKOUB PROJECT\\MARKOUB\\backend\\vendor\\laravel\\framework\\src\\Illuminate\\Pipeline\\Pipeline.php(170): Illuminate\\Routing\\Router->Illuminate\\Routing\\{closure}(Object(Illuminate\\Http\\Request))
#16 C:\\Users\\DELL\\Downloads\\MARKOUB PROJECT\\MARKOUB\\backend\\vendor\\laravel\\framework\\src\\Illuminate\\Routing\\Middleware\\SubstituteBindings.php(51): Illuminate\\Pipeline\\Pipeline->Illuminate\\Pipeline\\{closure}(Object(Illuminate\\Http\\Request))
#17 C:\\Users\\DELL\\Downloads\\MARKOUB PROJECT\\MARKOUB\\backend\\vendor\\laravel\\framework\\src\\Illuminate\\Pipeline\\Pipeline.php(209): Illuminate\\Routing\\Middleware\\SubstituteBindings->handle(Object(Illuminate\\Http\\Request), Object(Closure))
#18 C:\\Users\\DELL\\Downloads\\MARKOUB PROJECT\\MARKOUB\\backend\\vendor\\laravel\\framework\\src\\Illuminate\\Auth\\Middleware\\Authenticate.php(64): Illuminate\\Pipeline\\Pipeline->Illuminate\\Pipeline\\{closure}(Object(Illuminate\\Http\\Request))
#19 C:\\Users\\DELL\\Downloads\\MARKOUB PROJECT\\MARKOUB\\backend\\vendor\\laravel\\framework\\src\\Illuminate\\Pipeline\\Pipeline.php(209): Illuminate\\Auth\\Middleware\\Authenticate->handle(Object(Illuminate\\Http\\Request), Object(Closure), 'api')
#20 C:\\Users\\DELL\\Downloads\\MARKOUB PROJECT\\MARKOUB\\backend\\vendor\\laravel\\framework\\src\\Illuminate\\Http\\Middleware\\HandleCors.php(62): Illuminate\\Pipeline\\Pipeline->Illuminate\\Pipeline\\{closure}(Object(Illuminate\\Http\\Request))
#21 C:\\Users\\DELL\\Downloads\\MARKOUB PROJECT\\MARKOUB\\backend\\vendor\\laravel\\framework\\src\\Illuminate\\Pipeline\\Pipeline.php(209): Illuminate\\Http\\Middleware\\HandleCors->handle(Object(Illuminate\\Http\\Request), Object(Closure))
#22 C:\\Users\\DELL\\Downloads\\MARKOUB PROJECT\\MARKOUB\\backend\\vendor\\laravel\\framework\\src\\Illuminate\\Pipeline\\Pipeline.php(127): Illuminate\\Pipeline\\Pipeline->Illuminate\\Pipeline\\{closure}(Object(Illuminate\\Http\\Request))
#23 C:\\Users\\DELL\\Downloads\\MARKOUB PROJECT\\MARKOUB\\backend\\vendor\\laravel\\framework\\src\\Illuminate\\Routing\\Router.php(807): Illuminate\\Pipeline\\Pipeline->then(Object(Closure))
#24 C:\\Users\\DELL\\Downloads\\MARKOUB PROJECT\\MARKOUB\\backend\\vendor\\laravel\\framework\\src\\Illuminate\\Routing\\Router.php(786): Illuminate\\Routing\\Router->runRouteWithinStack(Object(Illuminate\\Routing\\Route), Object(Illuminate\\Http\\Request))
#25 C:\\Users\\DELL\\Downloads\\MARKOUB PROJECT\\MARKOUB\\backend\\vendor\\laravel\\framework\\src\\Illuminate\\Routing\\Router.php(750): Illuminate\\Routing\\Router->runRoute(Object(Illuminate\\Http\\Request), Object(Illuminate\\Routing\\Route))
#26 C:\\Users\\DELL\\Downloads\\MARKOUB PROJECT\\MARKOUB\\backend\\vendor\\laravel\\framework\\src\\Illuminate\\Routing\\Router.php(739): Illuminate\\Routing\\Router->dispatchToRoute(Object(Illuminate\\Http\\Request))
#27 C:\\Users\\DELL\\Downloads\\MARKOUB PROJECT\\MARKOUB\\backend\\vendor\\laravel\\framework\\src\\Illuminate\\Foundation\\Http\\Kernel.php(201): Illuminate\\Routing\\Router->dispatch(Object(Illuminate\\Http\\Request))
#28 C:\\Users\\DELL\\Downloads\\MARKOUB PROJECT\\MARKOUB\\backend\\vendor\\laravel\\framework\\src\\Illuminate\\Pipeline\\Pipeline.php(170): Illuminate\\Foundation\\Http\\Kernel->Illuminate\\Foundation\\Http\\{closure}(Object(Illuminate\\Http\\Request))
#29 C:\\Users\\DELL\\Downloads\\MARKOUB PROJECT\\MARKOUB\\backend\\vendor\\laravel\\framework\\src\\Illuminate\\Foundation\\Http\\Middleware\\TransformsRequest.php(21): Illuminate\\Pipeline\\Pipeline->Illuminate\\Pipeline\\{closure}(Object(Illuminate\\Http\\Request))
#30 C:\\Users\\DELL\\Downloads\\MARKOUB PROJECT\\MARKOUB\\backend\\vendor\\laravel\\framework\\src\\Illuminate\\Foundation\\Http\\Middleware\\ConvertEmptyStringsToNull.php(31): Illuminate\\Foundation\\Http\\Middleware\\TransformsRequest->handle(Object(Illuminate\\Http\\Request), Object(Closure))
#31 C:\\Users\\DELL\\Downloads\\MARKOUB PROJECT\\MARKOUB\\backend\\vendor\\laravel\\framework\\src\\Illuminate\\Pipeline\\Pipeline.php(209): Illuminate\\Foundation\\Http\\Middleware\\ConvertEmptyStringsToNull->handle(Object(Illuminate\\Http\\Request), Object(Closure))
#32 C:\\Users\\DELL\\Downloads\\MARKOUB PROJECT\\MARKOUB\\backend\\vendor\\laravel\\framework\\src\\Illuminate\\Foundation\\Http\\Middleware\\TransformsRequest.php(21): Illuminate\\Pipeline\\Pipeline->Illuminate\\Pipeline\\{closure}(Object(Illuminate\\Http\\Request))
#33 C:\\Users\\DELL\\Downloads\\MARKOUB PROJECT\\MARKOUB\\backend\\vendor\\laravel\\framework\\src\\Illuminate\\Foundation\\Http\\Middleware\\TrimStrings.php(51): Illuminate\\Foundation\\Http\\Middleware\\TransformsRequest->handle(Object(Illuminate\\Http\\Request), Object(Closure))
#34 C:\\Users\\DELL\\Downloads\\MARKOUB PROJECT\\MARKOUB\\backend\\vendor\\laravel\\framework\\src\\Illuminate\\Pipeline\\Pipeline.php(209): Illuminate\\Foundation\\Http\\Middleware\\TrimStrings->handle(Object(Illuminate\\Http\\Request), Object(Closure))
#35 C:\\Users\\DELL\\Downloads\\MARKOUB PROJECT\\MARKOUB\\backend\\vendor\\laravel\\framework\\src\\Illuminate\\Http\\Middleware\\ValidatePostSize.php(27): Illuminate\\Pipeline\\Pipeline->Illuminate\\Pipeline\\{closure}(Object(Illuminate\\Http\\Request))
#36 C:\\Users\\DELL\\Downloads\\MARKOUB PROJECT\\MARKOUB\\backend\\vendor\\laravel\\framework\\src\\Illuminate\\Pipeline\\Pipeline.php(209): Illuminate\\Http\\Middleware\\ValidatePostSize->handle(Object(Illuminate\\Http\\Request), Object(Closure))
#37 C:\\Users\\DELL\\Downloads\\MARKOUB PROJECT\\MARKOUB\\backend\\vendor\\laravel\\framework\\src\\Illuminate\\Foundation\\Http\\Middleware\\PreventRequestsDuringMaintenance.php(110): Illuminate\\Pipeline\\Pipeline->Illuminate\\Pipeline\\{closure}(Object(Illuminate\\Http\\Request))
#38 C:\\Users\\DELL\\Downloads\\MARKOUB PROJECT\\MARKOUB\\backend\\vendor\\laravel\\framework\\src\\Illuminate\\Pipeline\\Pipeline.php(209): Illuminate\\Foundation\\Http\\Middleware\\PreventRequestsDuringMaintenance->handle(Object(Illuminate\\Http\\Request), Object(Closure))
#39 C:\\Users\\DELL\\Downloads\\MARKOUB PROJECT\\MARKOUB\\backend\\vendor\\laravel\\framework\\src\\Illuminate\\Http\\Middleware\\HandleCors.php(62): Illuminate\\Pipeline\\Pipeline->Illuminate\\Pipeline\\{closure}(Object(Illuminate\\Http\\Request))
#40 C:\\Users\\DELL\\Downloads\\MARKOUB PROJECT\\MARKOUB\\backend\\vendor\\laravel\\framework\\src\\Illuminate\\Pipeline\\Pipeline.php(209): Illuminate\\Http\\Middleware\\HandleCors->handle(Object(Illuminate\\Http\\Request), Object(Closure))
#41 C:\\Users\\DELL\\Downloads\\MARKOUB PROJECT\\MARKOUB\\backend\\vendor\\laravel\\framework\\src\\Illuminate\\Http\\Middleware\\TrustProxies.php(58): Illuminate\\Pipeline\\Pipeline->Illuminate\\Pipeline\\{closure}(Object(Illuminate\\Http\\Request))
#42 C:\\Users\\DELL\\Downloads\\MARKOUB PROJECT\\MARKOUB\\backend\\vendor\\laravel\\framework\\src\\Illuminate\\Pipeline\\Pipeline.php(209): Illuminate\\Http\\Middleware\\TrustProxies->handle(Object(Illuminate\\Http\\Request), Object(Closure))
#43 C:\\Users\\DELL\\Downloads\\MARKOUB PROJECT\\MARKOUB\\backend\\vendor\\laravel\\framework\\src\\Illuminate\\Foundation\\Http\\Middleware\\InvokeDeferredCallbacks.php(22): Illuminate\\Pipeline\\Pipeline->Illuminate\\Pipeline\\{closure}(Object(Illuminate\\Http\\Request))
#44 C:\\Users\\DELL\\Downloads\\MARKOUB PROJECT\\MARKOUB\\backend\\vendor\\laravel\\framework\\src\\Illuminate\\Pipeline\\Pipeline.php(209): Illuminate\\Foundation\\Http\\Middleware\\InvokeDeferredCallbacks->handle(Object(Illuminate\\Http\\Request), Object(Closure))
#45 C:\\Users\\DELL\\Downloads\\MARKOUB PROJECT\\MARKOUB\\backend\\vendor\\laravel\\framework\\src\\Illuminate\\Pipeline\\Pipeline.php(127): Illuminate\\Pipeline\\Pipeline->Illuminate\\Pipeline\\{closure}(Object(Illuminate\\Http\\Request))
#46 C:\\Users\\DELL\\Downloads\\MARKOUB PROJECT\\MARKOUB\\backend\\vendor\\laravel\\framework\\src\\Illuminate\\Foundation\\Http\\Kernel.php(176): Illuminate\\Pipeline\\Pipeline->then(Object(Closure))
#47 C:\\Users\\DELL\\Downloads\\MARKOUB PROJECT\\MARKOUB\\backend\\vendor\\laravel\\framework\\src\\Illuminate\\Foundation\\Http\\Kernel.php(145): Illuminate\\Foundation\\Http\\Kernel->sendRequestThroughRouter(Object(Illuminate\\Http\\Request))
#48 C:\\Users\\DELL\\Downloads\\MARKOUB PROJECT\\MARKOUB\\backend\\vendor\\laravel\\framework\\src\\Illuminate\\Foundation\\Application.php(1220): Illuminate\\Foundation\\Http\\Kernel->handle(Object(Illuminate\\Http\\Request))
#49 C:\\Users\\DELL\\Downloads\\MARKOUB PROJECT\\MARKOUB\\backend\\public\\index.php(17): Illuminate\\Foundation\\Application->handleRequest(Object(Illuminate\\Http\\Request))
#50 C:\\Users\\DELL\\Downloads\\MARKOUB PROJECT\\MARKOUB\\backend\\vendor\\laravel\\framework\\src\\Illuminate\\Foundation\\resources\\server.php(23): require_once('C:\\\\Users\\\\DELL\\\\D...')
#51 {main}
"} 
[2025-11-01 22:54:55] local.ERROR: SQLSTATE[01000]: Warning: 1265 Data truncated for column 'status' at row 1 (Connection: mysql, SQL: update `rides` set `status` = in_road, `rides`.`updated_at` = 2025-11-01 22:54:55 where `id` = 4) {"userId":7,"exception":"[object] (Illuminate\\Database\\QueryException(code: 01000): SQLSTATE[01000]: Warning: 1265 Data truncated for column 'status' at row 1 (Connection: mysql, SQL: update `rides` set `status` = in_road, `rides`.`updated_at` = 2025-11-01 22:54:55 where `id` = 4) at C:\\Users\\DELL\\Downloads\\MARKOUB PROJECT\\MARKOUB\\backend\\vendor\\laravel\\framework\\src\\Illuminate\\Database\\Connection.php:825)
[stacktrace]
#0 C:\\Users\\DELL\\Downloads\\MARKOUB PROJECT\\MARKOUB\\backend\\vendor\\laravel\\framework\\src\\Illuminate\\Database\\Connection.php(779): Illuminate\\Database\\Connection->runQueryCallback('update `rides` ...', Array, Object(Closure))
#1 C:\\Users\\DELL\\Downloads\\MARKOUB PROJECT\\MARKOUB\\backend\\vendor\\laravel\\framework\\src\\Illuminate\\Database\\Connection.php(584): Illuminate\\Database\\Connection->run('update `rides` ...', Array, Object(Closure))
#2 C:\\Users\\DELL\\Downloads\\MARKOUB PROJECT\\MARKOUB\\backend\\vendor\\laravel\\framework\\src\\Illuminate\\Database\\Connection.php(536): Illuminate\\Database\\Connection->affectingStatement('update `rides` ...', Array)
#3 C:\\Users\\DELL\\Downloads\\MARKOUB PROJECT\\MARKOUB\\backend\\vendor\\laravel\\framework\\src\\Illuminate\\Database\\Query\\Builder.php(3830): Illuminate\\Database\\Connection->update('update `rides` ...', Array)
#4 C:\\Users\\DELL\\Downloads\\MARKOUB PROJECT\\MARKOUB\\backend\\vendor\\laravel\\framework\\src\\Illuminate\\Database\\Eloquent\\Builder.php(1175): Illuminate\\Database\\Query\\Builder->update(Object(Illuminate\\Support\\Collection))
#5 C:\\Users\\DELL\\Downloads\\MARKOUB PROJECT\\MARKOUB\\backend\\vendor\\laravel\\framework\\src\\Illuminate\\Database\\Eloquent\\Model.php(1239): Illuminate\\Database\\Eloquent\\Builder->update(Array)
#6 C:\\Users\\DELL\\Downloads\\MARKOUB PROJECT\\MARKOUB\\backend\\vendor\\laravel\\framework\\src\\Illuminate\\Database\\Eloquent\\Model.php(1156): Illuminate\\Database\\Eloquent\\Model->performUpdate(Object(Illuminate\\Database\\Eloquent\\Builder))
#7 C:\\Users\\DELL\\Downloads\\MARKOUB PROJECT\\MARKOUB\\backend\\vendor\\laravel\\framework\\src\\Illuminate\\Database\\Eloquent\\Model.php(1014): Illuminate\\Database\\Eloquent\\Model->save(Array)
#8 C:\\Users\\DELL\\Downloads\\MARKOUB PROJECT\\MARKOUB\\backend\\app\\Http\\Controllers\\Api\\V1\\RideController.php(174): Illuminate\\Database\\Eloquent\\Model->update(Array)
#9 C:\\Users\\DELL\\Downloads\\MARKOUB PROJECT\\MARKOUB\\backend\\vendor\\laravel\\framework\\src\\Illuminate\\Routing\\ControllerDispatcher.php(47): App\\Http\\Controllers\\Api\\V1\\RideController->update(Object(Illuminate\\Http\\Request), '4')
#10 C:\\Users\\DELL\\Downloads\\MARKOUB PROJECT\\MARKOUB\\backend\\vendor\\laravel\\framework\\src\\Illuminate\\Routing\\Route.php(266): Illuminate\\Routing\\ControllerDispatcher->dispatch(Object(Illuminate\\Routing\\Route), Object(App\\Http\\Controllers\\Api\\V1\\RideController), 'update')
#11 C:\\Users\\DELL\\Downloads\\MARKOUB PROJECT\\MARKOUB\\backend\\vendor\\laravel\\framework\\src\\Illuminate\\Routing\\Route.php(212): Illuminate\\Routing\\Route->runController()
#12 C:\\Users\\DELL\\Downloads\\MARKOUB PROJECT\\MARKOUB\\backend\\vendor\\laravel\\framework\\src\\Illuminate\\Routing\\Router.php(808): Illuminate\\Routing\\Route->run()
#13 C:\\Users\\DELL\\Downloads\\MARKOUB PROJECT\\MARKOUB\\backend\\vendor\\laravel\\framework\\src\\Illuminate\\Pipeline\\Pipeline.php(170): Illuminate\\Routing\\Router->Illuminate\\Routing\\{closure}(Object(Illuminate\\Http\\Request))
#14 C:\\Users\\DELL\\Downloads\\MARKOUB PROJECT\\MARKOUB\\backend\\vendor\\laravel\\framework\\src\\Illuminate\\Routing\\Middleware\\SubstituteBindings.php(51): Illuminate\\Pipeline\\Pipeline->Illuminate\\Pipeline\\{closure}(Object(Illuminate\\Http\\Request))
#15 C:\\Users\\DELL\\Downloads\\MARKOUB PROJECT\\MARKOUB\\backend\\vendor\\laravel\\framework\\src\\Illuminate\\Pipeline\\Pipeline.php(209): Illuminate\\Routing\\Middleware\\SubstituteBindings->handle(Object(Illuminate\\Http\\Request), Object(Closure))
#16 C:\\Users\\DELL\\Downloads\\MARKOUB PROJECT\\MARKOUB\\backend\\vendor\\laravel\\framework\\src\\Illuminate\\Auth\\Middleware\\Authenticate.php(64): Illuminate\\Pipeline\\Pipeline->Illuminate\\Pipeline\\{closure}(Object(Illuminate\\Http\\Request))
#17 C:\\Users\\DELL\\Downloads\\MARKOUB PROJECT\\MARKOUB\\backend\\vendor\\laravel\\framework\\src\\Illuminate\\Pipeline\\Pipeline.php(209): Illuminate\\Auth\\Middleware\\Authenticate->handle(Object(Illuminate\\Http\\Request), Object(Closure), 'api')
#18 C:\\Users\\DELL\\Downloads\\MARKOUB PROJECT\\MARKOUB\\backend\\vendor\\laravel\\framework\\src\\Illuminate\\Http\\Middleware\\HandleCors.php(62): Illuminate\\Pipeline\\Pipeline->Illuminate\\Pipeline\\{closure}(Object(Illuminate\\Http\\Request))
#19 C:\\Users\\DELL\\Downloads\\MARKOUB PROJECT\\MARKOUB\\backend\\vendor\\laravel\\framework\\src\\Illuminate\\Pipeline\\Pipeline.php(209): Illuminate\\Http\\Middleware\\HandleCors->handle(Object(Illuminate\\Http\\Request), Object(Closure))
#20 C:\\Users\\DELL\\Downloads\\MARKOUB PROJECT\\MARKOUB\\backend\\vendor\\laravel\\framework\\src\\Illuminate\\Pipeline\\Pipeline.php(127): Illuminate\\Pipeline\\Pipeline->Illuminate\\Pipeline\\{closure}(Object(Illuminate\\Http\\Request))
#21 C:\\Users\\DELL\\Downloads\\MARKOUB PROJECT\\MARKOUB\\backend\\vendor\\laravel\\framework\\src\\Illuminate\\Routing\\Router.php(807): Illuminate\\Pipeline\\Pipeline->then(Object(Closure))
#22 C:\\Users\\DELL\\Downloads\\MARKOUB PROJECT\\MARKOUB\\backend\\vendor\\laravel\\framework\\src\\Illuminate\\Routing\\Router.php(786): Illuminate\\Routing\\Router->runRouteWithinStack(Object(Illuminate\\Routing\\Route), Object(Illuminate\\Http\\Request))
#23 C:\\Users\\DELL\\Downloads\\MARKOUB PROJECT\\MARKOUB\\backend\\vendor\\laravel\\framework\\src\\Illuminate\\Routing\\Router.php(750): Illuminate\\Routing\\Router->runRoute(Object(Illuminate\\Http\\Request), Object(Illuminate\\Routing\\Route))
#24 C:\\Users\\DELL\\Downloads\\MARKOUB PROJECT\\MARKOUB\\backend\\vendor\\laravel\\framework\\src\\Illuminate\\Routing\\Router.php(739): Illuminate\\Routing\\Router->dispatchToRoute(Object(Illuminate\\Http\\Request))
#25 C:\\Users\\DELL\\Downloads\\MARKOUB PROJECT\\MARKOUB\\backend\\vendor\\laravel\\framework\\src\\Illuminate\\Foundation\\Http\\Kernel.php(201): Illuminate\\Routing\\Router->dispatch(Object(Illuminate\\Http\\Request))
#26 C:\\Users\\DELL\\Downloads\\MARKOUB PROJECT\\MARKOUB\\backend\\vendor\\laravel\\framework\\src\\Illuminate\\Pipeline\\Pipeline.php(170): Illuminate\\Foundation\\Http\\Kernel->Illuminate\\Foundation\\Http\\{closure}(Object(Illuminate\\Http\\Request))
#27 C:\\Users\\DELL\\Downloads\\MARKOUB PROJECT\\MARKOUB\\backend\\vendor\\laravel\\framework\\src\\Illuminate\\Foundation\\Http\\Middleware\\TransformsRequest.php(21): Illuminate\\Pipeline\\Pipeline->Illuminate\\Pipeline\\{closure}(Object(Illuminate\\Http\\Request))
#28 C:\\Users\\DELL\\Downloads\\MARKOUB PROJECT\\MARKOUB\\backend\\vendor\\laravel\\framework\\src\\Illuminate\\Foundation\\Http\\Middleware\\ConvertEmptyStringsToNull.php(31): Illuminate\\Foundation\\Http\\Middleware\\TransformsRequest->handle(Object(Illuminate\\Http\\Request), Object(Closure))
#29 C:\\Users\\DELL\\Downloads\\MARKOUB PROJECT\\MARKOUB\\backend\\vendor\\laravel\\framework\\src\\Illuminate\\Pipeline\\Pipeline.php(209): Illuminate\\Foundation\\Http\\Middleware\\ConvertEmptyStringsToNull->handle(Object(Illuminate\\Http\\Request), Object(Closure))
#30 C:\\Users\\DELL\\Downloads\\MARKOUB PROJECT\\MARKOUB\\backend\\vendor\\laravel\\framework\\src\\Illuminate\\Foundation\\Http\\Middleware\\TransformsRequest.php(21): Illuminate\\Pipeline\\Pipeline->Illuminate\\Pipeline\\{closure}(Object(Illuminate\\Http\\Request))
#31 C:\\Users\\DELL\\Downloads\\MARKOUB PROJECT\\MARKOUB\\backend\\vendor\\laravel\\framework\\src\\Illuminate\\Foundation\\Http\\Middleware\\TrimStrings.php(51): Illuminate\\Foundation\\Http\\Middleware\\TransformsRequest->handle(Object(Illuminate\\Http\\Request), Object(Closure))
#32 C:\\Users\\DELL\\Downloads\\MARKOUB PROJECT\\MARKOUB\\backend\\vendor\\laravel\\framework\\src\\Illuminate\\Pipeline\\Pipeline.php(209): Illuminate\\Foundation\\Http\\Middleware\\TrimStrings->handle(Object(Illuminate\\Http\\Request), Object(Closure))
#33 C:\\Users\\DELL\\Downloads\\MARKOUB PROJECT\\MARKOUB\\backend\\vendor\\laravel\\framework\\src\\Illuminate\\Http\\Middleware\\ValidatePostSize.php(27): Illuminate\\Pipeline\\Pipeline->Illuminate\\Pipeline\\{closure}(Object(Illuminate\\Http\\Request))
#34 C:\\Users\\DELL\\Downloads\\MARKOUB PROJECT\\MARKOUB\\backend\\vendor\\laravel\\framework\\src\\Illuminate\\Pipeline\\Pipeline.php(209): Illuminate\\Http\\Middleware\\ValidatePostSize->handle(Object(Illuminate\\Http\\Request), Object(Closure))
#35 C:\\Users\\DELL\\Downloads\\MARKOUB PROJECT\\MARKOUB\\backend\\vendor\\laravel\\framework\\src\\Illuminate\\Foundation\\Http\\Middleware\\PreventRequestsDuringMaintenance.php(110): Illuminate\\Pipeline\\Pipeline->Illuminate\\Pipeline\\{closure}(Object(Illuminate\\Http\\Request))
#36 C:\\Users\\DELL\\Downloads\\MARKOUB PROJECT\\MARKOUB\\backend\\vendor\\laravel\\framework\\src\\Illuminate\\Pipeline\\Pipeline.php(209): Illuminate\\Foundation\\Http\\Middleware\\PreventRequestsDuringMaintenance->handle(Object(Illuminate\\Http\\Request), Object(Closure))
#37 C:\\Users\\DELL\\Downloads\\MARKOUB PROJECT\\MARKOUB\\backend\\vendor\\laravel\\framework\\src\\Illuminate\\Http\\Middleware\\HandleCors.php(62): Illuminate\\Pipeline\\Pipeline->Illuminate\\Pipeline\\{closure}(Object(Illuminate\\Http\\Request))
#38 C:\\Users\\DELL\\Downloads\\MARKOUB PROJECT\\MARKOUB\\backend\\vendor\\laravel\\framework\\src\\Illuminate\\Pipeline\\Pipeline.php(209): Illuminate\\Http\\Middleware\\HandleCors->handle(Object(Illuminate\\Http\\Request), Object(Closure))
#39 C:\\Users\\DELL\\Downloads\\MARKOUB PROJECT\\MARKOUB\\backend\\vendor\\laravel\\framework\\src\\Illuminate\\Http\\Middleware\\TrustProxies.php(58): Illuminate\\Pipeline\\Pipeline->Illuminate\\Pipeline\\{closure}(Object(Illuminate\\Http\\Request))
#40 C:\\Users\\DELL\\Downloads\\MARKOUB PROJECT\\MARKOUB\\backend\\vendor\\laravel\\framework\\src\\Illuminate\\Pipeline\\Pipeline.php(209): Illuminate\\Http\\Middleware\\TrustProxies->handle(Object(Illuminate\\Http\\Request), Object(Closure))
#41 C:\\Users\\DELL\\Downloads\\MARKOUB PROJECT\\MARKOUB\\backend\\vendor\\laravel\\framework\\src\\Illuminate\\Foundation\\Http\\Middleware\\InvokeDeferredCallbacks.php(22): Illuminate\\Pipeline\\Pipeline->Illuminate\\Pipeline\\{closure}(Object(Illuminate\\Http\\Request))
#42 C:\\Users\\DELL\\Downloads\\MARKOUB PROJECT\\MARKOUB\\backend\\vendor\\laravel\\framework\\src\\Illuminate\\Pipeline\\Pipeline.php(209): Illuminate\\Foundation\\Http\\Middleware\\InvokeDeferredCallbacks->handle(Object(Illuminate\\Http\\Request), Object(Closure))
#43 C:\\Users\\DELL\\Downloads\\MARKOUB PROJECT\\MARKOUB\\backend\\vendor\\laravel\\framework\\src\\Illuminate\\Pipeline\\Pipeline.php(127): Illuminate\\Pipeline\\Pipeline->Illuminate\\Pipeline\\{closure}(Object(Illuminate\\Http\\Request))
#44 C:\\Users\\DELL\\Downloads\\MARKOUB PROJECT\\MARKOUB\\backend\\vendor\\laravel\\framework\\src\\Illuminate\\Foundation\\Http\\Kernel.php(176): Illuminate\\Pipeline\\Pipeline->then(Object(Closure))
#45 C:\\Users\\DELL\\Downloads\\MARKOUB PROJECT\\MARKOUB\\backend\\vendor\\laravel\\framework\\src\\Illuminate\\Foundation\\Http\\Kernel.php(145): Illuminate\\Foundation\\Http\\Kernel->sendRequestThroughRouter(Object(Illuminate\\Http\\Request))
#46 C:\\Users\\DELL\\Downloads\\MARKOUB PROJECT\\MARKOUB\\backend\\vendor\\laravel\\framework\\src\\Illuminate\\Foundation\\Application.php(1220): Illuminate\\Foundation\\Http\\Kernel->handle(Object(Illuminate\\Http\\Request))
#47 C:\\Users\\DELL\\Downloads\\MARKOUB PROJECT\\MARKOUB\\backend\\public\\index.php(17): Illuminate\\Foundation\\Application->handleRequest(Object(Illuminate\\Http\\Request))
#48 C:\\Users\\DELL\\Downloads\\MARKOUB PROJECT\\MARKOUB\\backend\\vendor\\laravel\\framework\\src\\Illuminate\\Foundation\\resources\\server.php(23): require_once('C:\\\\Users\\\\DELL\\\\D...')
#49 {main}

[previous exception] [object] (PDOException(code: 01000): SQLSTATE[01000]: Warning: 1265 Data truncated for column 'status' at row 1 at C:\\Users\\DELL\\Downloads\\MARKOUB PROJECT\\MARKOUB\\backend\\vendor\\laravel\\framework\\src\\Illuminate\\Database\\Connection.php:596)
[stacktrace]
#0 C:\\Users\\DELL\\Downloads\\MARKOUB PROJECT\\MARKOUB\\backend\\vendor\\laravel\\framework\\src\\Illuminate\\Database\\Connection.php(596): PDOStatement->execute()
#1 C:\\Users\\DELL\\Downloads\\MARKOUB PROJECT\\MARKOUB\\backend\\vendor\\laravel\\framework\\src\\Illuminate\\Database\\Connection.php(812): Illuminate\\Database\\Connection->Illuminate\\Database\\{closure}('update `rides` ...', Array)
#2 C:\\Users\\DELL\\Downloads\\MARKOUB PROJECT\\MARKOUB\\backend\\vendor\\laravel\\framework\\src\\Illuminate\\Database\\Connection.php(779): Illuminate\\Database\\Connection->runQueryCallback('update `rides` ...', Array, Object(Closure))
#3 C:\\Users\\DELL\\Downloads\\MARKOUB PROJECT\\MARKOUB\\backend\\vendor\\laravel\\framework\\src\\Illuminate\\Database\\Connection.php(584): Illuminate\\Database\\Connection->run('update `rides` ...', Array, Object(Closure))
#4 C:\\Users\\DELL\\Downloads\\MARKOUB PROJECT\\MARKOUB\\backend\\vendor\\laravel\\framework\\src\\Illuminate\\Database\\Connection.php(536): Illuminate\\Database\\Connection->affectingStatement('update `rides` ...', Array)
#5 C:\\Users\\DELL\\Downloads\\MARKOUB PROJECT\\MARKOUB\\backend\\vendor\\laravel\\framework\\src\\Illuminate\\Database\\Query\\Builder.php(3830): Illuminate\\Database\\Connection->update('update `rides` ...', Array)
#6 C:\\Users\\DELL\\Downloads\\MARKOUB PROJECT\\MARKOUB\\backend\\vendor\\laravel\\framework\\src\\Illuminate\\Database\\Eloquent\\Builder.php(1175): Illuminate\\Database\\Query\\Builder->update(Object(Illuminate\\Support\\Collection))
#7 C:\\Users\\DELL\\Downloads\\MARKOUB PROJECT\\MARKOUB\\backend\\vendor\\laravel\\framework\\src\\Illuminate\\Database\\Eloquent\\Model.php(1239): Illuminate\\Database\\Eloquent\\Builder->update(Array)
#8 C:\\Users\\DELL\\Downloads\\MARKOUB PROJECT\\MARKOUB\\backend\\vendor\\laravel\\framework\\src\\Illuminate\\Database\\Eloquent\\Model.php(1156): Illuminate\\Database\\Eloquent\\Model->performUpdate(Object(Illuminate\\Database\\Eloquent\\Builder))
#9 C:\\Users\\DELL\\Downloads\\MARKOUB PROJECT\\MARKOUB\\backend\\vendor\\laravel\\framework\\src\\Illuminate\\Database\\Eloquent\\Model.php(1014): Illuminate\\Database\\Eloquent\\Model->save(Array)
#10 C:\\Users\\DELL\\Downloads\\MARKOUB PROJECT\\MARKOUB\\backend\\app\\Http\\Controllers\\Api\\V1\\RideController.php(174): Illuminate\\Database\\Eloquent\\Model->update(Array)
#11 C:\\Users\\DELL\\Downloads\\MARKOUB PROJECT\\MARKOUB\\backend\\vendor\\laravel\\framework\\src\\Illuminate\\Routing\\ControllerDispatcher.php(47): App\\Http\\Controllers\\Api\\V1\\RideController->update(Object(Illuminate\\Http\\Request), '4')
#12 C:\\Users\\DELL\\Downloads\\MARKOUB PROJECT\\MARKOUB\\backend\\vendor\\laravel\\framework\\src\\Illuminate\\Routing\\Route.php(266): Illuminate\\Routing\\ControllerDispatcher->dispatch(Object(Illuminate\\Routing\\Route), Object(App\\Http\\Controllers\\Api\\V1\\RideController), 'update')
#13 C:\\Users\\DELL\\Downloads\\MARKOUB PROJECT\\MARKOUB\\backend\\vendor\\laravel\\framework\\src\\Illuminate\\Routing\\Route.php(212): Illuminate\\Routing\\Route->runController()
#14 C:\\Users\\DELL\\Downloads\\MARKOUB PROJECT\\MARKOUB\\backend\\vendor\\laravel\\framework\\src\\Illuminate\\Routing\\Router.php(808): Illuminate\\Routing\\Route->run()
#15 C:\\Users\\DELL\\Downloads\\MARKOUB PROJECT\\MARKOUB\\backend\\vendor\\laravel\\framework\\src\\Illuminate\\Pipeline\\Pipeline.php(170): Illuminate\\Routing\\Router->Illuminate\\Routing\\{closure}(Object(Illuminate\\Http\\Request))
#16 C:\\Users\\DELL\\Downloads\\MARKOUB PROJECT\\MARKOUB\\backend\\vendor\\laravel\\framework\\src\\Illuminate\\Routing\\Middleware\\SubstituteBindings.php(51): Illuminate\\Pipeline\\Pipeline->Illuminate\\Pipeline\\{closure}(Object(Illuminate\\Http\\Request))
#17 C:\\Users\\DELL\\Downloads\\MARKOUB PROJECT\\MARKOUB\\backend\\vendor\\laravel\\framework\\src\\Illuminate\\Pipeline\\Pipeline.php(209): Illuminate\\Routing\\Middleware\\SubstituteBindings->handle(Object(Illuminate\\Http\\Request), Object(Closure))
#18 C:\\Users\\DELL\\Downloads\\MARKOUB PROJECT\\MARKOUB\\backend\\vendor\\laravel\\framework\\src\\Illuminate\\Auth\\Middleware\\Authenticate.php(64): Illuminate\\Pipeline\\Pipeline->Illuminate\\Pipeline\\{closure}(Object(Illuminate\\Http\\Request))
#19 C:\\Users\\DELL\\Downloads\\MARKOUB PROJECT\\MARKOUB\\backend\\vendor\\laravel\\framework\\src\\Illuminate\\Pipeline\\Pipeline.php(209): Illuminate\\Auth\\Middleware\\Authenticate->handle(Object(Illuminate\\Http\\Request), Object(Closure), 'api')
#20 C:\\Users\\DELL\\Downloads\\MARKOUB PROJECT\\MARKOUB\\backend\\vendor\\laravel\\framework\\src\\Illuminate\\Http\\Middleware\\HandleCors.php(62): Illuminate\\Pipeline\\Pipeline->Illuminate\\Pipeline\\{closure}(Object(Illuminate\\Http\\Request))
#21 C:\\Users\\DELL\\Downloads\\MARKOUB PROJECT\\MARKOUB\\backend\\vendor\\laravel\\framework\\src\\Illuminate\\Pipeline\\Pipeline.php(209): Illuminate\\Http\\Middleware\\HandleCors->handle(Object(Illuminate\\Http\\Request), Object(Closure))
#22 C:\\Users\\DELL\\Downloads\\MARKOUB PROJECT\\MARKOUB\\backend\\vendor\\laravel\\framework\\src\\Illuminate\\Pipeline\\Pipeline.php(127): Illuminate\\Pipeline\\Pipeline->Illuminate\\Pipeline\\{closure}(Object(Illuminate\\Http\\Request))
#23 C:\\Users\\DELL\\Downloads\\MARKOUB PROJECT\\MARKOUB\\backend\\vendor\\laravel\\framework\\src\\Illuminate\\Routing\\Router.php(807): Illuminate\\Pipeline\\Pipeline->then(Object(Closure))
#24 C:\\Users\\DELL\\Downloads\\MARKOUB PROJECT\\MARKOUB\\backend\\vendor\\laravel\\framework\\src\\Illuminate\\Routing\\Router.php(786): Illuminate\\Routing\\Router->runRouteWithinStack(Object(Illuminate\\Routing\\Route), Object(Illuminate\\Http\\Request))
#25 C:\\Users\\DELL\\Downloads\\MARKOUB PROJECT\\MARKOUB\\backend\\vendor\\laravel\\framework\\src\\Illuminate\\Routing\\Router.php(750): Illuminate\\Routing\\Router->runRoute(Object(Illuminate\\Http\\Request), Object(Illuminate\\Routing\\Route))
#26 C:\\Users\\DELL\\Downloads\\MARKOUB PROJECT\\MARKOUB\\backend\\vendor\\laravel\\framework\\src\\Illuminate\\Routing\\Router.php(739): Illuminate\\Routing\\Router->dispatchToRoute(Object(Illuminate\\Http\\Request))
#27 C:\\Users\\DELL\\Downloads\\MARKOUB PROJECT\\MARKOUB\\backend\\vendor\\laravel\\framework\\src\\Illuminate\\Foundation\\Http\\Kernel.php(201): Illuminate\\Routing\\Router->dispatch(Object(Illuminate\\Http\\Request))
#28 C:\\Users\\DELL\\Downloads\\MARKOUB PROJECT\\MARKOUB\\backend\\vendor\\laravel\\framework\\src\\Illuminate\\Pipeline\\Pipeline.php(170): Illuminate\\Foundation\\Http\\Kernel->Illuminate\\Foundation\\Http\\{closure}(Object(Illuminate\\Http\\Request))
#29 C:\\Users\\DELL\\Downloads\\MARKOUB PROJECT\\MARKOUB\\backend\\vendor\\laravel\\framework\\src\\Illuminate\\Foundation\\Http\\Middleware\\TransformsRequest.php(21): Illuminate\\Pipeline\\Pipeline->Illuminate\\Pipeline\\{closure}(Object(Illuminate\\Http\\Request))
#30 C:\\Users\\DELL\\Downloads\\MARKOUB PROJECT\\MARKOUB\\backend\\vendor\\laravel\\framework\\src\\Illuminate\\Foundation\\Http\\Middleware\\ConvertEmptyStringsToNull.php(31): Illuminate\\Foundation\\Http\\Middleware\\TransformsRequest->handle(Object(Illuminate\\Http\\Request), Object(Closure))
#31 C:\\Users\\DELL\\Downloads\\MARKOUB PROJECT\\MARKOUB\\backend\\vendor\\laravel\\framework\\src\\Illuminate\\Pipeline\\Pipeline.php(209): Illuminate\\Foundation\\Http\\Middleware\\ConvertEmptyStringsToNull->handle(Object(Illuminate\\Http\\Request), Object(Closure))
#32 C:\\Users\\DELL\\Downloads\\MARKOUB PROJECT\\MARKOUB\\backend\\vendor\\laravel\\framework\\src\\Illuminate\\Foundation\\Http\\Middleware\\TransformsRequest.php(21): Illuminate\\Pipeline\\Pipeline->Illuminate\\Pipeline\\{closure}(Object(Illuminate\\Http\\Request))
#33 C:\\Users\\DELL\\Downloads\\MARKOUB PROJECT\\MARKOUB\\backend\\vendor\\laravel\\framework\\src\\Illuminate\\Foundation\\Http\\Middleware\\TrimStrings.php(51): Illuminate\\Foundation\\Http\\Middleware\\TransformsRequest->handle(Object(Illuminate\\Http\\Request), Object(Closure))
#34 C:\\Users\\DELL\\Downloads\\MARKOUB PROJECT\\MARKOUB\\backend\\vendor\\laravel\\framework\\src\\Illuminate\\Pipeline\\Pipeline.php(209): Illuminate\\Foundation\\Http\\Middleware\\TrimStrings->handle(Object(Illuminate\\Http\\Request), Object(Closure))
#35 C:\\Users\\DELL\\Downloads\\MARKOUB PROJECT\\MARKOUB\\backend\\vendor\\laravel\\framework\\src\\Illuminate\\Http\\Middleware\\ValidatePostSize.php(27): Illuminate\\Pipeline\\Pipeline->Illuminate\\Pipeline\\{closure}(Object(Illuminate\\Http\\Request))
#36 C:\\Users\\DELL\\Downloads\\MARKOUB PROJECT\\MARKOUB\\backend\\vendor\\laravel\\framework\\src\\Illuminate\\Pipeline\\Pipeline.php(209): Illuminate\\Http\\Middleware\\ValidatePostSize->handle(Object(Illuminate\\Http\\Request), Object(Closure))
#37 C:\\Users\\DELL\\Downloads\\MARKOUB PROJECT\\MARKOUB\\backend\\vendor\\laravel\\framework\\src\\Illuminate\\Foundation\\Http\\Middleware\\PreventRequestsDuringMaintenance.php(110): Illuminate\\Pipeline\\Pipeline->Illuminate\\Pipeline\\{closure}(Object(Illuminate\\Http\\Request))
#38 C:\\Users\\DELL\\Downloads\\MARKOUB PROJECT\\MARKOUB\\backend\\vendor\\laravel\\framework\\src\\Illuminate\\Pipeline\\Pipeline.php(209): Illuminate\\Foundation\\Http\\Middleware\\PreventRequestsDuringMaintenance->handle(Object(Illuminate\\Http\\Request), Object(Closure))
#39 C:\\Users\\DELL\\Downloads\\MARKOUB PROJECT\\MARKOUB\\backend\\vendor\\laravel\\framework\\src\\Illuminate\\Http\\Middleware\\HandleCors.php(62): Illuminate\\Pipeline\\Pipeline->Illuminate\\Pipeline\\{closure}(Object(Illuminate\\Http\\Request))
#40 C:\\Users\\DELL\\Downloads\\MARKOUB PROJECT\\MARKOUB\\backend\\vendor\\laravel\\framework\\src\\Illuminate\\Pipeline\\Pipeline.php(209): Illuminate\\Http\\Middleware\\HandleCors->handle(Object(Illuminate\\Http\\Request), Object(Closure))
#41 C:\\Users\\DELL\\Downloads\\MARKOUB PROJECT\\MARKOUB\\backend\\vendor\\laravel\\framework\\src\\Illuminate\\Http\\Middleware\\TrustProxies.php(58): Illuminate\\Pipeline\\Pipeline->Illuminate\\Pipeline\\{closure}(Object(Illuminate\\Http\\Request))
#42 C:\\Users\\DELL\\Downloads\\MARKOUB PROJECT\\MARKOUB\\backend\\vendor\\laravel\\framework\\src\\Illuminate\\Pipeline\\Pipeline.php(209): Illuminate\\Http\\Middleware\\TrustProxies->handle(Object(Illuminate\\Http\\Request), Object(Closure))
#43 C:\\Users\\DELL\\Downloads\\MARKOUB PROJECT\\MARKOUB\\backend\\vendor\\laravel\\framework\\src\\Illuminate\\Foundation\\Http\\Middleware\\InvokeDeferredCallbacks.php(22): Illuminate\\Pipeline\\Pipeline->Illuminate\\Pipeline\\{closure}(Object(Illuminate\\Http\\Request))
#44 C:\\Users\\DELL\\Downloads\\MARKOUB PROJECT\\MARKOUB\\backend\\vendor\\laravel\\framework\\src\\Illuminate\\Pipeline\\Pipeline.php(209): Illuminate\\Foundation\\Http\\Middleware\\InvokeDeferredCallbacks->handle(Object(Illuminate\\Http\\Request), Object(Closure))
#45 C:\\Users\\DELL\\Downloads\\MARKOUB PROJECT\\MARKOUB\\backend\\vendor\\laravel\\framework\\src\\Illuminate\\Pipeline\\Pipeline.php(127): Illuminate\\Pipeline\\Pipeline->Illuminate\\Pipeline\\{closure}(Object(Illuminate\\Http\\Request))
#46 C:\\Users\\DELL\\Downloads\\MARKOUB PROJECT\\MARKOUB\\backend\\vendor\\laravel\\framework\\src\\Illuminate\\Foundation\\Http\\Kernel.php(176): Illuminate\\Pipeline\\Pipeline->then(Object(Closure))
#47 C:\\Users\\DELL\\Downloads\\MARKOUB PROJECT\\MARKOUB\\backend\\vendor\\laravel\\framework\\src\\Illuminate\\Foundation\\Http\\Kernel.php(145): Illuminate\\Foundation\\Http\\Kernel->sendRequestThroughRouter(Object(Illuminate\\Http\\Request))
#48 C:\\Users\\DELL\\Downloads\\MARKOUB PROJECT\\MARKOUB\\backend\\vendor\\laravel\\framework\\src\\Illuminate\\Foundation\\Application.php(1220): Illuminate\\Foundation\\Http\\Kernel->handle(Object(Illuminate\\Http\\Request))
#49 C:\\Users\\DELL\\Downloads\\MARKOUB PROJECT\\MARKOUB\\backend\\public\\index.php(17): Illuminate\\Foundation\\Application->handleRequest(Object(Illuminate\\Http\\Request))
#50 C:\\Users\\DELL\\Downloads\\MARKOUB PROJECT\\MARKOUB\\backend\\vendor\\laravel\\framework\\src\\Illuminate\\Foundation\\resources\\server.php(23): require_once('C:\\\\Users\\\\DELL\\\\D...')
#51 {main}
"} 
[2025-11-01 22:59:22] local.ERROR: Command "migration" is not defined.

Did you mean one of these?
    make:migration
    migrate
    migrate:fresh
    migrate:install
    migrate:refresh
    migrate:reset
    migrate:rollback
    migrate:status {"exception":"[object] (Symfony\\Component\\Console\\Exception\\CommandNotFoundException(code: 0): Command \"migration\" is not defined.

Did you mean one of these?
    make:migration
    migrate
    migrate:fresh
    migrate:install
    migrate:refresh
    migrate:reset
    migrate:rollback
    migrate:status at C:\\Users\\DELL\\Downloads\\MARKOUB PROJECT\\MARKOUB\\backend\\vendor\\symfony\\console\\Application.php:740)
[stacktrace]
#0 C:\\Users\\DELL\\Downloads\\MARKOUB PROJECT\\MARKOUB\\backend\\vendor\\symfony\\console\\Application.php(298): Symfony\\Component\\Console\\Application->find('migration')
#1 C:\\Users\\DELL\\Downloads\\MARKOUB PROJECT\\MARKOUB\\backend\\vendor\\symfony\\console\\Application.php(195): Symfony\\Component\\Console\\Application->doRun(Object(Symfony\\Component\\Console\\Input\\ArgvInput), Object(Symfony\\Component\\Console\\Output\\ConsoleOutput))
#2 C:\\Users\\DELL\\Downloads\\MARKOUB PROJECT\\MARKOUB\\backend\\vendor\\laravel\\framework\\src\\Illuminate\\Foundation\\Console\\Kernel.php(198): Symfony\\Component\\Console\\Application->run(Object(Symfony\\Component\\Console\\Input\\ArgvInput), Object(Symfony\\Component\\Console\\Output\\ConsoleOutput))
#3 C:\\Users\\DELL\\Downloads\\MARKOUB PROJECT\\MARKOUB\\backend\\artisan(14): Illuminate\\Foundation\\Console\\Kernel->handle(Object(Symfony\\Component\\Console\\Input\\ArgvInput), Object(Symfony\\Component\\Console\\Output\\ConsoleOutput))
#4 {main}
"} 
[2025-11-02 08:57:11] local.ERROR: SQLSTATE[HY000] [2002] Aucune connexion n’a pu être établie car l’ordinateur cible l’a expressément refusée (Connection: mysql, SQL: select count(*) as aggregate from `rides` where `status` = active and `seats_available` > 0 and date(`ride_date`) >= 2025-11-02 and date(`ride_date`) >= 2025-11-02 and `rides`.`deleted_at` is null) {"exception":"[object] (Illuminate\\Database\\QueryException(code: 2002): SQLSTATE[HY000] [2002] Aucune connexion n’a pu être établie car l’ordinateur cible l’a expressément refusée (Connection: mysql, SQL: select count(*) as aggregate from `rides` where `status` = active and `seats_available` > 0 and date(`ride_date`) >= 2025-11-02 and date(`ride_date`) >= 2025-11-02 and `rides`.`deleted_at` is null) at C:\\Users\\DELL\\Downloads\\MARKOUB PROJECT\\MARKOUB\\backend\\vendor\\laravel\\framework\\src\\Illuminate\\Database\\Connection.php:825)
[stacktrace]
#0 C:\\Users\\DELL\\Downloads\\MARKOUB PROJECT\\MARKOUB\\backend\\vendor\\laravel\\framework\\src\\Illuminate\\Database\\Connection.php(979): Illuminate\\Database\\Connection->runQueryCallback('select count(*)...', Array, Object(Closure))
#1 C:\\Users\\DELL\\Downloads\\MARKOUB PROJECT\\MARKOUB\\backend\\vendor\\laravel\\framework\\src\\Illuminate\\Database\\Connection.php(958): Illuminate\\Database\\Connection->tryAgainIfCausedByLostConnection(Object(Illuminate\\Database\\QueryException), 'select count(*)...', Array, Object(Closure))
#2 C:\\Users\\DELL\\Downloads\\MARKOUB PROJECT\\MARKOUB\\backend\\vendor\\laravel\\framework\\src\\Illuminate\\Database\\Connection.php(781): Illuminate\\Database\\Connection->handleQueryException(Object(Illuminate\\Database\\QueryException), 'select count(*)...', Array, Object(Closure))
#3 C:\\Users\\DELL\\Downloads\\MARKOUB PROJECT\\MARKOUB\\backend\\vendor\\laravel\\framework\\src\\Illuminate\\Database\\Connection.php(398): Illuminate\\Database\\Connection->run('select count(*)...', Array, Object(Closure))
#4 C:\\Users\\DELL\\Downloads\\MARKOUB PROJECT\\MARKOUB\\backend\\vendor\\laravel\\framework\\src\\Illuminate\\Database\\Query\\Builder.php(3106): Illuminate\\Database\\Connection->select('select count(*)...', Array, true)
#5 C:\\Users\\DELL\\Downloads\\MARKOUB PROJECT\\MARKOUB\\backend\\vendor\\laravel\\framework\\src\\Illuminate\\Database\\Query\\Builder.php(3091): Illuminate\\Database\\Query\\Builder->runSelect()
#6 C:\\Users\\DELL\\Downloads\\MARKOUB PROJECT\\MARKOUB\\backend\\vendor\\laravel\\framework\\src\\Illuminate\\Database\\Query\\Builder.php(3676): Illuminate\\Database\\Query\\Builder->Illuminate\\Database\\Query\\{closure}()
#7 C:\\Users\\DELL\\Downloads\\MARKOUB PROJECT\\MARKOUB\\backend\\vendor\\laravel\\framework\\src\\Illuminate\\Database\\Query\\Builder.php(3090): Illuminate\\Database\\Query\\Builder->onceWithColumns(Array, Object(Closure))
#8 C:\\Users\\DELL\\Downloads\\MARKOUB PROJECT\\MARKOUB\\backend\\vendor\\laravel\\framework\\src\\Illuminate\\Database\\Query\\Builder.php(3285): Illuminate\\Database\\Query\\Builder->get()
#9 C:\\Users\\DELL\\Downloads\\MARKOUB PROJECT\\MARKOUB\\backend\\vendor\\laravel\\framework\\src\\Illuminate\\Database\\Query\\Builder.php(3244): Illuminate\\Database\\Query\\Builder->runPaginationCountQuery(Array)
#10 C:\\Users\\DELL\\Downloads\\MARKOUB PROJECT\\MARKOUB\\backend\\vendor\\laravel\\framework\\src\\Illuminate\\Database\\Eloquent\\Builder.php(1029): Illuminate\\Database\\Query\\Builder->getCountForPagination()
#11 C:\\Users\\DELL\\Downloads\\MARKOUB PROJECT\\MARKOUB\\backend\\app\\Http\\Controllers\\Api\\V1\\RideController.php(83): Illuminate\\Database\\Eloquent\\Builder->paginate(15)
#12 C:\\Users\\DELL\\Downloads\\MARKOUB PROJECT\\MARKOUB\\backend\\vendor\\laravel\\framework\\src\\Illuminate\\Routing\\ControllerDispatcher.php(47): App\\Http\\Controllers\\Api\\V1\\RideController->index(Object(Illuminate\\Http\\Request))
#13 C:\\Users\\DELL\\Downloads\\MARKOUB PROJECT\\MARKOUB\\backend\\vendor\\laravel\\framework\\src\\Illuminate\\Routing\\Route.php(266): Illuminate\\Routing\\ControllerDispatcher->dispatch(Object(Illuminate\\Routing\\Route), Object(App\\Http\\Controllers\\Api\\V1\\RideController), 'index')
#14 C:\\Users\\DELL\\Downloads\\MARKOUB PROJECT\\MARKOUB\\backend\\vendor\\laravel\\framework\\src\\Illuminate\\Routing\\Route.php(212): Illuminate\\Routing\\Route->runController()
#15 C:\\Users\\DELL\\Downloads\\MARKOUB PROJECT\\MARKOUB\\backend\\vendor\\laravel\\framework\\src\\Illuminate\\Routing\\Router.php(808): Illuminate\\Routing\\Route->run()
#16 C:\\Users\\DELL\\Downloads\\MARKOUB PROJECT\\MARKOUB\\backend\\vendor\\laravel\\framework\\src\\Illuminate\\Pipeline\\Pipeline.php(170): Illuminate\\Routing\\Router->Illuminate\\Routing\\{closure}(Object(Illuminate\\Http\\Request))
#17 C:\\Users\\DELL\\Downloads\\MARKOUB PROJECT\\MARKOUB\\backend\\vendor\\laravel\\framework\\src\\Illuminate\\Routing\\Middleware\\SubstituteBindings.php(51): Illuminate\\Pipeline\\Pipeline->Illuminate\\Pipeline\\{closure}(Object(Illuminate\\Http\\Request))
#18 C:\\Users\\DELL\\Downloads\\MARKOUB PROJECT\\MARKOUB\\backend\\vendor\\laravel\\framework\\src\\Illuminate\\Pipeline\\Pipeline.php(209): Illuminate\\Routing\\Middleware\\SubstituteBindings->handle(Object(Illuminate\\Http\\Request), Object(Closure))
#19 C:\\Users\\DELL\\Downloads\\MARKOUB PROJECT\\MARKOUB\\backend\\vendor\\laravel\\framework\\src\\Illuminate\\Http\\Middleware\\HandleCors.php(62): Illuminate\\Pipeline\\Pipeline->Illuminate\\Pipeline\\{closure}(Object(Illuminate\\Http\\Request))
#20 C:\\Users\\DELL\\Downloads\\MARKOUB PROJECT\\MARKOUB\\backend\\vendor\\laravel\\framework\\src\\Illuminate\\Pipeline\\Pipeline.php(209): Illuminate\\Http\\Middleware\\HandleCors->handle(Object(Illuminate\\Http\\Request), Object(Closure))
#21 C:\\Users\\DELL\\Downloads\\MARKOUB PROJECT\\MARKOUB\\backend\\vendor\\laravel\\framework\\src\\Illuminate\\Pipeline\\Pipeline.php(127): Illuminate\\Pipeline\\Pipeline->Illuminate\\Pipeline\\{closure}(Object(Illuminate\\Http\\Request))
#22 C:\\Users\\DELL\\Downloads\\MARKOUB PROJECT\\MARKOUB\\backend\\vendor\\laravel\\framework\\src\\Illuminate\\Routing\\Router.php(807): Illuminate\\Pipeline\\Pipeline->then(Object(Closure))
#23 C:\\Users\\DELL\\Downloads\\MARKOUB PROJECT\\MARKOUB\\backend\\vendor\\laravel\\framework\\src\\Illuminate\\Routing\\Router.php(786): Illuminate\\Routing\\Router->runRouteWithinStack(Object(Illuminate\\Routing\\Route), Object(Illuminate\\Http\\Request))
#24 C:\\Users\\DELL\\Downloads\\MARKOUB PROJECT\\MARKOUB\\backend\\vendor\\laravel\\framework\\src\\Illuminate\\Routing\\Router.php(750): Illuminate\\Routing\\Router->runRoute(Object(Illuminate\\Http\\Request), Object(Illuminate\\Routing\\Route))
#25 C:\\Users\\DELL\\Downloads\\MARKOUB PROJECT\\MARKOUB\\backend\\vendor\\laravel\\framework\\src\\Illuminate\\Routing\\Router.php(739): Illuminate\\Routing\\Router->dispatchToRoute(Object(Illuminate\\Http\\Request))
#26 C:\\Users\\DELL\\Downloads\\MARKOUB PROJECT\\MARKOUB\\backend\\vendor\\laravel\\framework\\src\\Illuminate\\Foundation\\Http\\Kernel.php(201): Illuminate\\Routing\\Router->dispatch(Object(Illuminate\\Http\\Request))
#27 C:\\Users\\DELL\\Downloads\\MARKOUB PROJECT\\MARKOUB\\backend\\vendor\\laravel\\framework\\src\\Illuminate\\Pipeline\\Pipeline.php(170): Illuminate\\Foundation\\Http\\Kernel->Illuminate\\Foundation\\Http\\{closure}(Object(Illuminate\\Http\\Request))
#28 C:\\Users\\DELL\\Downloads\\MARKOUB PROJECT\\MARKOUB\\backend\\vendor\\laravel\\framework\\src\\Illuminate\\Foundation\\Http\\Middleware\\TransformsRequest.php(21): Illuminate\\Pipeline\\Pipeline->Illuminate\\Pipeline\\{closure}(Object(Illuminate\\Http\\Request))
#29 C:\\Users\\DELL\\Downloads\\MARKOUB PROJECT\\MARKOUB\\backend\\vendor\\laravel\\framework\\src\\Illuminate\\Foundation\\Http\\Middleware\\ConvertEmptyStringsToNull.php(31): Illuminate\\Foundation\\Http\\Middleware\\TransformsRequest->handle(Object(Illuminate\\Http\\Request), Object(Closure))
#30 C:\\Users\\DELL\\Downloads\\MARKOUB PROJECT\\MARKOUB\\backend\\vendor\\laravel\\framework\\src\\Illuminate\\Pipeline\\Pipeline.php(209): Illuminate\\Foundation\\Http\\Middleware\\ConvertEmptyStringsToNull->handle(Object(Illuminate\\Http\\Request), Object(Closure))
#31 C:\\Users\\DELL\\Downloads\\MARKOUB PROJECT\\MARKOUB\\backend\\vendor\\laravel\\framework\\src\\Illuminate\\Foundation\\Http\\Middleware\\TransformsRequest.php(21): Illuminate\\Pipeline\\Pipeline->Illuminate\\Pipeline\\{closure}(Object(Illuminate\\Http\\Request))
#32 C:\\Users\\DELL\\Downloads\\MARKOUB PROJECT\\MARKOUB\\backend\\vendor\\laravel\\framework\\src\\Illuminate\\Foundation\\Http\\Middleware\\TrimStrings.php(51): Illuminate\\Foundation\\Http\\Middleware\\TransformsRequest->handle(Object(Illuminate\\Http\\Request), Object(Closure))
#33 C:\\Users\\DELL\\Downloads\\MARKOUB PROJECT\\MARKOUB\\backend\\vendor\\laravel\\framework\\src\\Illuminate\\Pipeline\\Pipeline.php(209): Illuminate\\Foundation\\Http\\Middleware\\TrimStrings->handle(Object(Illuminate\\Http\\Request), Object(Closure))
#34 C:\\Users\\DELL\\Downloads\\MARKOUB PROJECT\\MARKOUB\\backend\\vendor\\laravel\\framework\\src\\Illuminate\\Http\\Middleware\\ValidatePostSize.php(27): Illuminate\\Pipeline\\Pipeline->Illuminate\\Pipeline\\{closure}(Object(Illuminate\\Http\\Request))
#35 C:\\Users\\DELL\\Downloads\\MARKOUB PROJECT\\MARKOUB\\backend\\vendor\\laravel\\framework\\src\\Illuminate\\Pipeline\\Pipeline.php(209): Illuminate\\Http\\Middleware\\ValidatePostSize->handle(Object(Illuminate\\Http\\Request), Object(Closure))
#36 C:\\Users\\DELL\\Downloads\\MARKOUB PROJECT\\MARKOUB\\backend\\vendor\\laravel\\framework\\src\\Illuminate\\Foundation\\Http\\Middleware\\PreventRequestsDuringMaintenance.php(110): Illuminate\\Pipeline\\Pipeline->Illuminate\\Pipeline\\{closure}(Object(Illuminate\\Http\\Request))
#37 C:\\Users\\DELL\\Downloads\\MARKOUB PROJECT\\MARKOUB\\backend\\vendor\\laravel\\framework\\src\\Illuminate\\Pipeline\\Pipeline.php(209): Illuminate\\Foundation\\Http\\Middleware\\PreventRequestsDuringMaintenance->handle(Object(Illuminate\\Http\\Request), Object(Closure))
#38 C:\\Users\\DELL\\Downloads\\MARKOUB PROJECT\\MARKOUB\\backend\\vendor\\laravel\\framework\\src\\Illuminate\\Http\\Middleware\\HandleCors.php(62): Illuminate\\Pipeline\\Pipeline->Illuminate\\Pipeline\\{closure}(Object(Illuminate\\Http\\Request))
#39 C:\\Users\\DELL\\Downloads\\MARKOUB PROJECT\\MARKOUB\\backend\\vendor\\laravel\\framework\\src\\Illuminate\\Pipeline\\Pipeline.php(209): Illuminate\\Http\\Middleware\\HandleCors->handle(Object(Illuminate\\Http\\Request), Object(Closure))
#40 C:\\Users\\DELL\\Downloads\\MARKOUB PROJECT\\MARKOUB\\backend\\vendor\\laravel\\framework\\src\\Illuminate\\Http\\Middleware\\TrustProxies.php(58): Illuminate\\Pipeline\\Pipeline->Illuminate\\Pipeline\\{closure}(Object(Illuminate\\Http\\Request))
#41 C:\\Users\\DELL\\Downloads\\MARKOUB PROJECT\\MARKOUB\\backend\\vendor\\laravel\\framework\\src\\Illuminate\\Pipeline\\Pipeline.php(209): Illuminate\\Http\\Middleware\\TrustProxies->handle(Object(Illuminate\\Http\\Request), Object(Closure))
#42 C:\\Users\\DELL\\Downloads\\MARKOUB PROJECT\\MARKOUB\\backend\\vendor\\laravel\\framework\\src\\Illuminate\\Foundation\\Http\\Middleware\\InvokeDeferredCallbacks.php(22): Illuminate\\Pipeline\\Pipeline->Illuminate\\Pipeline\\{closure}(Object(Illuminate\\Http\\Request))
#43 C:\\Users\\DELL\\Downloads\\MARKOUB PROJECT\\MARKOUB\\backend\\vendor\\laravel\\framework\\src\\Illuminate\\Pipeline\\Pipeline.php(209): Illuminate\\Foundation\\Http\\Middleware\\InvokeDeferredCallbacks->handle(Object(Illuminate\\Http\\Request), Object(Closure))
#44 C:\\Users\\DELL\\Downloads\\MARKOUB PROJECT\\MARKOUB\\backend\\vendor\\laravel\\framework\\src\\Illuminate\\Pipeline\\Pipeline.php(127): Illuminate\\Pipeline\\Pipeline->Illuminate\\Pipeline\\{closure}(Object(Illuminate\\Http\\Request))
#45 C:\\Users\\DELL\\Downloads\\MARKOUB PROJECT\\MARKOUB\\backend\\vendor\\laravel\\framework\\src\\Illuminate\\Foundation\\Http\\Kernel.php(176): Illuminate\\Pipeline\\Pipeline->then(Object(Closure))
#46 C:\\Users\\DELL\\Downloads\\MARKOUB PROJECT\\MARKOUB\\backend\\vendor\\laravel\\framework\\src\\Illuminate\\Foundation\\Http\\Kernel.php(145): Illuminate\\Foundation\\Http\\Kernel->sendRequestThroughRouter(Object(Illuminate\\Http\\Request))
#47 C:\\Users\\DELL\\Downloads\\MARKOUB PROJECT\\MARKOUB\\backend\\vendor\\laravel\\framework\\src\\Illuminate\\Foundation\\Application.php(1220): Illuminate\\Foundation\\Http\\Kernel->handle(Object(Illuminate\\Http\\Request))
#48 C:\\Users\\DELL\\Downloads\\MARKOUB PROJECT\\MARKOUB\\backend\\public\\index.php(17): Illuminate\\Foundation\\Application->handleRequest(Object(Illuminate\\Http\\Request))
#49 C:\\Users\\DELL\\Downloads\\MARKOUB PROJECT\\MARKOUB\\backend\\vendor\\laravel\\framework\\src\\Illuminate\\Foundation\\resources\\server.php(23): require_once('C:\\\\Users\\\\DELL\\\\D...')
#50 {main}

[previous exception] [object] (PDOException(code: 2002): SQLSTATE[HY000] [2002] Aucune connexion n’a pu être établie car l’ordinateur cible l’a expressément refusée at C:\\Users\\DELL\\Downloads\\MARKOUB PROJECT\\MARKOUB\\backend\\vendor\\laravel\\framework\\src\\Illuminate\\Database\\Connectors\\Connector.php:66)
[stacktrace]
#0 C:\\Users\\DELL\\Downloads\\MARKOUB PROJECT\\MARKOUB\\backend\\vendor\\laravel\\framework\\src\\Illuminate\\Database\\Connectors\\Connector.php(66): PDO->__construct('mysql:host=127....', 'root', Object(SensitiveParameterValue), Array)
#1 C:\\Users\\DELL\\Downloads\\MARKOUB PROJECT\\MARKOUB\\backend\\vendor\\laravel\\framework\\src\\Illuminate\\Database\\Connectors\\Connector.php(44): Illuminate\\Database\\Connectors\\Connector->createPdoConnection('mysql:host=127....', 'root', Object(SensitiveParameterValue), Array)
#2 C:\\Users\\DELL\\Downloads\\MARKOUB PROJECT\\MARKOUB\\backend\\vendor\\laravel\\framework\\src\\Illuminate\\Database\\Connectors\\MySqlConnector.php(24): Illuminate\\Database\\Connectors\\Connector->createConnection('mysql:host=127....', Array, Array)
#3 C:\\Users\\DELL\\Downloads\\MARKOUB PROJECT\\MARKOUB\\backend\\vendor\\laravel\\framework\\src\\Illuminate\\Database\\Connectors\\ConnectionFactory.php(185): Illuminate\\Database\\Connectors\\MySqlConnector->connect(Array)
#4 [internal function]: Illuminate\\Database\\Connectors\\ConnectionFactory->Illuminate\\Database\\Connectors\\{closure}()
#5 C:\\Users\\DELL\\Downloads\\MARKOUB PROJECT\\MARKOUB\\backend\\vendor\\laravel\\framework\\src\\Illuminate\\Database\\Connection.php(1231): call_user_func(Object(Closure))
#6 C:\\Users\\DELL\\Downloads\\MARKOUB PROJECT\\MARKOUB\\backend\\vendor\\laravel\\framework\\src\\Illuminate\\Database\\Connection.php(1267): Illuminate\\Database\\Connection->getPdo()
#7 C:\\Users\\DELL\\Downloads\\MARKOUB PROJECT\\MARKOUB\\backend\\vendor\\laravel\\framework\\src\\Illuminate\\Database\\Connection.php(512): Illuminate\\Database\\Connection->getReadPdo()
#8 C:\\Users\\DELL\\Downloads\\MARKOUB PROJECT\\MARKOUB\\backend\\vendor\\laravel\\framework\\src\\Illuminate\\Database\\Connection.php(407): Illuminate\\Database\\Connection->getPdoForSelect(true)
#9 C:\\Users\\DELL\\Downloads\\MARKOUB PROJECT\\MARKOUB\\backend\\vendor\\laravel\\framework\\src\\Illuminate\\Database\\Connection.php(812): Illuminate\\Database\\Connection->Illuminate\\Database\\{closure}('select count(*)...', Array)
#10 C:\\Users\\DELL\\Downloads\\MARKOUB PROJECT\\MARKOUB\\backend\\vendor\\laravel\\framework\\src\\Illuminate\\Database\\Connection.php(979): Illuminate\\Database\\Connection->runQueryCallback('select count(*)...', Array, Object(Closure))
#11 C:\\Users\\DELL\\Downloads\\MARKOUB PROJECT\\MARKOUB\\backend\\vendor\\laravel\\framework\\src\\Illuminate\\Database\\Connection.php(958): Illuminate\\Database\\Connection->tryAgainIfCausedByLostConnection(Object(Illuminate\\Database\\QueryException), 'select count(*)...', Array, Object(Closure))
#12 C:\\Users\\DELL\\Downloads\\MARKOUB PROJECT\\MARKOUB\\backend\\vendor\\laravel\\framework\\src\\Illuminate\\Database\\Connection.php(781): Illuminate\\Database\\Connection->handleQueryException(Object(Illuminate\\Database\\QueryException), 'select count(*)...', Array, Object(Closure))
#13 C:\\Users\\DELL\\Downloads\\MARKOUB PROJECT\\MARKOUB\\backend\\vendor\\laravel\\framework\\src\\Illuminate\\Database\\Connection.php(398): Illuminate\\Database\\Connection->run('select count(*)...', Array, Object(Closure))
#14 C:\\Users\\DELL\\Downloads\\MARKOUB PROJECT\\MARKOUB\\backend\\vendor\\laravel\\framework\\src\\Illuminate\\Database\\Query\\Builder.php(3106): Illuminate\\Database\\Connection->select('select count(*)...', Array, true)
#15 C:\\Users\\DELL\\Downloads\\MARKOUB PROJECT\\MARKOUB\\backend\\vendor\\laravel\\framework\\src\\Illuminate\\Database\\Query\\Builder.php(3091): Illuminate\\Database\\Query\\Builder->runSelect()
#16 C:\\Users\\DELL\\Downloads\\MARKOUB PROJECT\\MARKOUB\\backend\\vendor\\laravel\\framework\\src\\Illuminate\\Database\\Query\\Builder.php(3676): Illuminate\\Database\\Query\\Builder->Illuminate\\Database\\Query\\{closure}()
#17 C:\\Users\\DELL\\Downloads\\MARKOUB PROJECT\\MARKOUB\\backend\\vendor\\laravel\\framework\\src\\Illuminate\\Database\\Query\\Builder.php(3090): Illuminate\\Database\\Query\\Builder->onceWithColumns(Array, Object(Closure))
#18 C:\\Users\\DELL\\Downloads\\MARKOUB PROJECT\\MARKOUB\\backend\\vendor\\laravel\\framework\\src\\Illuminate\\Database\\Query\\Builder.php(3285): Illuminate\\Database\\Query\\Builder->get()
#19 C:\\Users\\DELL\\Downloads\\MARKOUB PROJECT\\MARKOUB\\backend\\vendor\\laravel\\framework\\src\\Illuminate\\Database\\Query\\Builder.php(3244): Illuminate\\Database\\Query\\Builder->runPaginationCountQuery(Array)
#20 C:\\Users\\DELL\\Downloads\\MARKOUB PROJECT\\MARKOUB\\backend\\vendor\\laravel\\framework\\src\\Illuminate\\Database\\Eloquent\\Builder.php(1029): Illuminate\\Database\\Query\\Builder->getCountForPagination()
#21 C:\\Users\\DELL\\Downloads\\MARKOUB PROJECT\\MARKOUB\\backend\\app\\Http\\Controllers\\Api\\V1\\RideController.php(83): Illuminate\\Database\\Eloquent\\Builder->paginate(15)
#22 C:\\Users\\DELL\\Downloads\\MARKOUB PROJECT\\MARKOUB\\backend\\vendor\\laravel\\framework\\src\\Illuminate\\Routing\\ControllerDispatcher.php(47): App\\Http\\Controllers\\Api\\V1\\RideController->index(Object(Illuminate\\Http\\Request))
#23 C:\\Users\\DELL\\Downloads\\MARKOUB PROJECT\\MARKOUB\\backend\\vendor\\laravel\\framework\\src\\Illuminate\\Routing\\Route.php(266): Illuminate\\Routing\\ControllerDispatcher->dispatch(Object(Illuminate\\Routing\\Route), Object(App\\Http\\Controllers\\Api\\V1\\RideController), 'index')
#24 C:\\Users\\DELL\\Downloads\\MARKOUB PROJECT\\MARKOUB\\backend\\vendor\\laravel\\framework\\src\\Illuminate\\Routing\\Route.php(212): Illuminate\\Routing\\Route->runController()
#25 C:\\Users\\DELL\\Downloads\\MARKOUB PROJECT\\MARKOUB\\backend\\vendor\\laravel\\framework\\src\\Illuminate\\Routing\\Router.php(808): Illuminate\\Routing\\Route->run()
#26 C:\\Users\\DELL\\Downloads\\MARKOUB PROJECT\\MARKOUB\\backend\\vendor\\laravel\\framework\\src\\Illuminate\\Pipeline\\Pipeline.php(170): Illuminate\\Routing\\Router->Illuminate\\Routing\\{closure}(Object(Illuminate\\Http\\Request))
#27 C:\\Users\\DELL\\Downloads\\MARKOUB PROJECT\\MARKOUB\\backend\\vendor\\laravel\\framework\\src\\Illuminate\\Routing\\Middleware\\SubstituteBindings.php(51): Illuminate\\Pipeline\\Pipeline->Illuminate\\Pipeline\\{closure}(Object(Illuminate\\Http\\Request))
#28 C:\\Users\\DELL\\Downloads\\MARKOUB PROJECT\\MARKOUB\\backend\\vendor\\laravel\\framework\\src\\Illuminate\\Pipeline\\Pipeline.php(209): Illuminate\\Routing\\Middleware\\SubstituteBindings->handle(Object(Illuminate\\Http\\Request), Object(Closure))
#29 C:\\Users\\DELL\\Downloads\\MARKOUB PROJECT\\MARKOUB\\backend\\vendor\\laravel\\framework\\src\\Illuminate\\Http\\Middleware\\HandleCors.php(62): Illuminate\\Pipeline\\Pipeline->Illuminate\\Pipeline\\{closure}(Object(Illuminate\\Http\\Request))
#30 C:\\Users\\DELL\\Downloads\\MARKOUB PROJECT\\MARKOUB\\backend\\vendor\\laravel\\framework\\src\\Illuminate\\Pipeline\\Pipeline.php(209): Illuminate\\Http\\Middleware\\HandleCors->handle(Object(Illuminate\\Http\\Request), Object(Closure))
#31 C:\\Users\\DELL\\Downloads\\MARKOUB PROJECT\\MARKOUB\\backend\\vendor\\laravel\\framework\\src\\Illuminate\\Pipeline\\Pipeline.php(127): Illuminate\\Pipeline\\Pipeline->Illuminate\\Pipeline\\{closure}(Object(Illuminate\\Http\\Request))
#32 C:\\Users\\DELL\\Downloads\\MARKOUB PROJECT\\MARKOUB\\backend\\vendor\\laravel\\framework\\src\\Illuminate\\Routing\\Router.php(807): Illuminate\\Pipeline\\Pipeline->then(Object(Closure))
#33 C:\\Users\\DELL\\Downloads\\MARKOUB PROJECT\\MARKOUB\\backend\\vendor\\laravel\\framework\\src\\Illuminate\\Routing\\Router.php(786): Illuminate\\Routing\\Router->runRouteWithinStack(Object(Illuminate\\Routing\\Route), Object(Illuminate\\Http\\Request))
#34 C:\\Users\\DELL\\Downloads\\MARKOUB PROJECT\\MARKOUB\\backend\\vendor\\laravel\\framework\\src\\Illuminate\\Routing\\Router.php(750): Illuminate\\Routing\\Router->runRoute(Object(Illuminate\\Http\\Request), Object(Illuminate\\Routing\\Route))
#35 C:\\Users\\DELL\\Downloads\\MARKOUB PROJECT\\MARKOUB\\backend\\vendor\\laravel\\framework\\src\\Illuminate\\Routing\\Router.php(739): Illuminate\\Routing\\Router->dispatchToRoute(Object(Illuminate\\Http\\Request))
#36 C:\\Users\\DELL\\Downloads\\MARKOUB PROJECT\\MARKOUB\\backend\\vendor\\laravel\\framework\\src\\Illuminate\\Foundation\\Http\\Kernel.php(201): Illuminate\\Routing\\Router->dispatch(Object(Illuminate\\Http\\Request))
#37 C:\\Users\\DELL\\Downloads\\MARKOUB PROJECT\\MARKOUB\\backend\\vendor\\laravel\\framework\\src\\Illuminate\\Pipeline\\Pipeline.php(170): Illuminate\\Foundation\\Http\\Kernel->Illuminate\\Foundation\\Http\\{closure}(Object(Illuminate\\Http\\Request))
#38 C:\\Users\\DELL\\Downloads\\MARKOUB PROJECT\\MARKOUB\\backend\\vendor\\laravel\\framework\\src\\Illuminate\\Foundation\\Http\\Middleware\\TransformsRequest.php(21): Illuminate\\Pipeline\\Pipeline->Illuminate\\Pipeline\\{closure}(Object(Illuminate\\Http\\Request))
#39 C:\\Users\\DELL\\Downloads\\MARKOUB PROJECT\\MARKOUB\\backend\\vendor\\laravel\\framework\\src\\Illuminate\\Foundation\\Http\\Middleware\\ConvertEmptyStringsToNull.php(31): Illuminate\\Foundation\\Http\\Middleware\\TransformsRequest->handle(Object(Illuminate\\Http\\Request), Object(Closure))
#40 C:\\Users\\DELL\\Downloads\\MARKOUB PROJECT\\MARKOUB\\backend\\vendor\\laravel\\framework\\src\\Illuminate\\Pipeline\\Pipeline.php(209): Illuminate\\Foundation\\Http\\Middleware\\ConvertEmptyStringsToNull->handle(Object(Illuminate\\Http\\Request), Object(Closure))
#41 C:\\Users\\DELL\\Downloads\\MARKOUB PROJECT\\MARKOUB\\backend\\vendor\\laravel\\framework\\src\\Illuminate\\Foundation\\Http\\Middleware\\TransformsRequest.php(21): Illuminate\\Pipeline\\Pipeline->Illuminate\\Pipeline\\{closure}(Object(Illuminate\\Http\\Request))
#42 C:\\Users\\DELL\\Downloads\\MARKOUB PROJECT\\MARKOUB\\backend\\vendor\\laravel\\framework\\src\\Illuminate\\Foundation\\Http\\Middleware\\TrimStrings.php(51): Illuminate\\Foundation\\Http\\Middleware\\TransformsRequest->handle(Object(Illuminate\\Http\\Request), Object(Closure))
#43 C:\\Users\\DELL\\Downloads\\MARKOUB PROJECT\\MARKOUB\\backend\\vendor\\laravel\\framework\\src\\Illuminate\\Pipeline\\Pipeline.php(209): Illuminate\\Foundation\\Http\\Middleware\\TrimStrings->handle(Object(Illuminate\\Http\\Request), Object(Closure))
#44 C:\\Users\\DELL\\Downloads\\MARKOUB PROJECT\\MARKOUB\\backend\\vendor\\laravel\\framework\\src\\Illuminate\\Http\\Middleware\\ValidatePostSize.php(27): Illuminate\\Pipeline\\Pipeline->Illuminate\\Pipeline\\{closure}(Object(Illuminate\\Http\\Request))
#45 C:\\Users\\DELL\\Downloads\\MARKOUB PROJECT\\MARKOUB\\backend\\vendor\\laravel\\framework\\src\\Illuminate\\Pipeline\\Pipeline.php(209): Illuminate\\Http\\Middleware\\ValidatePostSize->handle(Object(Illuminate\\Http\\Request), Object(Closure))
#46 C:\\Users\\DELL\\Downloads\\MARKOUB PROJECT\\MARKOUB\\backend\\vendor\\laravel\\framework\\src\\Illuminate\\Foundation\\Http\\Middleware\\PreventRequestsDuringMaintenance.php(110): Illuminate\\Pipeline\\Pipeline->Illuminate\\Pipeline\\{closure}(Object(Illuminate\\Http\\Request))
#47 C:\\Users\\DELL\\Downloads\\MARKOUB PROJECT\\MARKOUB\\backend\\vendor\\laravel\\framework\\src\\Illuminate\\Pipeline\\Pipeline.php(209): Illuminate\\Foundation\\Http\\Middleware\\PreventRequestsDuringMaintenance->handle(Object(Illuminate\\Http\\Request), Object(Closure))
#48 C:\\Users\\DELL\\Downloads\\MARKOUB PROJECT\\MARKOUB\\backend\\vendor\\laravel\\framework\\src\\Illuminate\\Http\\Middleware\\HandleCors.php(62): Illuminate\\Pipeline\\Pipeline->Illuminate\\Pipeline\\{closure}(Object(Illuminate\\Http\\Request))
#49 C:\\Users\\DELL\\Downloads\\MARKOUB PROJECT\\MARKOUB\\backend\\vendor\\laravel\\framework\\src\\Illuminate\\Pipeline\\Pipeline.php(209): Illuminate\\Http\\Middleware\\HandleCors->handle(Object(Illuminate\\Http\\Request), Object(Closure))
#50 C:\\Users\\DELL\\Downloads\\MARKOUB PROJECT\\MARKOUB\\backend\\vendor\\laravel\\framework\\src\\Illuminate\\Http\\Middleware\\TrustProxies.php(58): Illuminate\\Pipeline\\Pipeline->Illuminate\\Pipeline\\{closure}(Object(Illuminate\\Http\\Request))
#51 C:\\Users\\DELL\\Downloads\\MARKOUB PROJECT\\MARKOUB\\backend\\vendor\\laravel\\framework\\src\\Illuminate\\Pipeline\\Pipeline.php(209): Illuminate\\Http\\Middleware\\TrustProxies->handle(Object(Illuminate\\Http\\Request), Object(Closure))
#52 C:\\Users\\DELL\\Downloads\\MARKOUB PROJECT\\MARKOUB\\backend\\vendor\\laravel\\framework\\src\\Illuminate\\Foundation\\Http\\Middleware\\InvokeDeferredCallbacks.php(22): Illuminate\\Pipeline\\Pipeline->Illuminate\\Pipeline\\{closure}(Object(Illuminate\\Http\\Request))
#53 C:\\Users\\DELL\\Downloads\\MARKOUB PROJECT\\MARKOUB\\backend\\vendor\\laravel\\framework\\src\\Illuminate\\Pipeline\\Pipeline.php(209): Illuminate\\Foundation\\Http\\Middleware\\InvokeDeferredCallbacks->handle(Object(Illuminate\\Http\\Request), Object(Closure))
#54 C:\\Users\\DELL\\Downloads\\MARKOUB PROJECT\\MARKOUB\\backend\\vendor\\laravel\\framework\\src\\Illuminate\\Pipeline\\Pipeline.php(127): Illuminate\\Pipeline\\Pipeline->Illuminate\\Pipeline\\{closure}(Object(Illuminate\\Http\\Request))
#55 C:\\Users\\DELL\\Downloads\\MARKOUB PROJECT\\MARKOUB\\backend\\vendor\\laravel\\framework\\src\\Illuminate\\Foundation\\Http\\Kernel.php(176): Illuminate\\Pipeline\\Pipeline->then(Object(Closure))
#56 C:\\Users\\DELL\\Downloads\\MARKOUB PROJECT\\MARKOUB\\backend\\vendor\\laravel\\framework\\src\\Illuminate\\Foundation\\Http\\Kernel.php(145): Illuminate\\Foundation\\Http\\Kernel->sendRequestThroughRouter(Object(Illuminate\\Http\\Request))
#57 C:\\Users\\DELL\\Downloads\\MARKOUB PROJECT\\MARKOUB\\backend\\vendor\\laravel\\framework\\src\\Illuminate\\Foundation\\Application.php(1220): Illuminate\\Foundation\\Http\\Kernel->handle(Object(Illuminate\\Http\\Request))
#58 C:\\Users\\DELL\\Downloads\\MARKOUB PROJECT\\MARKOUB\\backend\\public\\index.php(17): Illuminate\\Foundation\\Application->handleRequest(Object(Illuminate\\Http\\Request))
#59 C:\\Users\\DELL\\Downloads\\MARKOUB PROJECT\\MARKOUB\\backend\\vendor\\laravel\\framework\\src\\Illuminate\\Foundation\\resources\\server.php(23): require_once('C:\\\\Users\\\\DELL\\\\D...')
#60 {main}
"} 
[2025-11-02 08:57:15] local.ERROR: SQLSTATE[HY000] [2002] Aucune connexion n’a pu être établie car l’ordinateur cible l’a expressément refusée (Connection: mysql, SQL: select count(*) as aggregate from `rides` where `status` = active and `seats_available` > 0 and date(`ride_date`) >= 2025-11-02 and date(`ride_date`) >= 2025-11-02 and `rides`.`deleted_at` is null) {"exception":"[object] (Illuminate\\Database\\QueryException(code: 2002): SQLSTATE[HY000] [2002] Aucune connexion n’a pu être établie car l’ordinateur cible l’a expressément refusée (Connection: mysql, SQL: select count(*) as aggregate from `rides` where `status` = active and `seats_available` > 0 and date(`ride_date`) >= 2025-11-02 and date(`ride_date`) >= 2025-11-02 and `rides`.`deleted_at` is null) at C:\\Users\\DELL\\Downloads\\MARKOUB PROJECT\\MARKOUB\\backend\\vendor\\laravel\\framework\\src\\Illuminate\\Database\\Connection.php:825)
[stacktrace]
#0 C:\\Users\\DELL\\Downloads\\MARKOUB PROJECT\\MARKOUB\\backend\\vendor\\laravel\\framework\\src\\Illuminate\\Database\\Connection.php(779): Illuminate\\Database\\Connection->runQueryCallback('select count(*)...', Array, Object(Closure))
#1 C:\\Users\\DELL\\Downloads\\MARKOUB PROJECT\\MARKOUB\\backend\\vendor\\laravel\\framework\\src\\Illuminate\\Database\\Connection.php(398): Illuminate\\Database\\Connection->run('select count(*)...', Array, Object(Closure))
#2 C:\\Users\\DELL\\Downloads\\MARKOUB PROJECT\\MARKOUB\\backend\\vendor\\laravel\\framework\\src\\Illuminate\\Database\\Query\\Builder.php(3106): Illuminate\\Database\\Connection->select('select count(*)...', Array, true)
#3 C:\\Users\\DELL\\Downloads\\MARKOUB PROJECT\\MARKOUB\\backend\\vendor\\laravel\\framework\\src\\Illuminate\\Database\\Query\\Builder.php(3091): Illuminate\\Database\\Query\\Builder->runSelect()
#4 C:\\Users\\DELL\\Downloads\\MARKOUB PROJECT\\MARKOUB\\backend\\vendor\\laravel\\framework\\src\\Illuminate\\Database\\Query\\Builder.php(3676): Illuminate\\Database\\Query\\Builder->Illuminate\\Database\\Query\\{closure}()
#5 C:\\Users\\DELL\\Downloads\\MARKOUB PROJECT\\MARKOUB\\backend\\vendor\\laravel\\framework\\src\\Illuminate\\Database\\Query\\Builder.php(3090): Illuminate\\Database\\Query\\Builder->onceWithColumns(Array, Object(Closure))
#6 C:\\Users\\DELL\\Downloads\\MARKOUB PROJECT\\MARKOUB\\backend\\vendor\\laravel\\framework\\src\\Illuminate\\Database\\Query\\Builder.php(3285): Illuminate\\Database\\Query\\Builder->get()
#7 C:\\Users\\DELL\\Downloads\\MARKOUB PROJECT\\MARKOUB\\backend\\vendor\\laravel\\framework\\src\\Illuminate\\Database\\Query\\Builder.php(3244): Illuminate\\Database\\Query\\Builder->runPaginationCountQuery(Array)
#8 C:\\Users\\DELL\\Downloads\\MARKOUB PROJECT\\MARKOUB\\backend\\vendor\\laravel\\framework\\src\\Illuminate\\Database\\Eloquent\\Builder.php(1029): Illuminate\\Database\\Query\\Builder->getCountForPagination()
#9 C:\\Users\\DELL\\Downloads\\MARKOUB PROJECT\\MARKOUB\\backend\\app\\Http\\Controllers\\Api\\V1\\RideController.php(83): Illuminate\\Database\\Eloquent\\Builder->paginate(15)
#10 C:\\Users\\DELL\\Downloads\\MARKOUB PROJECT\\MARKOUB\\backend\\vendor\\laravel\\framework\\src\\Illuminate\\Routing\\ControllerDispatcher.php(47): App\\Http\\Controllers\\Api\\V1\\RideController->index(Object(Illuminate\\Http\\Request))
#11 C:\\Users\\DELL\\Downloads\\MARKOUB PROJECT\\MARKOUB\\backend\\vendor\\laravel\\framework\\src\\Illuminate\\Routing\\Route.php(266): Illuminate\\Routing\\ControllerDispatcher->dispatch(Object(Illuminate\\Routing\\Route), Object(App\\Http\\Controllers\\Api\\V1\\RideController), 'index')
#12 C:\\Users\\DELL\\Downloads\\MARKOUB PROJECT\\MARKOUB\\backend\\vendor\\laravel\\framework\\src\\Illuminate\\Routing\\Route.php(212): Illuminate\\Routing\\Route->runController()
#13 C:\\Users\\DELL\\Downloads\\MARKOUB PROJECT\\MARKOUB\\backend\\vendor\\laravel\\framework\\src\\Illuminate\\Routing\\Router.php(808): Illuminate\\Routing\\Route->run()
#14 C:\\Users\\DELL\\Downloads\\MARKOUB PROJECT\\MARKOUB\\backend\\vendor\\laravel\\framework\\src\\Illuminate\\Pipeline\\Pipeline.php(170): Illuminate\\Routing\\Router->Illuminate\\Routing\\{closure}(Object(Illuminate\\Http\\Request))
#15 C:\\Users\\DELL\\Downloads\\MARKOUB PROJECT\\MARKOUB\\backend\\vendor\\laravel\\framework\\src\\Illuminate\\Routing\\Middleware\\SubstituteBindings.php(51): Illuminate\\Pipeline\\Pipeline->Illuminate\\Pipeline\\{closure}(Object(Illuminate\\Http\\Request))
#16 C:\\Users\\DELL\\Downloads\\MARKOUB PROJECT\\MARKOUB\\backend\\vendor\\laravel\\framework\\src\\Illuminate\\Pipeline\\Pipeline.php(209): Illuminate\\Routing\\Middleware\\SubstituteBindings->handle(Object(Illuminate\\Http\\Request), Object(Closure))
#17 C:\\Users\\DELL\\Downloads\\MARKOUB PROJECT\\MARKOUB\\backend\\vendor\\laravel\\framework\\src\\Illuminate\\Http\\Middleware\\HandleCors.php(62): Illuminate\\Pipeline\\Pipeline->Illuminate\\Pipeline\\{closure}(Object(Illuminate\\Http\\Request))
#18 C:\\Users\\DELL\\Downloads\\MARKOUB PROJECT\\MARKOUB\\backend\\vendor\\laravel\\framework\\src\\Illuminate\\Pipeline\\Pipeline.php(209): Illuminate\\Http\\Middleware\\HandleCors->handle(Object(Illuminate\\Http\\Request), Object(Closure))
#19 C:\\Users\\DELL\\Downloads\\MARKOUB PROJECT\\MARKOUB\\backend\\vendor\\laravel\\framework\\src\\Illuminate\\Pipeline\\Pipeline.php(127): Illuminate\\Pipeline\\Pipeline->Illuminate\\Pipeline\\{closure}(Object(Illuminate\\Http\\Request))
#20 C:\\Users\\DELL\\Downloads\\MARKOUB PROJECT\\MARKOUB\\backend\\vendor\\laravel\\framework\\src\\Illuminate\\Routing\\Router.php(807): Illuminate\\Pipeline\\Pipeline->then(Object(Closure))
#21 C:\\Users\\DELL\\Downloads\\MARKOUB PROJECT\\MARKOUB\\backend\\vendor\\laravel\\framework\\src\\Illuminate\\Routing\\Router.php(786): Illuminate\\Routing\\Router->runRouteWithinStack(Object(Illuminate\\Routing\\Route), Object(Illuminate\\Http\\Request))
#22 C:\\Users\\DELL\\Downloads\\MARKOUB PROJECT\\MARKOUB\\backend\\vendor\\laravel\\framework\\src\\Illuminate\\Routing\\Router.php(750): Illuminate\\Routing\\Router->runRoute(Object(Illuminate\\Http\\Request), Object(Illuminate\\Routing\\Route))
#23 C:\\Users\\DELL\\Downloads\\MARKOUB PROJECT\\MARKOUB\\backend\\vendor\\laravel\\framework\\src\\Illuminate\\Routing\\Router.php(739): Illuminate\\Routing\\Router->dispatchToRoute(Object(Illuminate\\Http\\Request))
#24 C:\\Users\\DELL\\Downloads\\MARKOUB PROJECT\\MARKOUB\\backend\\vendor\\laravel\\framework\\src\\Illuminate\\Foundation\\Http\\Kernel.php(201): Illuminate\\Routing\\Router->dispatch(Object(Illuminate\\Http\\Request))
#25 C:\\Users\\DELL\\Downloads\\MARKOUB PROJECT\\MARKOUB\\backend\\vendor\\laravel\\framework\\src\\Illuminate\\Pipeline\\Pipeline.php(170): Illuminate\\Foundation\\Http\\Kernel->Illuminate\\Foundation\\Http\\{closure}(Object(Illuminate\\Http\\Request))
#26 C:\\Users\\DELL\\Downloads\\MARKOUB PROJECT\\MARKOUB\\backend\\vendor\\laravel\\framework\\src\\Illuminate\\Foundation\\Http\\Middleware\\TransformsRequest.php(21): Illuminate\\Pipeline\\Pipeline->Illuminate\\Pipeline\\{closure}(Object(Illuminate\\Http\\Request))
#27 C:\\Users\\DELL\\Downloads\\MARKOUB PROJECT\\MARKOUB\\backend\\vendor\\laravel\\framework\\src\\Illuminate\\Foundation\\Http\\Middleware\\ConvertEmptyStringsToNull.php(31): Illuminate\\Foundation\\Http\\Middleware\\TransformsRequest->handle(Object(Illuminate\\Http\\Request), Object(Closure))
#28 C:\\Users\\DELL\\Downloads\\MARKOUB PROJECT\\MARKOUB\\backend\\vendor\\laravel\\framework\\src\\Illuminate\\Pipeline\\Pipeline.php(209): Illuminate\\Foundation\\Http\\Middleware\\ConvertEmptyStringsToNull->handle(Object(Illuminate\\Http\\Request), Object(Closure))
#29 C:\\Users\\DELL\\Downloads\\MARKOUB PROJECT\\MARKOUB\\backend\\vendor\\laravel\\framework\\src\\Illuminate\\Foundation\\Http\\Middleware\\TransformsRequest.php(21): Illuminate\\Pipeline\\Pipeline->Illuminate\\Pipeline\\{closure}(Object(Illuminate\\Http\\Request))
#30 C:\\Users\\DELL\\Downloads\\MARKOUB PROJECT\\MARKOUB\\backend\\vendor\\laravel\\framework\\src\\Illuminate\\Foundation\\Http\\Middleware\\TrimStrings.php(51): Illuminate\\Foundation\\Http\\Middleware\\TransformsRequest->handle(Object(Illuminate\\Http\\Request), Object(Closure))
#31 C:\\Users\\DELL\\Downloads\\MARKOUB PROJECT\\MARKOUB\\backend\\vendor\\laravel\\framework\\src\\Illuminate\\Pipeline\\Pipeline.php(209): Illuminate\\Foundation\\Http\\Middleware\\TrimStrings->handle(Object(Illuminate\\Http\\Request), Object(Closure))
#32 C:\\Users\\DELL\\Downloads\\MARKOUB PROJECT\\MARKOUB\\backend\\vendor\\laravel\\framework\\src\\Illuminate\\Http\\Middleware\\ValidatePostSize.php(27): Illuminate\\Pipeline\\Pipeline->Illuminate\\Pipeline\\{closure}(Object(Illuminate\\Http\\Request))
#33 C:\\Users\\DELL\\Downloads\\MARKOUB PROJECT\\MARKOUB\\backend\\vendor\\laravel\\framework\\src\\Illuminate\\Pipeline\\Pipeline.php(209): Illuminate\\Http\\Middleware\\ValidatePostSize->handle(Object(Illuminate\\Http\\Request), Object(Closure))
#34 C:\\Users\\DELL\\Downloads\\MARKOUB PROJECT\\MARKOUB\\backend\\vendor\\laravel\\framework\\src\\Illuminate\\Foundation\\Http\\Middleware\\PreventRequestsDuringMaintenance.php(110): Illuminate\\Pipeline\\Pipeline->Illuminate\\Pipeline\\{closure}(Object(Illuminate\\Http\\Request))
#35 C:\\Users\\DELL\\Downloads\\MARKOUB PROJECT\\MARKOUB\\backend\\vendor\\laravel\\framework\\src\\Illuminate\\Pipeline\\Pipeline.php(209): Illuminate\\Foundation\\Http\\Middleware\\PreventRequestsDuringMaintenance->handle(Object(Illuminate\\Http\\Request), Object(Closure))
#36 C:\\Users\\DELL\\Downloads\\MARKOUB PROJECT\\MARKOUB\\backend\\vendor\\laravel\\framework\\src\\Illuminate\\Http\\Middleware\\HandleCors.php(62): Illuminate\\Pipeline\\Pipeline->Illuminate\\Pipeline\\{closure}(Object(Illuminate\\Http\\Request))
#37 C:\\Users\\DELL\\Downloads\\MARKOUB PROJECT\\MARKOUB\\backend\\vendor\\laravel\\framework\\src\\Illuminate\\Pipeline\\Pipeline.php(209): Illuminate\\Http\\Middleware\\HandleCors->handle(Object(Illuminate\\Http\\Request), Object(Closure))
#38 C:\\Users\\DELL\\Downloads\\MARKOUB PROJECT\\MARKOUB\\backend\\vendor\\laravel\\framework\\src\\Illuminate\\Http\\Middleware\\TrustProxies.php(58): Illuminate\\Pipeline\\Pipeline->Illuminate\\Pipeline\\{closure}(Object(Illuminate\\Http\\Request))
#39 C:\\Users\\DELL\\Downloads\\MARKOUB PROJECT\\MARKOUB\\backend\\vendor\\laravel\\framework\\src\\Illuminate\\Pipeline\\Pipeline.php(209): Illuminate\\Http\\Middleware\\TrustProxies->handle(Object(Illuminate\\Http\\Request), Object(Closure))
#40 C:\\Users\\DELL\\Downloads\\MARKOUB PROJECT\\MARKOUB\\backend\\vendor\\laravel\\framework\\src\\Illuminate\\Foundation\\Http\\Middleware\\InvokeDeferredCallbacks.php(22): Illuminate\\Pipeline\\Pipeline->Illuminate\\Pipeline\\{closure}(Object(Illuminate\\Http\\Request))
#41 C:\\Users\\DELL\\Downloads\\MARKOUB PROJECT\\MARKOUB\\backend\\vendor\\laravel\\framework\\src\\Illuminate\\Pipeline\\Pipeline.php(209): Illuminate\\Foundation\\Http\\Middleware\\InvokeDeferredCallbacks->handle(Object(Illuminate\\Http\\Request), Object(Closure))
#42 C:\\Users\\DELL\\Downloads\\MARKOUB PROJECT\\MARKOUB\\backend\\vendor\\laravel\\framework\\src\\Illuminate\\Pipeline\\Pipeline.php(127): Illuminate\\Pipeline\\Pipeline->Illuminate\\Pipeline\\{closure}(Object(Illuminate\\Http\\Request))
#43 C:\\Users\\DELL\\Downloads\\MARKOUB PROJECT\\MARKOUB\\backend\\vendor\\laravel\\framework\\src\\Illuminate\\Foundation\\Http\\Kernel.php(176): Illuminate\\Pipeline\\Pipeline->then(Object(Closure))
#44 C:\\Users\\DELL\\Downloads\\MARKOUB PROJECT\\MARKOUB\\backend\\vendor\\laravel\\framework\\src\\Illuminate\\Foundation\\Http\\Kernel.php(145): Illuminate\\Foundation\\Http\\Kernel->sendRequestThroughRouter(Object(Illuminate\\Http\\Request))
#45 C:\\Users\\DELL\\Downloads\\MARKOUB PROJECT\\MARKOUB\\backend\\vendor\\laravel\\framework\\src\\Illuminate\\Foundation\\Application.php(1220): Illuminate\\Foundation\\Http\\Kernel->handle(Object(Illuminate\\Http\\Request))
#46 C:\\Users\\DELL\\Downloads\\MARKOUB PROJECT\\MARKOUB\\backend\\public\\index.php(17): Illuminate\\Foundation\\Application->handleRequest(Object(Illuminate\\Http\\Request))
#47 C:\\Users\\DELL\\Downloads\\MARKOUB PROJECT\\MARKOUB\\backend\\vendor\\laravel\\framework\\src\\Illuminate\\Foundation\\resources\\server.php(23): require_once('C:\\\\Users\\\\DELL\\\\D...')
#48 {main}

[previous exception] [object] (PDOException(code: 2002): SQLSTATE[HY000] [2002] Aucune connexion n’a pu être établie car l’ordinateur cible l’a expressément refusée at C:\\Users\\DELL\\Downloads\\MARKOUB PROJECT\\MARKOUB\\backend\\vendor\\laravel\\framework\\src\\Illuminate\\Database\\Connectors\\Connector.php:66)
[stacktrace]
#0 C:\\Users\\DELL\\Downloads\\MARKOUB PROJECT\\MARKOUB\\backend\\vendor\\laravel\\framework\\src\\Illuminate\\Database\\Connectors\\Connector.php(66): PDO->__construct('mysql:host=127....', 'root', Object(SensitiveParameterValue), Array)
#1 C:\\Users\\DELL\\Downloads\\MARKOUB PROJECT\\MARKOUB\\backend\\vendor\\laravel\\framework\\src\\Illuminate\\Database\\Connectors\\Connector.php(44): Illuminate\\Database\\Connectors\\Connector->createPdoConnection('mysql:host=127....', 'root', Object(SensitiveParameterValue), Array)
#2 C:\\Users\\DELL\\Downloads\\MARKOUB PROJECT\\MARKOUB\\backend\\vendor\\laravel\\framework\\src\\Illuminate\\Database\\Connectors\\MySqlConnector.php(24): Illuminate\\Database\\Connectors\\Connector->createConnection('mysql:host=127....', Array, Array)
#3 C:\\Users\\DELL\\Downloads\\MARKOUB PROJECT\\MARKOUB\\backend\\vendor\\laravel\\framework\\src\\Illuminate\\Database\\Connectors\\ConnectionFactory.php(185): Illuminate\\Database\\Connectors\\MySqlConnector->connect(Array)
#4 [internal function]: Illuminate\\Database\\Connectors\\ConnectionFactory->Illuminate\\Database\\Connectors\\{closure}()
#5 C:\\Users\\DELL\\Downloads\\MARKOUB PROJECT\\MARKOUB\\backend\\vendor\\laravel\\framework\\src\\Illuminate\\Database\\Connection.php(1231): call_user_func(Object(Closure))
#6 C:\\Users\\DELL\\Downloads\\MARKOUB PROJECT\\MARKOUB\\backend\\vendor\\laravel\\framework\\src\\Illuminate\\Database\\Connection.php(1267): Illuminate\\Database\\Connection->getPdo()
#7 C:\\Users\\DELL\\Downloads\\MARKOUB PROJECT\\MARKOUB\\backend\\vendor\\laravel\\framework\\src\\Illuminate\\Database\\Connection.php(512): Illuminate\\Database\\Connection->getReadPdo()
#8 C:\\Users\\DELL\\Downloads\\MARKOUB PROJECT\\MARKOUB\\backend\\vendor\\laravel\\framework\\src\\Illuminate\\Database\\Connection.php(407): Illuminate\\Database\\Connection->getPdoForSelect(true)
#9 C:\\Users\\DELL\\Downloads\\MARKOUB PROJECT\\MARKOUB\\backend\\vendor\\laravel\\framework\\src\\Illuminate\\Database\\Connection.php(812): Illuminate\\Database\\Connection->Illuminate\\Database\\{closure}('select count(*)...', Array)
#10 C:\\Users\\DELL\\Downloads\\MARKOUB PROJECT\\MARKOUB\\backend\\vendor\\laravel\\framework\\src\\Illuminate\\Database\\Connection.php(779): Illuminate\\Database\\Connection->runQueryCallback('select count(*)...', Array, Object(Closure))
#11 C:\\Users\\DELL\\Downloads\\MARKOUB PROJECT\\MARKOUB\\backend\\vendor\\laravel\\framework\\src\\Illuminate\\Database\\Connection.php(398): Illuminate\\Database\\Connection->run('select count(*)...', Array, Object(Closure))
#12 C:\\Users\\DELL\\Downloads\\MARKOUB PROJECT\\MARKOUB\\backend\\vendor\\laravel\\framework\\src\\Illuminate\\Database\\Query\\Builder.php(3106): Illuminate\\Database\\Connection->select('select count(*)...', Array, true)
#13 C:\\Users\\DELL\\Downloads\\MARKOUB PROJECT\\MARKOUB\\backend\\vendor\\laravel\\framework\\src\\Illuminate\\Database\\Query\\Builder.php(3091): Illuminate\\Database\\Query\\Builder->runSelect()
#14 C:\\Users\\DELL\\Downloads\\MARKOUB PROJECT\\MARKOUB\\backend\\vendor\\laravel\\framework\\src\\Illuminate\\Database\\Query\\Builder.php(3676): Illuminate\\Database\\Query\\Builder->Illuminate\\Database\\Query\\{closure}()
#15 C:\\Users\\DELL\\Downloads\\MARKOUB PROJECT\\MARKOUB\\backend\\vendor\\laravel\\framework\\src\\Illuminate\\Database\\Query\\Builder.php(3090): Illuminate\\Database\\Query\\Builder->onceWithColumns(Array, Object(Closure))
#16 C:\\Users\\DELL\\Downloads\\MARKOUB PROJECT\\MARKOUB\\backend\\vendor\\laravel\\framework\\src\\Illuminate\\Database\\Query\\Builder.php(3285): Illuminate\\Database\\Query\\Builder->get()
#17 C:\\Users\\DELL\\Downloads\\MARKOUB PROJECT\\MARKOUB\\backend\\vendor\\laravel\\framework\\src\\Illuminate\\Database\\Query\\Builder.php(3244): Illuminate\\Database\\Query\\Builder->runPaginationCountQuery(Array)
#18 C:\\Users\\DELL\\Downloads\\MARKOUB PROJECT\\MARKOUB\\backend\\vendor\\laravel\\framework\\src\\Illuminate\\Database\\Eloquent\\Builder.php(1029): Illuminate\\Database\\Query\\Builder->getCountForPagination()
#19 C:\\Users\\DELL\\Downloads\\MARKOUB PROJECT\\MARKOUB\\backend\\app\\Http\\Controllers\\Api\\V1\\RideController.php(83): Illuminate\\Database\\Eloquent\\Builder->paginate(15)
#20 C:\\Users\\DELL\\Downloads\\MARKOUB PROJECT\\MARKOUB\\backend\\vendor\\laravel\\framework\\src\\Illuminate\\Routing\\ControllerDispatcher.php(47): App\\Http\\Controllers\\Api\\V1\\RideController->index(Object(Illuminate\\Http\\Request))
#21 C:\\Users\\DELL\\Downloads\\MARKOUB PROJECT\\MARKOUB\\backend\\vendor\\laravel\\framework\\src\\Illuminate\\Routing\\Route.php(266): Illuminate\\Routing\\ControllerDispatcher->dispatch(Object(Illuminate\\Routing\\Route), Object(App\\Http\\Controllers\\Api\\V1\\RideController), 'index')
#22 C:\\Users\\DELL\\Downloads\\MARKOUB PROJECT\\MARKOUB\\backend\\vendor\\laravel\\framework\\src\\Illuminate\\Routing\\Route.php(212): Illuminate\\Routing\\Route->runController()
#23 C:\\Users\\DELL\\Downloads\\MARKOUB PROJECT\\MARKOUB\\backend\\vendor\\laravel\\framework\\src\\Illuminate\\Routing\\Router.php(808): Illuminate\\Routing\\Route->run()
#24 C:\\Users\\DELL\\Downloads\\MARKOUB PROJECT\\MARKOUB\\backend\\vendor\\laravel\\framework\\src\\Illuminate\\Pipeline\\Pipeline.php(170): Illuminate\\Routing\\Router->Illuminate\\Routing\\{closure}(Object(Illuminate\\Http\\Request))
#25 C:\\Users\\DELL\\Downloads\\MARKOUB PROJECT\\MARKOUB\\backend\\vendor\\laravel\\framework\\src\\Illuminate\\Routing\\Middleware\\SubstituteBindings.php(51): Illuminate\\Pipeline\\Pipeline->Illuminate\\Pipeline\\{closure}(Object(Illuminate\\Http\\Request))
#26 C:\\Users\\DELL\\Downloads\\MARKOUB PROJECT\\MARKOUB\\backend\\vendor\\laravel\\framework\\src\\Illuminate\\Pipeline\\Pipeline.php(209): Illuminate\\Routing\\Middleware\\SubstituteBindings->handle(Object(Illuminate\\Http\\Request), Object(Closure))
#27 C:\\Users\\DELL\\Downloads\\MARKOUB PROJECT\\MARKOUB\\backend\\vendor\\laravel\\framework\\src\\Illuminate\\Http\\Middleware\\HandleCors.php(62): Illuminate\\Pipeline\\Pipeline->Illuminate\\Pipeline\\{closure}(Object(Illuminate\\Http\\Request))
#28 C:\\Users\\DELL\\Downloads\\MARKOUB PROJECT\\MARKOUB\\backend\\vendor\\laravel\\framework\\src\\Illuminate\\Pipeline\\Pipeline.php(209): Illuminate\\Http\\Middleware\\HandleCors->handle(Object(Illuminate\\Http\\Request), Object(Closure))
#29 C:\\Users\\DELL\\Downloads\\MARKOUB PROJECT\\MARKOUB\\backend\\vendor\\laravel\\framework\\src\\Illuminate\\Pipeline\\Pipeline.php(127): Illuminate\\Pipeline\\Pipeline->Illuminate\\Pipeline\\{closure}(Object(Illuminate\\Http\\Request))
#30 C:\\Users\\DELL\\Downloads\\MARKOUB PROJECT\\MARKOUB\\backend\\vendor\\laravel\\framework\\src\\Illuminate\\Routing\\Router.php(807): Illuminate\\Pipeline\\Pipeline->then(Object(Closure))
#31 C:\\Users\\DELL\\Downloads\\MARKOUB PROJECT\\MARKOUB\\backend\\vendor\\laravel\\framework\\src\\Illuminate\\Routing\\Router.php(786): Illuminate\\Routing\\Router->runRouteWithinStack(Object(Illuminate\\Routing\\Route), Object(Illuminate\\Http\\Request))
#32 C:\\Users\\DELL\\Downloads\\MARKOUB PROJECT\\MARKOUB\\backend\\vendor\\laravel\\framework\\src\\Illuminate\\Routing\\Router.php(750): Illuminate\\Routing\\Router->runRoute(Object(Illuminate\\Http\\Request), Object(Illuminate\\Routing\\Route))
#33 C:\\Users\\DELL\\Downloads\\MARKOUB PROJECT\\MARKOUB\\backend\\vendor\\laravel\\framework\\src\\Illuminate\\Routing\\Router.php(739): Illuminate\\Routing\\Router->dispatchToRoute(Object(Illuminate\\Http\\Request))
#34 C:\\Users\\DELL\\Downloads\\MARKOUB PROJECT\\MARKOUB\\backend\\vendor\\laravel\\framework\\src\\Illuminate\\Foundation\\Http\\Kernel.php(201): Illuminate\\Routing\\Router->dispatch(Object(Illuminate\\Http\\Request))
#35 C:\\Users\\DELL\\Downloads\\MARKOUB PROJECT\\MARKOUB\\backend\\vendor\\laravel\\framework\\src\\Illuminate\\Pipeline\\Pipeline.php(170): Illuminate\\Foundation\\Http\\Kernel->Illuminate\\Foundation\\Http\\{closure}(Object(Illuminate\\Http\\Request))
#36 C:\\Users\\DELL\\Downloads\\MARKOUB PROJECT\\MARKOUB\\backend\\vendor\\laravel\\framework\\src\\Illuminate\\Foundation\\Http\\Middleware\\TransformsRequest.php(21): Illuminate\\Pipeline\\Pipeline->Illuminate\\Pipeline\\{closure}(Object(Illuminate\\Http\\Request))
#37 C:\\Users\\DELL\\Downloads\\MARKOUB PROJECT\\MARKOUB\\backend\\vendor\\laravel\\framework\\src\\Illuminate\\Foundation\\Http\\Middleware\\ConvertEmptyStringsToNull.php(31): Illuminate\\Foundation\\Http\\Middleware\\TransformsRequest->handle(Object(Illuminate\\Http\\Request), Object(Closure))
#38 C:\\Users\\DELL\\Downloads\\MARKOUB PROJECT\\MARKOUB\\backend\\vendor\\laravel\\framework\\src\\Illuminate\\Pipeline\\Pipeline.php(209): Illuminate\\Foundation\\Http\\Middleware\\ConvertEmptyStringsToNull->handle(Object(Illuminate\\Http\\Request), Object(Closure))
#39 C:\\Users\\DELL\\Downloads\\MARKOUB PROJECT\\MARKOUB\\backend\\vendor\\laravel\\framework\\src\\Illuminate\\Foundation\\Http\\Middleware\\TransformsRequest.php(21): Illuminate\\Pipeline\\Pipeline->Illuminate\\Pipeline\\{closure}(Object(Illuminate\\Http\\Request))
#40 C:\\Users\\DELL\\Downloads\\MARKOUB PROJECT\\MARKOUB\\backend\\vendor\\laravel\\framework\\src\\Illuminate\\Foundation\\Http\\Middleware\\TrimStrings.php(51): Illuminate\\Foundation\\Http\\Middleware\\TransformsRequest->handle(Object(Illuminate\\Http\\Request), Object(Closure))
#41 C:\\Users\\DELL\\Downloads\\MARKOUB PROJECT\\MARKOUB\\backend\\vendor\\laravel\\framework\\src\\Illuminate\\Pipeline\\Pipeline.php(209): Illuminate\\Foundation\\Http\\Middleware\\TrimStrings->handle(Object(Illuminate\\Http\\Request), Object(Closure))
#42 C:\\Users\\DELL\\Downloads\\MARKOUB PROJECT\\MARKOUB\\backend\\vendor\\laravel\\framework\\src\\Illuminate\\Http\\Middleware\\ValidatePostSize.php(27): Illuminate\\Pipeline\\Pipeline->Illuminate\\Pipeline\\{closure}(Object(Illuminate\\Http\\Request))
#43 C:\\Users\\DELL\\Downloads\\MARKOUB PROJECT\\MARKOUB\\backend\\vendor\\laravel\\framework\\src\\Illuminate\\Pipeline\\Pipeline.php(209): Illuminate\\Http\\Middleware\\ValidatePostSize->handle(Object(Illuminate\\Http\\Request), Object(Closure))
#44 C:\\Users\\DELL\\Downloads\\MARKOUB PROJECT\\MARKOUB\\backend\\vendor\\laravel\\framework\\src\\Illuminate\\Foundation\\Http\\Middleware\\PreventRequestsDuringMaintenance.php(110): Illuminate\\Pipeline\\Pipeline->Illuminate\\Pipeline\\{closure}(Object(Illuminate\\Http\\Request))
#45 C:\\Users\\DELL\\Downloads\\MARKOUB PROJECT\\MARKOUB\\backend\\vendor\\laravel\\framework\\src\\Illuminate\\Pipeline\\Pipeline.php(209): Illuminate\\Foundation\\Http\\Middleware\\PreventRequestsDuringMaintenance->handle(Object(Illuminate\\Http\\Request), Object(Closure))
#46 C:\\Users\\DELL\\Downloads\\MARKOUB PROJECT\\MARKOUB\\backend\\vendor\\laravel\\framework\\src\\Illuminate\\Http\\Middleware\\HandleCors.php(62): Illuminate\\Pipeline\\Pipeline->Illuminate\\Pipeline\\{closure}(Object(Illuminate\\Http\\Request))
#47 C:\\Users\\DELL\\Downloads\\MARKOUB PROJECT\\MARKOUB\\backend\\vendor\\laravel\\framework\\src\\Illuminate\\Pipeline\\Pipeline.php(209): Illuminate\\Http\\Middleware\\HandleCors->handle(Object(Illuminate\\Http\\Request), Object(Closure))
#48 C:\\Users\\DELL\\Downloads\\MARKOUB PROJECT\\MARKOUB\\backend\\vendor\\laravel\\framework\\src\\Illuminate\\Http\\Middleware\\TrustProxies.php(58): Illuminate\\Pipeline\\Pipeline->Illuminate\\Pipeline\\{closure}(Object(Illuminate\\Http\\Request))
#49 C:\\Users\\DELL\\Downloads\\MARKOUB PROJECT\\MARKOUB\\backend\\vendor\\laravel\\framework\\src\\Illuminate\\Pipeline\\Pipeline.php(209): Illuminate\\Http\\Middleware\\TrustProxies->handle(Object(Illuminate\\Http\\Request), Object(Closure))
#50 C:\\Users\\DELL\\Downloads\\MARKOUB PROJECT\\MARKOUB\\backend\\vendor\\laravel\\framework\\src\\Illuminate\\Foundation\\Http\\Middleware\\InvokeDeferredCallbacks.php(22): Illuminate\\Pipeline\\Pipeline->Illuminate\\Pipeline\\{closure}(Object(Illuminate\\Http\\Request))
#51 C:\\Users\\DELL\\Downloads\\MARKOUB PROJECT\\MARKOUB\\backend\\vendor\\laravel\\framework\\src\\Illuminate\\Pipeline\\Pipeline.php(209): Illuminate\\Foundation\\Http\\Middleware\\InvokeDeferredCallbacks->handle(Object(Illuminate\\Http\\Request), Object(Closure))
#52 C:\\Users\\DELL\\Downloads\\MARKOUB PROJECT\\MARKOUB\\backend\\vendor\\laravel\\framework\\src\\Illuminate\\Pipeline\\Pipeline.php(127): Illuminate\\Pipeline\\Pipeline->Illuminate\\Pipeline\\{closure}(Object(Illuminate\\Http\\Request))
#53 C:\\Users\\DELL\\Downloads\\MARKOUB PROJECT\\MARKOUB\\backend\\vendor\\laravel\\framework\\src\\Illuminate\\Foundation\\Http\\Kernel.php(176): Illuminate\\Pipeline\\Pipeline->then(Object(Closure))
#54 C:\\Users\\DELL\\Downloads\\MARKOUB PROJECT\\MARKOUB\\backend\\vendor\\laravel\\framework\\src\\Illuminate\\Foundation\\Http\\Kernel.php(145): Illuminate\\Foundation\\Http\\Kernel->sendRequestThroughRouter(Object(Illuminate\\Http\\Request))
#55 C:\\Users\\DELL\\Downloads\\MARKOUB PROJECT\\MARKOUB\\backend\\vendor\\laravel\\framework\\src\\Illuminate\\Foundation\\Application.php(1220): Illuminate\\Foundation\\Http\\Kernel->handle(Object(Illuminate\\Http\\Request))
#56 C:\\Users\\DELL\\Downloads\\MARKOUB PROJECT\\MARKOUB\\backend\\public\\index.php(17): Illuminate\\Foundation\\Application->handleRequest(Object(Illuminate\\Http\\Request))
#57 C:\\Users\\DELL\\Downloads\\MARKOUB PROJECT\\MARKOUB\\backend\\vendor\\laravel\\framework\\src\\Illuminate\\Foundation\\resources\\server.php(23): require_once('C:\\\\Users\\\\DELL\\\\D...')
#58 {main}
"} 
[2025-11-02 11:29:50] local.ERROR: SQLSTATE[HY000] [2002] Aucune connexion n’a pu être établie car l’ordinateur cible l’a expressément refusée (Connection: mysql, SQL: select * from `users` where `email` = admin@markoub.com limit 1) {"exception":"[object] (Illuminate\\Database\\QueryException(code: 2002): SQLSTATE[HY000] [2002] Aucune connexion n’a pu être établie car l’ordinateur cible l’a expressément refusée (Connection: mysql, SQL: select * from `users` where `email` = admin@markoub.com limit 1) at C:\\Users\\DELL\\Downloads\\MARKOUB PROJECT\\MARKOUB\\backend\\vendor\\laravel\\framework\\src\\Illuminate\\Database\\Connection.php:825)
[stacktrace]
#0 C:\\Users\\DELL\\Downloads\\MARKOUB PROJECT\\MARKOUB\\backend\\vendor\\laravel\\framework\\src\\Illuminate\\Database\\Connection.php(779): Illuminate\\Database\\Connection->runQueryCallback('select * from `...', Array, Object(Closure))
#1 C:\\Users\\DELL\\Downloads\\MARKOUB PROJECT\\MARKOUB\\backend\\vendor\\laravel\\framework\\src\\Illuminate\\Database\\Connection.php(398): Illuminate\\Database\\Connection->run('select * from `...', Array, Object(Closure))
#2 C:\\Users\\DELL\\Downloads\\MARKOUB PROJECT\\MARKOUB\\backend\\vendor\\laravel\\framework\\src\\Illuminate\\Database\\Query\\Builder.php(3106): Illuminate\\Database\\Connection->select('select * from `...', Array, true)
#3 C:\\Users\\DELL\\Downloads\\MARKOUB PROJECT\\MARKOUB\\backend\\vendor\\laravel\\framework\\src\\Illuminate\\Database\\Query\\Builder.php(3091): Illuminate\\Database\\Query\\Builder->runSelect()
#4 C:\\Users\\DELL\\Downloads\\MARKOUB PROJECT\\MARKOUB\\backend\\vendor\\laravel\\framework\\src\\Illuminate\\Database\\Query\\Builder.php(3676): Illuminate\\Database\\Query\\Builder->Illuminate\\Database\\Query\\{closure}()
#5 C:\\Users\\DELL\\Downloads\\MARKOUB PROJECT\\MARKOUB\\backend\\vendor\\laravel\\framework\\src\\Illuminate\\Database\\Query\\Builder.php(3090): Illuminate\\Database\\Query\\Builder->onceWithColumns(Array, Object(Closure))
#6 C:\\Users\\DELL\\Downloads\\MARKOUB PROJECT\\MARKOUB\\backend\\vendor\\laravel\\framework\\src\\Illuminate\\Database\\Eloquent\\Builder.php(811): Illuminate\\Database\\Query\\Builder->get(Array)
#7 C:\\Users\\DELL\\Downloads\\MARKOUB PROJECT\\MARKOUB\\backend\\vendor\\laravel\\framework\\src\\Illuminate\\Database\\Eloquent\\Builder.php(793): Illuminate\\Database\\Eloquent\\Builder->getModels(Array)
#8 C:\\Users\\DELL\\Downloads\\MARKOUB PROJECT\\MARKOUB\\backend\\vendor\\laravel\\framework\\src\\Illuminate\\Database\\Concerns\\BuildsQueries.php(343): Illuminate\\Database\\Eloquent\\Builder->get(Array)
#9 C:\\Users\\DELL\\Downloads\\MARKOUB PROJECT\\MARKOUB\\backend\\vendor\\laravel\\framework\\src\\Illuminate\\Auth\\EloquentUserProvider.php(139): Illuminate\\Database\\Eloquent\\Builder->first()
#10 C:\\Users\\DELL\\Downloads\\MARKOUB PROJECT\\MARKOUB\\backend\\vendor\\tymon\\jwt-auth\\src\\JWTGuard.php(121): Illuminate\\Auth\\EloquentUserProvider->retrieveByCredentials(Object(SensitiveParameterValue))
#11 C:\\Users\\DELL\\Downloads\\MARKOUB PROJECT\\MARKOUB\\backend\\app\\Http\\Controllers\\Api\\V1\\AuthController.php(99): Tymon\\JWTAuth\\JWTGuard->attempt(Array)
#12 C:\\Users\\DELL\\Downloads\\MARKOUB PROJECT\\MARKOUB\\backend\\vendor\\laravel\\framework\\src\\Illuminate\\Routing\\ControllerDispatcher.php(47): App\\Http\\Controllers\\Api\\V1\\AuthController->login(Object(App\\Http\\Requests\\LoginRequest))
#13 C:\\Users\\DELL\\Downloads\\MARKOUB PROJECT\\MARKOUB\\backend\\vendor\\laravel\\framework\\src\\Illuminate\\Routing\\Route.php(266): Illuminate\\Routing\\ControllerDispatcher->dispatch(Object(Illuminate\\Routing\\Route), Object(App\\Http\\Controllers\\Api\\V1\\AuthController), 'login')
#14 C:\\Users\\DELL\\Downloads\\MARKOUB PROJECT\\MARKOUB\\backend\\vendor\\laravel\\framework\\src\\Illuminate\\Routing\\Route.php(212): Illuminate\\Routing\\Route->runController()
#15 C:\\Users\\DELL\\Downloads\\MARKOUB PROJECT\\MARKOUB\\backend\\vendor\\laravel\\framework\\src\\Illuminate\\Routing\\Router.php(808): Illuminate\\Routing\\Route->run()
#16 C:\\Users\\DELL\\Downloads\\MARKOUB PROJECT\\MARKOUB\\backend\\vendor\\laravel\\framework\\src\\Illuminate\\Pipeline\\Pipeline.php(170): Illuminate\\Routing\\Router->Illuminate\\Routing\\{closure}(Object(Illuminate\\Http\\Request))
#17 C:\\Users\\DELL\\Downloads\\MARKOUB PROJECT\\MARKOUB\\backend\\vendor\\laravel\\framework\\src\\Illuminate\\Routing\\Middleware\\SubstituteBindings.php(51): Illuminate\\Pipeline\\Pipeline->Illuminate\\Pipeline\\{closure}(Object(Illuminate\\Http\\Request))
#18 C:\\Users\\DELL\\Downloads\\MARKOUB PROJECT\\MARKOUB\\backend\\vendor\\laravel\\framework\\src\\Illuminate\\Pipeline\\Pipeline.php(209): Illuminate\\Routing\\Middleware\\SubstituteBindings->handle(Object(Illuminate\\Http\\Request), Object(Closure))
#19 C:\\Users\\DELL\\Downloads\\MARKOUB PROJECT\\MARKOUB\\backend\\vendor\\laravel\\framework\\src\\Illuminate\\Http\\Middleware\\HandleCors.php(62): Illuminate\\Pipeline\\Pipeline->Illuminate\\Pipeline\\{closure}(Object(Illuminate\\Http\\Request))
#20 C:\\Users\\DELL\\Downloads\\MARKOUB PROJECT\\MARKOUB\\backend\\vendor\\laravel\\framework\\src\\Illuminate\\Pipeline\\Pipeline.php(209): Illuminate\\Http\\Middleware\\HandleCors->handle(Object(Illuminate\\Http\\Request), Object(Closure))
#21 C:\\Users\\DELL\\Downloads\\MARKOUB PROJECT\\MARKOUB\\backend\\vendor\\laravel\\framework\\src\\Illuminate\\Pipeline\\Pipeline.php(127): Illuminate\\Pipeline\\Pipeline->Illuminate\\Pipeline\\{closure}(Object(Illuminate\\Http\\Request))
#22 C:\\Users\\DELL\\Downloads\\MARKOUB PROJECT\\MARKOUB\\backend\\vendor\\laravel\\framework\\src\\Illuminate\\Routing\\Router.php(807): Illuminate\\Pipeline\\Pipeline->then(Object(Closure))
#23 C:\\Users\\DELL\\Downloads\\MARKOUB PROJECT\\MARKOUB\\backend\\vendor\\laravel\\framework\\src\\Illuminate\\Routing\\Router.php(786): Illuminate\\Routing\\Router->runRouteWithinStack(Object(Illuminate\\Routing\\Route), Object(Illuminate\\Http\\Request))
#24 C:\\Users\\DELL\\Downloads\\MARKOUB PROJECT\\MARKOUB\\backend\\vendor\\laravel\\framework\\src\\Illuminate\\Routing\\Router.php(750): Illuminate\\Routing\\Router->runRoute(Object(Illuminate\\Http\\Request), Object(Illuminate\\Routing\\Route))
#25 C:\\Users\\DELL\\Downloads\\MARKOUB PROJECT\\MARKOUB\\backend\\vendor\\laravel\\framework\\src\\Illuminate\\Routing\\Router.php(739): Illuminate\\Routing\\Router->dispatchToRoute(Object(Illuminate\\Http\\Request))
#26 C:\\Users\\DELL\\Downloads\\MARKOUB PROJECT\\MARKOUB\\backend\\vendor\\laravel\\framework\\src\\Illuminate\\Foundation\\Http\\Kernel.php(201): Illuminate\\Routing\\Router->dispatch(Object(Illuminate\\Http\\Request))
#27 C:\\Users\\DELL\\Downloads\\MARKOUB PROJECT\\MARKOUB\\backend\\vendor\\laravel\\framework\\src\\Illuminate\\Pipeline\\Pipeline.php(170): Illuminate\\Foundation\\Http\\Kernel->Illuminate\\Foundation\\Http\\{closure}(Object(Illuminate\\Http\\Request))
#28 C:\\Users\\DELL\\Downloads\\MARKOUB PROJECT\\MARKOUB\\backend\\vendor\\laravel\\framework\\src\\Illuminate\\Foundation\\Http\\Middleware\\TransformsRequest.php(21): Illuminate\\Pipeline\\Pipeline->Illuminate\\Pipeline\\{closure}(Object(Illuminate\\Http\\Request))
#29 C:\\Users\\DELL\\Downloads\\MARKOUB PROJECT\\MARKOUB\\backend\\vendor\\laravel\\framework\\src\\Illuminate\\Foundation\\Http\\Middleware\\ConvertEmptyStringsToNull.php(31): Illuminate\\Foundation\\Http\\Middleware\\TransformsRequest->handle(Object(Illuminate\\Http\\Request), Object(Closure))
#30 C:\\Users\\DELL\\Downloads\\MARKOUB PROJECT\\MARKOUB\\backend\\vendor\\laravel\\framework\\src\\Illuminate\\Pipeline\\Pipeline.php(209): Illuminate\\Foundation\\Http\\Middleware\\ConvertEmptyStringsToNull->handle(Object(Illuminate\\Http\\Request), Object(Closure))
#31 C:\\Users\\DELL\\Downloads\\MARKOUB PROJECT\\MARKOUB\\backend\\vendor\\laravel\\framework\\src\\Illuminate\\Foundation\\Http\\Middleware\\TransformsRequest.php(21): Illuminate\\Pipeline\\Pipeline->Illuminate\\Pipeline\\{closure}(Object(Illuminate\\Http\\Request))
#32 C:\\Users\\DELL\\Downloads\\MARKOUB PROJECT\\MARKOUB\\backend\\vendor\\laravel\\framework\\src\\Illuminate\\Foundation\\Http\\Middleware\\TrimStrings.php(51): Illuminate\\Foundation\\Http\\Middleware\\TransformsRequest->handle(Object(Illuminate\\Http\\Request), Object(Closure))
#33 C:\\Users\\DELL\\Downloads\\MARKOUB PROJECT\\MARKOUB\\backend\\vendor\\laravel\\framework\\src\\Illuminate\\Pipeline\\Pipeline.php(209): Illuminate\\Foundation\\Http\\Middleware\\TrimStrings->handle(Object(Illuminate\\Http\\Request), Object(Closure))
#34 C:\\Users\\DELL\\Downloads\\MARKOUB PROJECT\\MARKOUB\\backend\\vendor\\laravel\\framework\\src\\Illuminate\\Http\\Middleware\\ValidatePostSize.php(27): Illuminate\\Pipeline\\Pipeline->Illuminate\\Pipeline\\{closure}(Object(Illuminate\\Http\\Request))
#35 C:\\Users\\DELL\\Downloads\\MARKOUB PROJECT\\MARKOUB\\backend\\vendor\\laravel\\framework\\src\\Illuminate\\Pipeline\\Pipeline.php(209): Illuminate\\Http\\Middleware\\ValidatePostSize->handle(Object(Illuminate\\Http\\Request), Object(Closure))
#36 C:\\Users\\DELL\\Downloads\\MARKOUB PROJECT\\MARKOUB\\backend\\vendor\\laravel\\framework\\src\\Illuminate\\Foundation\\Http\\Middleware\\PreventRequestsDuringMaintenance.php(110): Illuminate\\Pipeline\\Pipeline->Illuminate\\Pipeline\\{closure}(Object(Illuminate\\Http\\Request))
#37 C:\\Users\\DELL\\Downloads\\MARKOUB PROJECT\\MARKOUB\\backend\\vendor\\laravel\\framework\\src\\Illuminate\\Pipeline\\Pipeline.php(209): Illuminate\\Foundation\\Http\\Middleware\\PreventRequestsDuringMaintenance->handle(Object(Illuminate\\Http\\Request), Object(Closure))
#38 C:\\Users\\DELL\\Downloads\\MARKOUB PROJECT\\MARKOUB\\backend\\vendor\\laravel\\framework\\src\\Illuminate\\Http\\Middleware\\HandleCors.php(62): Illuminate\\Pipeline\\Pipeline->Illuminate\\Pipeline\\{closure}(Object(Illuminate\\Http\\Request))
#39 C:\\Users\\DELL\\Downloads\\MARKOUB PROJECT\\MARKOUB\\backend\\vendor\\laravel\\framework\\src\\Illuminate\\Pipeline\\Pipeline.php(209): Illuminate\\Http\\Middleware\\HandleCors->handle(Object(Illuminate\\Http\\Request), Object(Closure))
#40 C:\\Users\\DELL\\Downloads\\MARKOUB PROJECT\\MARKOUB\\backend\\vendor\\laravel\\framework\\src\\Illuminate\\Http\\Middleware\\TrustProxies.php(58): Illuminate\\Pipeline\\Pipeline->Illuminate\\Pipeline\\{closure}(Object(Illuminate\\Http\\Request))
#41 C:\\Users\\DELL\\Downloads\\MARKOUB PROJECT\\MARKOUB\\backend\\vendor\\laravel\\framework\\src\\Illuminate\\Pipeline\\Pipeline.php(209): Illuminate\\Http\\Middleware\\TrustProxies->handle(Object(Illuminate\\Http\\Request), Object(Closure))
#42 C:\\Users\\DELL\\Downloads\\MARKOUB PROJECT\\MARKOUB\\backend\\vendor\\laravel\\framework\\src\\Illuminate\\Foundation\\Http\\Middleware\\InvokeDeferredCallbacks.php(22): Illuminate\\Pipeline\\Pipeline->Illuminate\\Pipeline\\{closure}(Object(Illuminate\\Http\\Request))
#43 C:\\Users\\DELL\\Downloads\\MARKOUB PROJECT\\MARKOUB\\backend\\vendor\\laravel\\framework\\src\\Illuminate\\Pipeline\\Pipeline.php(209): Illuminate\\Foundation\\Http\\Middleware\\InvokeDeferredCallbacks->handle(Object(Illuminate\\Http\\Request), Object(Closure))
#44 C:\\Users\\DELL\\Downloads\\MARKOUB PROJECT\\MARKOUB\\backend\\vendor\\laravel\\framework\\src\\Illuminate\\Pipeline\\Pipeline.php(127): Illuminate\\Pipeline\\Pipeline->Illuminate\\Pipeline\\{closure}(Object(Illuminate\\Http\\Request))
#45 C:\\Users\\DELL\\Downloads\\MARKOUB PROJECT\\MARKOUB\\backend\\vendor\\laravel\\framework\\src\\Illuminate\\Foundation\\Http\\Kernel.php(176): Illuminate\\Pipeline\\Pipeline->then(Object(Closure))
#46 C:\\Users\\DELL\\Downloads\\MARKOUB PROJECT\\MARKOUB\\backend\\vendor\\laravel\\framework\\src\\Illuminate\\Foundation\\Http\\Kernel.php(145): Illuminate\\Foundation\\Http\\Kernel->sendRequestThroughRouter(Object(Illuminate\\Http\\Request))
#47 C:\\Users\\DELL\\Downloads\\MARKOUB PROJECT\\MARKOUB\\backend\\vendor\\laravel\\framework\\src\\Illuminate\\Foundation\\Application.php(1220): Illuminate\\Foundation\\Http\\Kernel->handle(Object(Illuminate\\Http\\Request))
#48 C:\\Users\\DELL\\Downloads\\MARKOUB PROJECT\\MARKOUB\\backend\\public\\index.php(17): Illuminate\\Foundation\\Application->handleRequest(Object(Illuminate\\Http\\Request))
#49 C:\\Users\\DELL\\Downloads\\MARKOUB PROJECT\\MARKOUB\\backend\\vendor\\laravel\\framework\\src\\Illuminate\\Foundation\\resources\\server.php(23): require_once('C:\\\\Users\\\\DELL\\\\D...')
#50 {main}

[previous exception] [object] (PDOException(code: 2002): SQLSTATE[HY000] [2002] Aucune connexion n’a pu être établie car l’ordinateur cible l’a expressément refusée at C:\\Users\\DELL\\Downloads\\MARKOUB PROJECT\\MARKOUB\\backend\\vendor\\laravel\\framework\\src\\Illuminate\\Database\\Connectors\\Connector.php:66)
[stacktrace]
#0 C:\\Users\\DELL\\Downloads\\MARKOUB PROJECT\\MARKOUB\\backend\\vendor\\laravel\\framework\\src\\Illuminate\\Database\\Connectors\\Connector.php(66): PDO->__construct('mysql:host=127....', 'root', Object(SensitiveParameterValue), Array)
#1 C:\\Users\\DELL\\Downloads\\MARKOUB PROJECT\\MARKOUB\\backend\\vendor\\laravel\\framework\\src\\Illuminate\\Database\\Connectors\\Connector.php(44): Illuminate\\Database\\Connectors\\Connector->createPdoConnection('mysql:host=127....', 'root', Object(SensitiveParameterValue), Array)
#2 C:\\Users\\DELL\\Downloads\\MARKOUB PROJECT\\MARKOUB\\backend\\vendor\\laravel\\framework\\src\\Illuminate\\Database\\Connectors\\MySqlConnector.php(24): Illuminate\\Database\\Connectors\\Connector->createConnection('mysql:host=127....', Array, Array)
#3 C:\\Users\\DELL\\Downloads\\MARKOUB PROJECT\\MARKOUB\\backend\\vendor\\laravel\\framework\\src\\Illuminate\\Database\\Connectors\\ConnectionFactory.php(185): Illuminate\\Database\\Connectors\\MySqlConnector->connect(Array)
#4 [internal function]: Illuminate\\Database\\Connectors\\ConnectionFactory->Illuminate\\Database\\Connectors\\{closure}()
#5 C:\\Users\\DELL\\Downloads\\MARKOUB PROJECT\\MARKOUB\\backend\\vendor\\laravel\\framework\\src\\Illuminate\\Database\\Connection.php(1231): call_user_func(Object(Closure))
#6 C:\\Users\\DELL\\Downloads\\MARKOUB PROJECT\\MARKOUB\\backend\\vendor\\laravel\\framework\\src\\Illuminate\\Database\\Connection.php(1267): Illuminate\\Database\\Connection->getPdo()
#7 C:\\Users\\DELL\\Downloads\\MARKOUB PROJECT\\MARKOUB\\backend\\vendor\\laravel\\framework\\src\\Illuminate\\Database\\Connection.php(512): Illuminate\\Database\\Connection->getReadPdo()
#8 C:\\Users\\DELL\\Downloads\\MARKOUB PROJECT\\MARKOUB\\backend\\vendor\\laravel\\framework\\src\\Illuminate\\Database\\Connection.php(407): Illuminate\\Database\\Connection->getPdoForSelect(true)
#9 C:\\Users\\DELL\\Downloads\\MARKOUB PROJECT\\MARKOUB\\backend\\vendor\\laravel\\framework\\src\\Illuminate\\Database\\Connection.php(812): Illuminate\\Database\\Connection->Illuminate\\Database\\{closure}('select * from `...', Array)
#10 C:\\Users\\DELL\\Downloads\\MARKOUB PROJECT\\MARKOUB\\backend\\vendor\\laravel\\framework\\src\\Illuminate\\Database\\Connection.php(779): Illuminate\\Database\\Connection->runQueryCallback('select * from `...', Array, Object(Closure))
#11 C:\\Users\\DELL\\Downloads\\MARKOUB PROJECT\\MARKOUB\\backend\\vendor\\laravel\\framework\\src\\Illuminate\\Database\\Connection.php(398): Illuminate\\Database\\Connection->run('select * from `...', Array, Object(Closure))
#12 C:\\Users\\DELL\\Downloads\\MARKOUB PROJECT\\MARKOUB\\backend\\vendor\\laravel\\framework\\src\\Illuminate\\Database\\Query\\Builder.php(3106): Illuminate\\Database\\Connection->select('select * from `...', Array, true)
#13 C:\\Users\\DELL\\Downloads\\MARKOUB PROJECT\\MARKOUB\\backend\\vendor\\laravel\\framework\\src\\Illuminate\\Database\\Query\\Builder.php(3091): Illuminate\\Database\\Query\\Builder->runSelect()
#14 C:\\Users\\DELL\\Downloads\\MARKOUB PROJECT\\MARKOUB\\backend\\vendor\\laravel\\framework\\src\\Illuminate\\Database\\Query\\Builder.php(3676): Illuminate\\Database\\Query\\Builder->Illuminate\\Database\\Query\\{closure}()
#15 C:\\Users\\DELL\\Downloads\\MARKOUB PROJECT\\MARKOUB\\backend\\vendor\\laravel\\framework\\src\\Illuminate\\Database\\Query\\Builder.php(3090): Illuminate\\Database\\Query\\Builder->onceWithColumns(Array, Object(Closure))
#16 C:\\Users\\DELL\\Downloads\\MARKOUB PROJECT\\MARKOUB\\backend\\vendor\\laravel\\framework\\src\\Illuminate\\Database\\Eloquent\\Builder.php(811): Illuminate\\Database\\Query\\Builder->get(Array)
#17 C:\\Users\\DELL\\Downloads\\MARKOUB PROJECT\\MARKOUB\\backend\\vendor\\laravel\\framework\\src\\Illuminate\\Database\\Eloquent\\Builder.php(793): Illuminate\\Database\\Eloquent\\Builder->getModels(Array)
#18 C:\\Users\\DELL\\Downloads\\MARKOUB PROJECT\\MARKOUB\\backend\\vendor\\laravel\\framework\\src\\Illuminate\\Database\\Concerns\\BuildsQueries.php(343): Illuminate\\Database\\Eloquent\\Builder->get(Array)
#19 C:\\Users\\DELL\\Downloads\\MARKOUB PROJECT\\MARKOUB\\backend\\vendor\\laravel\\framework\\src\\Illuminate\\Auth\\EloquentUserProvider.php(139): Illuminate\\Database\\Eloquent\\Builder->first()
#20 C:\\Users\\DELL\\Downloads\\MARKOUB PROJECT\\MARKOUB\\backend\\vendor\\tymon\\jwt-auth\\src\\JWTGuard.php(121): Illuminate\\Auth\\EloquentUserProvider->retrieveByCredentials(Object(SensitiveParameterValue))
#21 C:\\Users\\DELL\\Downloads\\MARKOUB PROJECT\\MARKOUB\\backend\\app\\Http\\Controllers\\Api\\V1\\AuthController.php(99): Tymon\\JWTAuth\\JWTGuard->attempt(Array)
#22 C:\\Users\\DELL\\Downloads\\MARKOUB PROJECT\\MARKOUB\\backend\\vendor\\laravel\\framework\\src\\Illuminate\\Routing\\ControllerDispatcher.php(47): App\\Http\\Controllers\\Api\\V1\\AuthController->login(Object(App\\Http\\Requests\\LoginRequest))
#23 C:\\Users\\DELL\\Downloads\\MARKOUB PROJECT\\MARKOUB\\backend\\vendor\\laravel\\framework\\src\\Illuminate\\Routing\\Route.php(266): Illuminate\\Routing\\ControllerDispatcher->dispatch(Object(Illuminate\\Routing\\Route), Object(App\\Http\\Controllers\\Api\\V1\\AuthController), 'login')
#24 C:\\Users\\DELL\\Downloads\\MARKOUB PROJECT\\MARKOUB\\backend\\vendor\\laravel\\framework\\src\\Illuminate\\Routing\\Route.php(212): Illuminate\\Routing\\Route->runController()
#25 C:\\Users\\DELL\\Downloads\\MARKOUB PROJECT\\MARKOUB\\backend\\vendor\\laravel\\framework\\src\\Illuminate\\Routing\\Router.php(808): Illuminate\\Routing\\Route->run()
#26 C:\\Users\\DELL\\Downloads\\MARKOUB PROJECT\\MARKOUB\\backend\\vendor\\laravel\\framework\\src\\Illuminate\\Pipeline\\Pipeline.php(170): Illuminate\\Routing\\Router->Illuminate\\Routing\\{closure}(Object(Illuminate\\Http\\Request))
#27 C:\\Users\\DELL\\Downloads\\MARKOUB PROJECT\\MARKOUB\\backend\\vendor\\laravel\\framework\\src\\Illuminate\\Routing\\Middleware\\SubstituteBindings.php(51): Illuminate\\Pipeline\\Pipeline->Illuminate\\Pipeline\\{closure}(Object(Illuminate\\Http\\Request))
#28 C:\\Users\\DELL\\Downloads\\MARKOUB PROJECT\\MARKOUB\\backend\\vendor\\laravel\\framework\\src\\Illuminate\\Pipeline\\Pipeline.php(209): Illuminate\\Routing\\Middleware\\SubstituteBindings->handle(Object(Illuminate\\Http\\Request), Object(Closure))
#29 C:\\Users\\DELL\\Downloads\\MARKOUB PROJECT\\MARKOUB\\backend\\vendor\\laravel\\framework\\src\\Illuminate\\Http\\Middleware\\HandleCors.php(62): Illuminate\\Pipeline\\Pipeline->Illuminate\\Pipeline\\{closure}(Object(Illuminate\\Http\\Request))
#30 C:\\Users\\DELL\\Downloads\\MARKOUB PROJECT\\MARKOUB\\backend\\vendor\\laravel\\framework\\src\\Illuminate\\Pipeline\\Pipeline.php(209): Illuminate\\Http\\Middleware\\HandleCors->handle(Object(Illuminate\\Http\\Request), Object(Closure))
#31 C:\\Users\\DELL\\Downloads\\MARKOUB PROJECT\\MARKOUB\\backend\\vendor\\laravel\\framework\\src\\Illuminate\\Pipeline\\Pipeline.php(127): Illuminate\\Pipeline\\Pipeline->Illuminate\\Pipeline\\{closure}(Object(Illuminate\\Http\\Request))
#32 C:\\Users\\DELL\\Downloads\\MARKOUB PROJECT\\MARKOUB\\backend\\vendor\\laravel\\framework\\src\\Illuminate\\Routing\\Router.php(807): Illuminate\\Pipeline\\Pipeline->then(Object(Closure))
#33 C:\\Users\\DELL\\Downloads\\MARKOUB PROJECT\\MARKOUB\\backend\\vendor\\laravel\\framework\\src\\Illuminate\\Routing\\Router.php(786): Illuminate\\Routing\\Router->runRouteWithinStack(Object(Illuminate\\Routing\\Route), Object(Illuminate\\Http\\Request))
#34 C:\\Users\\DELL\\Downloads\\MARKOUB PROJECT\\MARKOUB\\backend\\vendor\\laravel\\framework\\src\\Illuminate\\Routing\\Router.php(750): Illuminate\\Routing\\Router->runRoute(Object(Illuminate\\Http\\Request), Object(Illuminate\\Routing\\Route))
#35 C:\\Users\\DELL\\Downloads\\MARKOUB PROJECT\\MARKOUB\\backend\\vendor\\laravel\\framework\\src\\Illuminate\\Routing\\Router.php(739): Illuminate\\Routing\\Router->dispatchToRoute(Object(Illuminate\\Http\\Request))
#36 C:\\Users\\DELL\\Downloads\\MARKOUB PROJECT\\MARKOUB\\backend\\vendor\\laravel\\framework\\src\\Illuminate\\Foundation\\Http\\Kernel.php(201): Illuminate\\Routing\\Router->dispatch(Object(Illuminate\\Http\\Request))
#37 C:\\Users\\DELL\\Downloads\\MARKOUB PROJECT\\MARKOUB\\backend\\vendor\\laravel\\framework\\src\\Illuminate\\Pipeline\\Pipeline.php(170): Illuminate\\Foundation\\Http\\Kernel->Illuminate\\Foundation\\Http\\{closure}(Object(Illuminate\\Http\\Request))
#38 C:\\Users\\DELL\\Downloads\\MARKOUB PROJECT\\MARKOUB\\backend\\vendor\\laravel\\framework\\src\\Illuminate\\Foundation\\Http\\Middleware\\TransformsRequest.php(21): Illuminate\\Pipeline\\Pipeline->Illuminate\\Pipeline\\{closure}(Object(Illuminate\\Http\\Request))
#39 C:\\Users\\DELL\\Downloads\\MARKOUB PROJECT\\MARKOUB\\backend\\vendor\\laravel\\framework\\src\\Illuminate\\Foundation\\Http\\Middleware\\ConvertEmptyStringsToNull.php(31): Illuminate\\Foundation\\Http\\Middleware\\TransformsRequest->handle(Object(Illuminate\\Http\\Request), Object(Closure))
#40 C:\\Users\\DELL\\Downloads\\MARKOUB PROJECT\\MARKOUB\\backend\\vendor\\laravel\\framework\\src\\Illuminate\\Pipeline\\Pipeline.php(209): Illuminate\\Foundation\\Http\\Middleware\\ConvertEmptyStringsToNull->handle(Object(Illuminate\\Http\\Request), Object(Closure))
#41 C:\\Users\\DELL\\Downloads\\MARKOUB PROJECT\\MARKOUB\\backend\\vendor\\laravel\\framework\\src\\Illuminate\\Foundation\\Http\\Middleware\\TransformsRequest.php(21): Illuminate\\Pipeline\\Pipeline->Illuminate\\Pipeline\\{closure}(Object(Illuminate\\Http\\Request))
#42 C:\\Users\\DELL\\Downloads\\MARKOUB PROJECT\\MARKOUB\\backend\\vendor\\laravel\\framework\\src\\Illuminate\\Foundation\\Http\\Middleware\\TrimStrings.php(51): Illuminate\\Foundation\\Http\\Middleware\\TransformsRequest->handle(Object(Illuminate\\Http\\Request), Object(Closure))
#43 C:\\Users\\DELL\\Downloads\\MARKOUB PROJECT\\MARKOUB\\backend\\vendor\\laravel\\framework\\src\\Illuminate\\Pipeline\\Pipeline.php(209): Illuminate\\Foundation\\Http\\Middleware\\TrimStrings->handle(Object(Illuminate\\Http\\Request), Object(Closure))
#44 C:\\Users\\DELL\\Downloads\\MARKOUB PROJECT\\MARKOUB\\backend\\vendor\\laravel\\framework\\src\\Illuminate\\Http\\Middleware\\ValidatePostSize.php(27): Illuminate\\Pipeline\\Pipeline->Illuminate\\Pipeline\\{closure}(Object(Illuminate\\Http\\Request))
#45 C:\\Users\\DELL\\Downloads\\MARKOUB PROJECT\\MARKOUB\\backend\\vendor\\laravel\\framework\\src\\Illuminate\\Pipeline\\Pipeline.php(209): Illuminate\\Http\\Middleware\\ValidatePostSize->handle(Object(Illuminate\\Http\\Request), Object(Closure))
#46 C:\\Users\\DELL\\Downloads\\MARKOUB PROJECT\\MARKOUB\\backend\\vendor\\laravel\\framework\\src\\Illuminate\\Foundation\\Http\\Middleware\\PreventRequestsDuringMaintenance.php(110): Illuminate\\Pipeline\\Pipeline->Illuminate\\Pipeline\\{closure}(Object(Illuminate\\Http\\Request))
#47 C:\\Users\\DELL\\Downloads\\MARKOUB PROJECT\\MARKOUB\\backend\\vendor\\laravel\\framework\\src\\Illuminate\\Pipeline\\Pipeline.php(209): Illuminate\\Foundation\\Http\\Middleware\\PreventRequestsDuringMaintenance->handle(Object(Illuminate\\Http\\Request), Object(Closure))
#48 C:\\Users\\DELL\\Downloads\\MARKOUB PROJECT\\MARKOUB\\backend\\vendor\\laravel\\framework\\src\\Illuminate\\Http\\Middleware\\HandleCors.php(62): Illuminate\\Pipeline\\Pipeline->Illuminate\\Pipeline\\{closure}(Object(Illuminate\\Http\\Request))
#49 C:\\Users\\DELL\\Downloads\\MARKOUB PROJECT\\MARKOUB\\backend\\vendor\\laravel\\framework\\src\\Illuminate\\Pipeline\\Pipeline.php(209): Illuminate\\Http\\Middleware\\HandleCors->handle(Object(Illuminate\\Http\\Request), Object(Closure))
#50 C:\\Users\\DELL\\Downloads\\MARKOUB PROJECT\\MARKOUB\\backend\\vendor\\laravel\\framework\\src\\Illuminate\\Http\\Middleware\\TrustProxies.php(58): Illuminate\\Pipeline\\Pipeline->Illuminate\\Pipeline\\{closure}(Object(Illuminate\\Http\\Request))
#51 C:\\Users\\DELL\\Downloads\\MARKOUB PROJECT\\MARKOUB\\backend\\vendor\\laravel\\framework\\src\\Illuminate\\Pipeline\\Pipeline.php(209): Illuminate\\Http\\Middleware\\TrustProxies->handle(Object(Illuminate\\Http\\Request), Object(Closure))
#52 C:\\Users\\DELL\\Downloads\\MARKOUB PROJECT\\MARKOUB\\backend\\vendor\\laravel\\framework\\src\\Illuminate\\Foundation\\Http\\Middleware\\InvokeDeferredCallbacks.php(22): Illuminate\\Pipeline\\Pipeline->Illuminate\\Pipeline\\{closure}(Object(Illuminate\\Http\\Request))
#53 C:\\Users\\DELL\\Downloads\\MARKOUB PROJECT\\MARKOUB\\backend\\vendor\\laravel\\framework\\src\\Illuminate\\Pipeline\\Pipeline.php(209): Illuminate\\Foundation\\Http\\Middleware\\InvokeDeferredCallbacks->handle(Object(Illuminate\\Http\\Request), Object(Closure))
#54 C:\\Users\\DELL\\Downloads\\MARKOUB PROJECT\\MARKOUB\\backend\\vendor\\laravel\\framework\\src\\Illuminate\\Pipeline\\Pipeline.php(127): Illuminate\\Pipeline\\Pipeline->Illuminate\\Pipeline\\{closure}(Object(Illuminate\\Http\\Request))
#55 C:\\Users\\DELL\\Downloads\\MARKOUB PROJECT\\MARKOUB\\backend\\vendor\\laravel\\framework\\src\\Illuminate\\Foundation\\Http\\Kernel.php(176): Illuminate\\Pipeline\\Pipeline->then(Object(Closure))
#56 C:\\Users\\DELL\\Downloads\\MARKOUB PROJECT\\MARKOUB\\backend\\vendor\\laravel\\framework\\src\\Illuminate\\Foundation\\Http\\Kernel.php(145): Illuminate\\Foundation\\Http\\Kernel->sendRequestThroughRouter(Object(Illuminate\\Http\\Request))
#57 C:\\Users\\DELL\\Downloads\\MARKOUB PROJECT\\MARKOUB\\backend\\vendor\\laravel\\framework\\src\\Illuminate\\Foundation\\Application.php(1220): Illuminate\\Foundation\\Http\\Kernel->handle(Object(Illuminate\\Http\\Request))
#58 C:\\Users\\DELL\\Downloads\\MARKOUB PROJECT\\MARKOUB\\backend\\public\\index.php(17): Illuminate\\Foundation\\Application->handleRequest(Object(Illuminate\\Http\\Request))
#59 C:\\Users\\DELL\\Downloads\\MARKOUB PROJECT\\MARKOUB\\backend\\vendor\\laravel\\framework\\src\\Illuminate\\Foundation\\resources\\server.php(23): require_once('C:\\\\Users\\\\DELL\\\\D...')
#60 {main}
"} 
